date,bank_funding_spread
2001-01-03,-0.8999999999999995
2001-01-10,-1.1600000000000001
2001-01-17,-1.25
2001-01-24,-1.2199999999999998
2001-01-31,-1.1700000000000004
2001-02-07,-1.1999999999999997
2001-02-14,-1.3199999999999998
2001-02-21,-1.15
2001-02-28,-1.06
2001-03-07,-0.9200000000000004
2001-03-14,-1.1500000000000004
2001-03-21,-0.96
2001-03-28,-1.3399999999999994
2001-04-04,-1.3399999999999994
2001-04-11,-1.3599999999999999
2001-04-18,-1.2399999999999998
2001-04-25,-1.27
2001-05-02,-1.3299999999999996
2001-05-09,-1.2599999999999998
2001-05-16,-1.2999999999999998
2001-05-23,-1.4900000000000002
2001-05-30,-1.4699999999999998
2001-06-06,-1.2799999999999998
2001-06-13,-1.23
2001-06-20,-1.0800000000000005
2001-06-27,-1.2899999999999996
2001-07-04,-1.4199999999999995
2001-07-11,-1.2799999999999998
2001-07-18,-1.15
2001-07-25,-1.1
2001-08-01,-1.2899999999999996
2001-08-08,-1.19
2001-08-15,-1.4499999999999997
2001-08-22,-1.3399999999999994
2001-08-29,-1.1599999999999997
2001-09-05,-1.13
2001-09-12,-0.8799999999999999
2001-09-19,-1.13
2001-09-26,-1.0900000000000003
2001-10-03,-1.02
2001-10-10,-1.24
2001-10-17,-1.2300000000000002
2001-10-24,-1.01
2001-10-31,-0.8699999999999999
2001-11-07,-0.6700000000000002
2001-11-14,-1.09
2001-11-21,-1.1300000000000001
2001-11-28,-1.25
2001-12-05,-1.2400000000000002
2001-12-12,-1.0299999999999998
2001-12-19,-1.0499999999999998
2001-12-26,-0.9700000000000002
2002-01-02,-0.9700000000000002
2002-01-09,-0.96
2002-01-16,-1.07
2002-01-23,-1.3699999999999997
2002-01-30,-1.5099999999999998
2002-02-06,-1.22
2002-02-13,-1.36
2002-02-20,-1.3100000000000003
2002-02-27,-1.39
2002-03-06,-1.4800000000000002
2002-03-13,-1.86
2002-03-20,-2.0
2002-03-27,-2.24
2002-04-03,-1.7999999999999998
2002-04-10,-1.8399999999999999
2002-04-17,-1.77
2002-04-24,-1.8399999999999999
2002-05-01,-1.79
2002-05-08,-1.7200000000000002
2002-05-15,-1.94
2002-05-22,-1.92
2002-05-29,-1.9300000000000002
2002-06-05,-1.9300000000000002
2002-06-12,-1.94
2002-06-19,-1.44
2002-06-26,-1.3200000000000003
2002-07-03,-1.35
2002-07-10,-1.3900000000000001
2002-07-17,-1.3200000000000003
2002-07-24,-1.12
2002-07-31,-1.19
2002-08-07,-0.94
2002-08-14,-1.1100000000000003
2002-08-21,-1.25
2002-08-28,-1.3900000000000001
2002-09-04,-1.12
2002-09-11,-1.37
2002-09-18,-1.31
2002-09-25,-1.2400000000000002
2002-10-02,-1.12
2002-10-09,-1.19
2002-10-16,-1.25
2002-10-23,-1.2200000000000002
2002-10-30,-1.08
2002-11-06,-1.0100000000000002
2002-11-13,-1.0100000000000002
2002-11-20,-1.0700000000000003
2002-11-27,-1.12
2002-12-04,-1.12
2002-12-11,-1.0900000000000003
2002-12-18,-1.08
2002-12-25,-1.0300000000000002
2003-01-01,-0.98
2003-01-08,-1.0100000000000002
2003-01-15,-1.1600000000000001
2003-01-22,-1.2800000000000002
2003-01-29,-1.4100000000000001
2003-02-05,-1.4
2003-02-12,-1.2600000000000002
2003-02-19,-1.3400000000000003
2003-02-26,-1.4300000000000002
2003-03-05,-1.5100000000000002
2003-03-12,-1.58
2003-03-19,-1.7000000000000002
2003-03-26,-1.75
2003-04-02,-1.71
2003-04-09,-1.7000000000000002
2003-04-16,-1.6800000000000002
2003-04-23,-1.6800000000000002
2003-04-30,-1.62
2003-05-07,-1.5700000000000003
2003-05-14,-1.5700000000000003
2003-05-21,-1.5
2003-05-28,-1.3000000000000003
2003-06-04,-1.2600000000000002
2003-06-11,-1.13
2003-06-18,-0.98
2003-06-25,-0.94
2003-07-02,-1.18
2003-07-09,-1.2699999999999998
2003-07-16,-1.07
2003-07-23,-0.8899999999999999
2003-07-30,-1.1
2003-08-06,-1.19
2003-08-13,-1.2600000000000002
2003-08-20,-1.1800000000000002
2003-08-27,-1.2800000000000002
2003-09-03,-1.3000000000000003
2003-09-10,-1.1100000000000003
2003-09-17,-1.1400000000000001
2003-09-24,-1.0
2003-10-01,-1.0399999999999998
2003-10-08,-1.22
2003-10-15,-1.3499999999999999
2003-10-22,-1.3299999999999998
2003-10-29,-1.28
2003-11-05,-1.4400000000000002
2003-11-12,-1.53
2003-11-19,-1.4800000000000002
2003-11-26,-1.3800000000000001
2003-12-03,-1.3699999999999999
2003-12-10,-1.34
2003-12-17,-1.22
2003-12-24,-1.22
2003-12-31,-1.1900000000000002
2004-01-07,-1.0999999999999999
2004-01-14,-1.0200000000000002
2004-01-21,-0.9099999999999999
2004-01-28,-1.11
2004-02-04,-1.14
2004-02-11,-1.0000000000000002
2004-02-18,-1.0400000000000003
2004-02-25,-0.99
2004-03-03,-1.16
2004-03-10,-1.19
2004-03-17,-1.0899999999999999
2004-03-24,-1.06
2004-03-31,-1.0699999999999998
2004-04-07,-1.21
2004-04-14,-1.27
2004-04-21,-1.31
2004-04-28,-1.31
2004-05-05,-1.2199999999999998
2004-05-12,-1.4
2004-05-19,-1.4100000000000001
2004-05-26,-1.37
2004-06-02,-1.4499999999999997
2004-06-09,-1.4700000000000002
2004-06-16,-1.4400000000000002
2004-06-23,-1.4200000000000002
2004-06-30,-1.3299999999999998
2004-07-07,-1.2
2004-07-14,-1.4600000000000002
2004-07-21,-1.47
2004-07-28,-1.5400000000000003
2004-08-04,-1.39
2004-08-11,-1.5299999999999998
2004-08-18,-1.5899999999999999
2004-08-25,-1.69
2004-09-01,-1.7000000000000002
2004-09-08,-1.9
2004-09-15,-1.62
2004-09-22,-1.6099999999999999
2004-09-29,-1.63
2004-10-06,-1.73
2004-10-13,-1.4700000000000002
2004-10-20,-1.42
2004-10-27,-1.5100000000000002
2004-11-03,-1.6
2004-11-10,-1.53
2004-11-17,-1.43
2004-11-24,-1.3800000000000001
2004-12-01,-1.22
2004-12-08,-1.2400000000000002
2004-12-15,-1.2
2004-12-22,-1.28
2004-12-29,-1.3299999999999998
2005-01-05,-1.3100000000000003
2005-01-12,-1.3499999999999999
2005-01-19,-1.2500000000000002
2005-01-26,-1.18
2005-02-02,-1.2500000000000002
2005-02-09,-1.28
2005-02-16,-1.32
2005-02-23,-1.34
2005-03-02,-1.36
2005-03-09,-1.3499999999999999
2005-03-16,-1.4800000000000002
2005-03-23,-1.64
2005-03-30,-1.4100000000000001
2005-04-06,-1.3400000000000003
2005-04-13,-1.23
2005-04-20,-1.2400000000000002
2005-04-27,-1.3399999999999999
2005-05-04,-1.3199999999999998
2005-05-11,-1.35
2005-05-18,-1.3199999999999998
2005-05-25,-1.33
2005-06-01,-1.2800000000000002
2005-06-08,-1.2800000000000002
2005-06-15,-1.4100000000000001
2005-06-22,-1.3400000000000003
2005-06-29,-1.4600000000000002
2005-07-06,-1.5799999999999998
2005-07-13,-1.7100000000000002
2005-07-20,-1.6700000000000002
2005-07-27,-1.68
2005-08-03,-1.6900000000000002
2005-08-10,-1.8099999999999998
2005-08-17,-1.8
2005-08-24,-1.8299999999999998
2005-08-31,-1.66
2005-09-07,-1.72
2005-09-14,-1.7699999999999998
2005-09-21,-1.8099999999999998
2005-09-28,-1.9600000000000002
2005-10-05,-2.01
2005-10-12,-1.77
2005-10-19,-1.8599999999999999
2005-10-26,-1.7499999999999998
2005-11-02,-1.7899999999999998
2005-11-09,-1.75
2005-11-16,-1.8200000000000003
2005-11-23,-1.6800000000000002
2005-11-30,-1.77
2005-12-07,-1.7800000000000002
2005-12-14,-1.83
2005-12-21,-1.83
2005-12-28,-1.8400000000000003
2006-01-04,-1.7600000000000002
2006-01-11,-1.85
2006-01-18,-1.81
2006-01-25,-1.83
2006-02-01,-1.48
2006-02-08,-1.56
2006-02-15,-1.35
2006-02-22,-1.37
2006-03-01,-1.3899999999999997
2006-03-08,-1.3000000000000003
2006-03-15,-1.3000000000000003
2006-03-22,-1.37
2006-03-29,-1.4299999999999997
2006-04-05,-1.46
2006-04-12,-1.5600000000000005
2006-04-19,-1.5300000000000002
2006-04-26,-1.6100000000000003
2006-05-03,-1.2799999999999998
2006-05-10,-1.2899999999999996
2006-05-17,-1.2600000000000002
2006-05-24,-1.2600000000000002
2006-05-31,-1.25
2006-06-07,-1.2400000000000002
2006-06-14,-1.3499999999999996
2006-06-21,-1.4000000000000004
2006-06-28,-1.5
2006-07-05,-1.4699999999999998
2006-07-12,-1.2999999999999998
2006-07-19,-1.29
2006-07-26,-1.2699999999999996
2006-08-02,-1.2199999999999998
2006-08-09,-1.21
2006-08-16,-1.2000000000000002
2006-08-23,-1.2899999999999996
2006-08-30,-1.2899999999999996
2006-09-06,-1.2600000000000002
2006-09-13,-1.2399999999999998
2006-09-20,-1.23
2006-09-27,-1.2199999999999998
2006-10-04,-1.2400000000000002
2006-10-11,-1.3100000000000005
2006-10-18,-1.3100000000000005
2006-10-25,-1.3399999999999999
2006-11-01,-1.2400000000000002
2006-11-08,-1.2800000000000002
2006-11-15,-1.4
2006-11-22,-1.3599999999999999
2006-11-29,-1.3400000000000003
2006-12-06,-1.2500000000000004
2006-12-13,-1.4499999999999997
2006-12-20,-1.4599999999999995
2006-12-27,-1.4700000000000002
2007-01-03,-1.4599999999999995
2007-01-10,-1.4999999999999996
2007-01-17,-1.5500000000000003
2007-01-24,-1.5399999999999996
2007-01-31,-1.5299999999999998
2007-02-07,-1.2200000000000002
2007-02-14,-1.2200000000000002
2007-02-21,-1.27
2007-02-28,-1.2100000000000004
2007-03-07,-1.2599999999999998
2007-03-14,-1.2800000000000002
2007-03-21,-1.33
2007-03-28,-1.3499999999999996
2007-04-04,-1.38
2007-04-11,-1.4399999999999995
2007-04-18,-1.46
2007-04-25,-1.4799999999999995
2007-05-02,-1.4799999999999995
2007-05-09,-1.4799999999999995
2007-05-16,-1.3900000000000001
2007-05-23,-1.4
2007-05-30,-1.5799999999999996
2007-06-06,-1.6
2007-06-13,-1.6500000000000004
2007-06-20,-1.6100000000000003
2007-06-27,-1.6000000000000005
2007-07-04,-1.5899999999999999
2007-07-11,-1.4300000000000002
2007-07-18,-1.4
2007-07-25,-1.5100000000000002
2007-08-01,-1.4500000000000006
2007-08-08,-1.5299999999999998
2007-08-15,-1.15
2007-08-22,-0.9599999999999995
2007-08-29,-1.17
2007-09-05,-1.2400000000000002
2007-09-12,-1.2199999999999998
2007-09-19,-1.2000000000000002
2007-09-26,-1.1600000000000001
2007-10-03,-1.1000000000000005
2007-10-10,-1.3100000000000005
2007-10-17,-1.2599999999999998
2007-10-24,-1.1500000000000004
2007-10-31,-1.2000000000000002
2007-11-07,-1.1100000000000003
2007-11-14,-1.1100000000000003
2007-11-21,-0.94
2007-11-28,-1.0700000000000003
2007-12-05,-0.96
2007-12-12,-1.2899999999999996
2007-12-19,-1.25
2007-12-26,-1.13
2008-01-02,-0.8999999999999999
2008-01-09,-0.8200000000000003
2008-01-16,-0.6299999999999999
2008-01-23,-0.75
2008-01-30,-0.77
2008-02-06,-0.8200000000000003
2008-02-13,-0.8400000000000003
2008-02-20,-0.8500000000000001
2008-02-27,-0.8000000000000003
2008-03-05,-0.6699999999999999
2008-03-12,-0.46999999999999975
2008-03-19,-0.19999999999999973
2008-03-26,-0.6199999999999999
2008-04-02,-0.8299999999999998
2008-04-09,-0.78
2008-04-16,-0.8899999999999999
2008-04-23,-0.7900000000000003
2008-04-30,-0.76
2008-05-07,-0.76
2008-05-14,-0.8
2008-05-21,-0.78
2008-05-28,-0.95
2008-06-04,-0.7500000000000002
2008-06-11,-1.34
2008-06-18,-1.1
2008-06-25,-1.1100000000000003
2008-07-02,-1.02
2008-07-09,-0.9900000000000002
2008-07-16,-0.8500000000000001
2008-07-23,-0.9500000000000002
2008-07-30,-0.8200000000000003
2008-08-06,-0.69
2008-08-13,-0.5800000000000001
2008-08-20,-0.5700000000000003
2008-08-27,-0.5500000000000003
2008-09-03,-0.5500000000000003
2008-09-10,-0.56
2008-09-17,-0.3400000000000003
2008-09-24,-0.5100000000000002
2008-10-01,-0.43000000000000016
2008-10-08,0.42999999999999994
2008-10-15,0.040000000000000036
2008-10-22,0.030000000000000027
2008-10-29,-0.2699999999999998
2008-11-05,-0.07000000000000006
2008-11-12,-0.050000000000000044
2008-11-19,-0.020000000000000018
2008-11-26,0.16999999999999993
2008-12-03,0.3500000000000001
2008-12-10,0.07999999999999985
2008-12-17,0.14000000000000012
2008-12-24,0.19000000000000006
2008-12-31,0.2300000000000001
2009-01-07,0.19000000000000006
2009-01-14,0.3700000000000001
2009-01-21,0.19000000000000006
2009-01-28,0.050000000000000044
2009-02-04,0.050000000000000044
2009-02-11,0.06000000000000005
2009-02-18,0.010000000000000009
2009-02-25,0.07999999999999996
2009-03-04,0.08999999999999997
2009-03-11,0.15000000000000002
2009-03-18,-0.07999999999999996
2009-03-25,-0.22999999999999998
2009-04-01,-0.20999999999999996
2009-04-08,-0.26
2009-04-15,-0.28
2009-04-22,-0.08999999999999997
2009-04-29,-0.15999999999999998
2009-05-06,-0.13999999999999996
2009-05-13,-0.14999999999999997
2009-05-20,-0.15999999999999998
2009-05-27,-0.20999999999999996
2009-06-03,-0.21999999999999997
2009-06-10,-0.32999999999999996
2009-06-17,-0.28
2009-06-24,-0.27
2009-07-01,-0.22999999999999998
2009-07-08,-0.27
2009-07-15,-0.30999999999999994
2009-07-22,-0.29999999999999993
2009-07-29,-0.30999999999999994
2009-08-05,-0.38
2009-08-12,-0.2899999999999999
2009-08-19,-0.2899999999999999
2009-08-26,-0.25
2009-09-02,-0.27
2009-09-09,-0.26
2009-09-16,-0.21999999999999997
2009-09-23,-0.20999999999999996
2009-09-30,-0.2899999999999999
2009-10-07,-0.26
2009-10-14,-0.4
2009-10-21,-0.29999999999999993
2009-10-28,-0.31999999999999995
2009-11-04,-0.28
2009-11-11,-0.26
2009-11-18,-0.21999999999999997
2009-11-25,-0.19999999999999996
2009-12-02,-0.19999999999999996
2009-12-09,-0.25
2009-12-16,-0.28
2009-12-23,-0.38
2009-12-30,-0.39
2010-01-06,-0.37
2010-01-13,-0.31999999999999995
2010-01-20,-0.2899999999999999
2010-01-27,-0.28
2010-02-03,-0.26
2010-02-10,-0.28
2010-02-17,-0.33999999999999997
2010-02-24,-0.33999999999999997
2010-03-03,-0.4099999999999999
2010-03-10,-0.41999999999999993
2010-03-17,-0.5
2010-03-24,-0.59
2010-03-31,-0.6799999999999999
2010-04-07,-0.7
2010-04-14,-0.8400000000000001
2010-04-21,-1.02
2010-04-28,-0.54
2010-05-05,-0.4900000000000001
2010-05-12,-0.63
2010-05-19,-0.4800000000000001
2010-05-26,-0.39
2010-06-02,-0.4999999999999999
2010-06-09,-0.5599999999999999
2010-06-16,-0.21999999999999997
2010-06-23,-0.2899999999999999
2010-06-30,-0.13
2010-07-07,-0.16000000000000003
2010-07-14,-0.5499999999999999
2010-07-21,-0.4800000000000001
2010-07-28,-0.5399999999999999
2010-08-04,-0.5499999999999999
2010-08-11,-0.44000000000000006
2010-08-18,-0.4700000000000001
2010-08-25,-0.35
2010-09-01,-0.28
2010-09-08,-0.43999999999999995
2010-09-15,-0.67
2010-09-22,-0.64
2010-09-29,-0.64
2010-10-06,-0.58
2010-10-13,-0.59
2010-10-20,-0.5299999999999999
2010-10-27,-0.58
2010-11-03,-0.5599999999999999
2010-11-10,-0.64
2010-11-17,-0.63
2010-11-24,-0.7599999999999999
2010-12-01,-0.7499999999999999
2010-12-08,-0.7100000000000001
2010-12-15,-0.7400000000000001
2010-12-22,-0.2100000000000002
2010-12-29,-0.22999999999999998
2011-01-05,-0.29000000000000004
2011-01-12,-0.25
2011-01-19,-0.2200000000000002
2011-01-26,-0.18000000000000016
2011-02-02,-0.18000000000000016
2011-02-09,-0.2100000000000002
2011-02-16,-0.30000000000000004
2011-02-23,-0.2100000000000002
2011-03-02,-0.2200000000000002
2011-03-09,-0.25
2011-03-16,-0.09000000000000008
2011-03-23,-0.14000000000000012
2011-03-30,-0.20000000000000018
2011-04-06,-0.26
2011-04-13,-0.26
2011-04-20,-0.29000000000000004
2011-04-27,-0.28
2011-05-04,-0.20000000000000018
2011-05-11,-0.22999999999999998
2011-05-18,-0.17000000000000015
2011-05-25,-0.1200000000000001
2011-06-01,-0.24
2011-06-08,-0.24
2011-06-15,-0.24
2011-06-22,-0.21999999999999997
2011-06-29,-0.22999999999999998
2011-07-06,-0.25
2011-07-13,-0.19999999999999996
2011-07-20,-0.30000000000000004
2011-07-27,-0.27
2011-08-03,-0.15999999999999992
2011-08-10,0.1499999999999999
2011-08-17,-0.30000000000000004
2011-08-24,-0.29000000000000004
2011-08-31,-0.33999999999999997
2011-09-07,-0.27
2011-09-14,-0.29000000000000004
2011-09-21,-0.26
2011-09-28,-0.25
2011-10-05,-0.19999999999999996
2011-10-12,0.050000000000000044
2011-10-19,0.06000000000000005
2011-10-26,0.040000000000000036
2011-11-02,0.08999999999999997
2011-11-09,0.12
2011-11-16,0.13
2011-11-23,0.14
2011-11-30,0.07999999999999996
2011-12-07,0.12
2011-12-14,0.14
2011-12-21,0.10999999999999999
2011-12-28,0.22999999999999987
2012-01-04,0.17999999999999994
2012-01-11,0.19999999999999996
2012-01-18,0.17999999999999994
2012-01-25,0.16999999999999993
2012-02-01,0.16999999999999993
2012-02-08,0.1399999999999999
2012-02-15,0.1299999999999999
2012-02-22,0.10999999999999988
2012-02-29,0.09999999999999987
2012-03-07,0.09999999999999987
2012-03-14,0.04999999999999982
2012-03-21,0.039999999999999813
2012-03-28,0.06999999999999984
2012-04-04,0.05999999999999983
2012-04-11,0.04999999999999982
2012-04-18,-0.040000000000000036
2012-04-25,-0.17000000000000015
2012-05-02,-0.45999999999999996
2012-05-09,0.28
2012-05-16,0.24
2012-05-23,0.3699999999999999
2012-05-30,-0.24
2012-06-06,0.29000000000000004
2012-06-13,0.30000000000000004
2012-06-20,0.28
2012-06-27,0.3400000000000001
2012-07-04,0.31000000000000005
2012-07-11,0.3600000000000001
2012-07-18,-0.17999999999999994
2012-07-25,-0.18999999999999995
2012-08-01,-0.29000000000000004
2012-08-08,-0.33000000000000007
2012-08-15,-0.3899999999999999
2012-08-22,-0.3400000000000001
2012-08-29,-0.3599999999999999
2012-09-05,-0.3400000000000001
2012-09-12,-0.3799999999999999
2012-09-19,-0.3599999999999999
2012-09-26,-0.31000000000000005
2012-10-03,-0.28
2012-10-10,-0.3400000000000001
2012-10-17,-0.29000000000000004
2012-10-24,-0.31000000000000005
2012-10-31,-0.28
2012-11-07,-0.28
2012-11-14,-0.28
2012-11-21,-0.29000000000000004
2012-11-28,-0.30000000000000004
2012-12-05,-0.27
2012-12-12,-0.28
2012-12-19,-0.32000000000000006
2012-12-26,-0.32000000000000006
2013-01-02,-0.33000000000000007
2013-01-09,-0.32000000000000006
2013-01-16,-0.31000000000000005
2013-01-23,-0.29000000000000004
2013-01-30,-0.30000000000000004
2013-02-06,-0.28
2013-02-13,-0.29000000000000004
2013-02-20,-0.28
2013-02-27,-0.22999999999999998
2013-03-06,-0.21999999999999997
2013-03-13,-0.25
2013-03-20,-0.24
2013-03-27,-0.25
2013-04-03,-0.26
2013-04-10,-0.25
2013-04-17,-0.22999999999999998
2013-04-24,-0.24
2013-05-01,-0.24
2013-05-08,-0.26
2013-05-15,-0.28
2013-05-22,-0.28
2013-05-29,-0.30000000000000004
2013-06-05,-0.30000000000000004
2013-06-12,-0.33000000000000007
2013-06-19,-0.33000000000000007
2013-06-26,-0.34999999999999987
2013-07-03,-0.3400000000000001
2013-07-10,-0.32000000000000006
2013-07-17,-0.31000000000000005
2013-07-24,-0.33000000000000007
2013-07-31,-0.34999999999999987
2013-08-07,-0.33000000000000007
2013-08-14,-0.3400000000000001
2013-08-21,-0.33000000000000007
2013-08-28,-0.33000000000000007
2013-09-04,-0.33000000000000007
2013-09-11,-0.33000000000000007
2013-09-18,-0.31000000000000005
2013-09-25,-0.29000000000000004
2013-10-02,-0.27
2013-10-09,-0.22999999999999998
2013-10-16,-0.24
2013-10-23,-0.20999999999999996
2013-10-30,-0.21999999999999997
2013-11-06,-0.21999999999999997
2013-11-13,-0.24
2013-11-20,-0.24
2013-11-27,-0.21999999999999997
2013-12-04,-0.20999999999999996
2013-12-11,-0.19999999999999996
2013-12-18,-0.19999999999999996
2013-12-25,-0.18999999999999995
2014-01-01,-0.20999999999999996
2014-01-08,-0.19999999999999996
2014-01-15,-0.17999999999999994
2014-01-22,-0.16999999999999993
2014-01-29,-0.15999999999999992
2014-02-05,-0.16999999999999993
2014-02-12,-0.16999999999999993
2014-02-19,-0.16999999999999993
2014-02-26,-0.18999999999999995
2014-03-05,-0.17999999999999994
2014-03-12,0.3600000000000001
2014-03-19,0.3500000000000001
2014-03-26,0.33000000000000007
2014-04-02,0.32000000000000006
2014-04-09,0.31000000000000005
2014-04-16,0.30000000000000004
2014-04-23,0.31000000000000005
2014-04-30,0.30000000000000004
2014-05-07,0.31000000000000005
2014-05-14,0.32000000000000006
2014-05-21,0.31000000000000005
2014-05-28,-0.20999999999999996
2014-06-04,-0.19999999999999996
2014-06-11,-0.19999999999999996
2014-06-18,-0.20999999999999996
2014-06-25,-0.22999999999999998
2014-07-02,-0.22999999999999998
2014-07-09,-0.22999999999999998
2014-07-16,-0.22999999999999998
2014-07-23,-0.24
2014-07-30,0.27
2014-08-06,0.28
2014-08-13,0.28
2014-08-20,0.29000000000000004
2014-08-27,0.29000000000000004
2014-09-03,0.29000000000000004
2014-09-10,0.30000000000000004
2014-09-17,0.29000000000000004
2014-09-24,0.30000000000000004
2014-10-01,0.30000000000000004
2014-10-08,0.32000000000000006
2014-10-15,0.3500000000000001
2014-10-22,0.33000000000000007
2014-10-29,0.32000000000000006
2014-11-05,0.32000000000000006
2014-11-12,0.32000000000000006
2014-11-19,0.32000000000000006
2014-11-26,0.32000000000000006
2014-12-03,0.32000000000000006
2014-12-10,0.32000000000000006
2014-12-17,0.32000000000000006
2014-12-24,0.31000000000000005
2014-12-31,0.31000000000000005
2015-01-07,0.32000000000000006
2015-01-14,0.3500000000000001
2015-01-21,0.7200000000000001
2015-01-28,0.45999999999999996
2015-02-04,0.52
2015-02-11,0.54
2015-02-18,0.33
2015-02-25,0.25
2015-03-04,0.14
2015-03-11,0.16000000000000003
2015-03-18,0.22999999999999998
2015-03-25,0.21999999999999997
2015-04-01,0.19000000000000006
2015-04-08,0.18000000000000005
2015-04-15,0.14
2015-04-22,0.09000000000000008
2015-04-29,0.08000000000000007
2015-05-06,0.06000000000000005
2015-05-13,0.07000000000000006
2015-05-20,0.25
2015-05-27,0.18000000000000005
2015-06-03,0.20999999999999996
2015-06-10,0.19000000000000006
2015-06-17,0.19000000000000006
2015-06-24,0.20999999999999996
2015-07-01,0.27
2015-07-08,0.33999999999999997
2015-07-15,0.41
2015-07-22,0.39999999999999997
2015-07-29,0.38999999999999996
2015-08-05,0.44999999999999996
2015-08-12,0.44
2015-08-19,0.32
2015-08-26,0.33999999999999997
2015-09-02,0.31
2015-09-09,0.26999999999999996
2015-09-16,0.25
2015-09-23,0.25
2015-09-30,0.24
2015-10-07,0.24
2015-10-14,0.25
2015-10-21,0.24
2015-10-28,0.22999999999999998
2015-11-04,0.19999999999999996
2015-11-11,0.31999999999999995
2015-11-18,0.31999999999999995
2015-11-25,0.30999999999999994
2015-12-02,0.29999999999999993
2015-12-09,0.35
2015-12-16,0.32999999999999996
2015-12-23,0.35
2015-12-30,0.33999999999999997
2016-01-06,0.41
2016-01-13,0.5
2016-01-20,0.44
2016-01-27,0.38999999999999996
2016-02-03,0.42
2016-02-10,0.43
2016-02-17,0.38
2016-02-24,0.36
2016-03-02,0.32999999999999996
2016-03-09,0.32999999999999996
2016-03-16,0.31999999999999995
2016-03-23,0.30999999999999994
2016-03-30,0.31999999999999995
2016-04-06,0.29999999999999993
2016-04-13,0.33999999999999997
2016-04-20,0.27
2016-04-27,0.25
2016-05-04,0.27
2016-05-11,0.30999999999999994
2016-05-18,0.26
2016-05-25,0.32999999999999996
2016-06-01,0.25
2016-06-08,0.29999999999999993
2016-06-15,0.32999999999999996
2016-06-22,0.30999999999999994
2016-06-29,0.32999999999999996
2016-07-06,0.33999999999999997
2016-07-13,0.36
2016-07-20,0.28
2016-07-27,0.27
2016-08-03,0.2899999999999999
2016-08-10,0.32999999999999996
2016-08-17,0.29999999999999993
2016-08-24,0.29999999999999993
2016-08-31,0.2899999999999999
2016-09-07,0.2899999999999999
2016-09-14,0.28
2016-09-21,0.28
2016-09-28,0.31999999999999995
2016-10-05,0.2899999999999999
2016-10-12,0.15000000000000002
2016-10-19,0.16999999999999993
2016-10-26,0.17999999999999994
2016-11-02,0.19999999999999996
2016-11-09,0.17999999999999994
2016-11-16,0.15000000000000002
2016-11-23,0.16000000000000003
2016-11-30,0.14
2016-12-07,0.15000000000000002
2016-12-14,0.10999999999999999
2016-12-21,0.10999999999999999
2016-12-28,0.08999999999999997
2017-01-04,0.10999999999999999
2017-01-11,0.09999999999999998
2017-01-18,0.12
2017-01-25,0.10999999999999999
2017-02-01,0.13
2017-02-08,0.13
2017-02-15,0.13
2017-02-22,0.13
2017-03-01,0.13
2017-03-08,0.08999999999999997
2017-03-15,0.08999999999999997
2017-03-22,0.10999999999999999
2017-03-29,0.10999999999999999
2017-04-05,0.07999999999999996
2017-04-12,0.06999999999999995
2017-04-19,0.08999999999999997
2017-04-26,0.08999999999999997
2017-05-03,0.10999999999999999
2017-05-10,0.09999999999999998
2017-05-17,0.13
2017-05-24,0.08999999999999997
2017-05-31,0.07999999999999996
2017-06-07,0.07999999999999996
2017-06-14,-0.040000000000000036
2017-06-21,-0.13
2017-06-28,-0.20999999999999996
2017-07-05,-0.27
2017-07-12,-0.33000000000000007
2017-07-19,-0.33000000000000007
2017-07-26,-0.3999999999999999
2017-08-02,-0.3900000000000001
2017-08-09,-0.4099999999999999
2017-08-16,-0.3900000000000001
2017-08-23,-0.41999999999999993
2017-08-30,-0.41999999999999993
2017-09-06,-0.6300000000000001
2017-09-13,-0.71
2017-09-20,-0.72
2017-09-27,-0.7
2017-10-04,-0.6599999999999999
2017-10-11,-0.6799999999999999
2017-10-18,-0.7
2017-10-25,-0.6400000000000001
2017-11-01,-0.5700000000000001
2017-11-08,-0.56
2017-11-15,-0.5800000000000001
2017-11-22,-0.5800000000000001
2017-11-29,-0.5800000000000001
2017-12-06,-0.6200000000000001
2017-12-13,-0.6499999999999999
2017-12-20,-0.73
2017-12-27,-0.8
2018-01-03,-0.79
2018-01-10,-0.8900000000000001
2018-01-17,-0.8700000000000001
2018-01-24,-0.8900000000000001
2018-01-31,-0.8800000000000001
2018-02-07,-0.8900000000000001
2018-02-14,-0.8600000000000001
2018-02-21,-0.8700000000000001
2018-02-28,-0.8700000000000001
2018-03-07,-0.8300000000000001
2018-03-14,-0.8500000000000001
2018-03-21,-0.9099999999999999
2018-03-28,-0.8900000000000001
2018-04-04,-0.8999999999999999
2018-04-11,-0.8999999999999999
2018-04-18,-0.9199999999999999
2018-04-25,-0.8900000000000001
2018-05-02,-0.97
2018-05-09,-0.98
2018-05-16,-1.03
2018-05-23,-0.99
2018-05-30,-0.99
2018-06-06,-0.98
2018-06-13,-0.97
2018-06-20,-0.94
2018-06-27,-0.9099999999999999
2018-07-04,-0.98
2018-07-11,-1.05
2018-07-18,-1.05
2018-07-25,-1.12
2018-08-01,-1.17
2018-08-08,-1.22
2018-08-15,-1.19
2018-08-22,-0.77
2018-08-29,-0.8899999999999999
2018-09-05,-0.8599999999999999
2018-09-12,-0.8799999999999999
2018-09-19,-0.9199999999999999
2018-09-26,-0.96
2018-10-03,-1.0299999999999998
2018-10-10,-1.0099999999999998
2018-10-17,-1.02
2018-10-24,-1.04
2018-10-31,-1.06
2018-11-07,-1.0699999999999998
2018-11-14,-1.0699999999999998
2018-11-21,-1.02
2018-11-28,-0.8
2018-12-05,-0.6799999999999999
2018-12-12,-0.69
2018-12-19,-0.5899999999999999
2018-12-26,-0.6199999999999999
2019-01-02,-0.5700000000000001
2019-01-09,-0.5799999999999998
2019-01-16,-0.5899999999999999
2019-01-23,-0.5899999999999999
2019-01-30,-0.53
2019-02-06,-0.53
2019-02-13,-0.53
2019-02-20,-0.51
2019-02-27,-0.47
2019-03-06,-0.41999999999999993
2019-03-13,-0.3799999999999999
2019-03-20,-0.3699999999999999
2019-03-27,-0.32000000000000006
2019-04-03,-0.4099999999999999
2019-04-10,-0.3699999999999999
2019-04-17,-0.3999999999999999
2019-04-24,-0.31999999999999984
2019-05-01,-0.3599999999999999
2019-05-08,-0.3699999999999999
2019-05-15,-0.3799999999999999
2019-05-22,-0.3999999999999999
2019-05-29,-0.34999999999999987
2019-06-05,-0.26
2019-06-12,-0.33999999999999986
2019-06-19,-0.31999999999999984
2019-06-26,-0.32999999999999985
2019-07-03,-0.32999999999999985
2019-07-10,-0.3599999999999999
2019-07-17,-0.3599999999999999
2019-07-24,-0.30999999999999983
2019-07-31,-0.33999999999999986
2019-08-07,-0.20999999999999996
2019-08-14,-0.19999999999999996
2019-08-21,-0.22999999999999998
2019-08-28,-0.16999999999999993
2019-09-04,-0.18999999999999995
2019-09-11,-0.34999999999999987
2019-09-18,-0.3599999999999999
2019-09-25,-0.34999999999999987
2019-10-02,-0.33999999999999986
2019-10-09,-0.2999999999999998
2019-10-16,-0.3799999999999999
2019-10-23,-0.3699999999999999
2019-10-30,-0.3799999999999999
2019-11-06,-0.34999999999999987
2019-11-13,-0.33999999999999986
2019-11-20,-0.30999999999999983
2019-11-27,-0.3599999999999999
2019-12-04,-0.3699999999999999
2019-12-11,-0.3899999999999999
2019-12-18,-0.41999999999999993
2019-12-25,-0.3999999999999999
2020-01-01,-0.3899999999999999
2020-01-08,-0.3699999999999999
2020-01-15,-0.3599999999999999
2020-01-22,-0.31999999999999984
2020-01-29,-0.27
2020-02-05,-0.2899999999999998
2020-02-12,-0.2899999999999998
2020-02-19,-0.2799999999999998
2020-02-26,-0.15999999999999992
2020-03-04,0.4099999999999999
2020-03-11,0.7
2020-03-18,0.38
2020-03-25,0.56
2020-04-01,0.65
2020-04-08,0.52
2020-04-15,0.5800000000000001
2020-04-22,0.39
2020-04-29,0.43
2020-05-06,0.4
2020-05-13,0.45
2020-05-20,0.44
2020-05-27,0.46
2020-06-03,0.48
2020-06-10,0.47
2020-06-17,0.49
2020-06-24,0.47
2020-07-01,0.27
2020-07-08,0.27
2020-07-15,0.28
2020-07-22,0.31000000000000005
2020-07-29,0.32000000000000006
2020-08-05,0.33000000000000007
2020-08-12,0.22
2020-08-19,0.22
2020-08-26,0.21
2020-09-02,0.21
2020-09-09,0.12999999999999998
2020-09-16,0.12999999999999998
2020-09-23,0.12999999999999998
2020-09-30,0.13999999999999999
2020-10-07,0.18999999999999997
2020-10-14,0.17999999999999997
2020-10-21,0.19999999999999998
2020-10-28,0.17999999999999997
2020-11-04,0.15999999999999998
2020-11-11,0.16999999999999998
2020-11-18,0.14999999999999997
2020-11-25,0.15999999999999998
2020-12-02,0.13999999999999999
2020-12-09,0.12999999999999998
2020-12-16,0.14999999999999997
2020-12-23,0.18999999999999997
2020-12-30,0.19999999999999998
2021-01-06,0.19999999999999998
2021-01-13,0.21999999999999997
2021-01-20,0.22999999999999998
2021-01-27,0.22999999999999998
2021-02-03,0.21999999999999997
2021-02-10,0.22999999999999998
2021-02-17,0.19999999999999998
2021-02-24,0.15999999999999998
2021-03-03,0.12
2021-03-10,0.12999999999999998
2021-03-17,0.07
2021-03-24,0.1
2021-03-31,0.09
2021-04-07,0.09
2021-04-14,0.07999999999999999
2021-04-21,0.03
2021-04-28,0.04999999999999999
2021-05-05,0.07
2021-05-12,0.07
2021-05-19,0.04999999999999999
2021-05-26,0.04999999999999999
2021-06-02,0.04999999999999999
2021-06-09,0.04000000000000001
2021-06-16,0.03
2021-06-23,0.01999999999999999
2021-06-30,0.01999999999999999
2021-07-07,0.0
2021-07-14,-0.030000000000000027
2021-07-21,-0.030000000000000027
2021-07-28,-0.030000000000000027
2021-08-04,-0.020000000000000018
2021-08-11,-0.010000000000000009
2021-08-18,-0.010000000000000009
2021-08-25,-0.020000000000000018
2021-09-01,0.0
2021-09-08,-0.020000000000000018
2021-09-15,-0.030000000000000027
2021-09-22,-0.010000000000000009
2021-09-29,-0.03999999999999998
2021-10-06,-0.03999999999999998
2021-10-13,-0.15999999999999998
2021-10-20,-0.22999999999999998
2021-10-27,-0.45999999999999996
2021-11-03,-0.47
2021-11-10,-0.41000000000000003
2021-11-17,-0.45999999999999996
2021-11-24,-0.5
2021-12-01,-0.33000000000000007
2021-12-08,-0.4600000000000001
2021-12-15,-0.35
2021-12-22,-0.41000000000000003
2021-12-29,-0.4
2022-01-05,-0.47
2022-01-12,-0.52
2022-01-19,-0.65
2022-01-26,-0.57
2022-02-02,-0.65
2022-02-09,-0.7200000000000001
2022-02-16,-0.66
2022-02-23,-0.68
2022-03-02,-0.65
2022-03-09,-0.62
2022-03-16,-0.8200000000000001
2022-03-23,-0.8999999999999999
2022-03-30,-1.01
2022-04-06,-0.79
2022-04-13,-0.77
2022-04-20,-0.98
2022-04-27,-1.0299999999999998
2022-05-04,-1.15
2022-05-11,-1.2200000000000002
2022-05-18,-1.27
2022-05-25,-1.1099999999999999
2022-06-01,-1.2999999999999998
2022-06-08,-1.6600000000000001
2022-06-15,-1.9
2022-06-22,-1.9100000000000001
2022-06-29,-1.1
2022-07-06,-1.15
2022-07-13,-1.25
2022-07-20,-1.39
2022-07-27,-1.2400000000000002
2022-08-03,-1.35
2022-08-10,-1.3599999999999999
2022-08-17,-1.56
2022-08-24,-1.58
2022-08-31,-1.7400000000000002
2022-09-07,-1.7200000000000002
2022-09-14,-1.88
2022-09-21,-1.9100000000000001
2022-09-28,-1.98
2022-10-05,-1.9500000000000002
2022-10-12,-2.16
2022-10-19,-2.3099999999999996
2022-10-26,-2.2
2022-11-02,-2.25
2022-11-09,-1.4200000000000004
2022-11-16,-1.2699999999999996
2022-11-23,-1.3899999999999997
2022-11-30,-1.38
2022-12-07,-1.3200000000000003
2022-12-14,-1.2999999999999998
2022-12-21,-1.3899999999999997
2022-12-28,-1.5099999999999998
2023-01-04,-1.4900000000000002
2023-01-11,-1.5099999999999998
2023-01-18,-1.38
2023-01-25,-1.37
2023-02-01,-1.4800000000000004
2023-02-08,-1.63
2023-02-15,-1.7300000000000004
2023-02-22,-1.6399999999999997
2023-03-01,-1.63
2023-03-08,-1.5899999999999999
2023-03-15,-1.0099999999999998
2023-03-22,-1.1700000000000004
2023-03-29,-1.27
2023-04-05,-1.1700000000000004
2023-04-12,-1.3700000000000006
2023-04-19,-1.48
2023-04-26,-1.3700000000000006
2023-05-03,-1.3800000000000003
2023-05-10,-1.3700000000000006
2023-05-17,-1.6099999999999999
2023-05-24,-1.6
2023-05-31,-0.2599999999999998
2023-06-07,-0.5699999999999994
2023-06-14,-0.5599999999999996
2023-06-21,-0.6399999999999997
2023-06-28,-0.5599999999999996
2023-07-05,-1.8099999999999996
2023-07-12,-1.8499999999999996
2023-07-19,-1.88
2023-07-26,-1.92
2023-08-02,-1.9900000000000002
2023-08-09,-1.83
2023-08-16,-0.13000000000000078
2023-08-23,-0.10000000000000053
2023-08-30,-0.040000000000000036
2023-09-06,0.019999999999999574
2023-09-13,-0.040000000000000036
2023-09-20,-0.14000000000000057
2023-09-27,-0.16000000000000014
2023-10-04,-0.3100000000000005
2023-10-11,-0.2999999999999998
2023-10-18,-0.2400000000000002
2023-10-25,-0.20000000000000018
2023-11-01,-0.10999999999999943
2023-11-08,-0.05999999999999961
2023-11-15,0.0
2023-11-22,0.03000000000000025
2023-11-29,0.1200000000000001
2023-12-06,0.20999999999999996
2023-12-13,0.27000000000000046
2023-12-20,0.010000000000000675
2023-12-27,0.07000000000000028
2024-01-03,-0.02999999999999936
2024-01-10,-0.04999999999999982
2024-01-17,-0.08999999999999986
2024-01-24,-0.22000000000000064
2024-01-31,-0.23000000000000043
2024-02-07,-0.11000000000000032
2024-02-14,-0.1900000000000004
2024-02-21,-0.1900000000000004
2024-02-28,-0.1900000000000004
2024-03-06,-0.08000000000000007
2024-03-13,-0.08000000000000007
2024-03-20,-0.09000000000000075
2024-03-27,-0.11000000000000032
2024-04-03,-0.11000000000000032
2024-04-10,-0.15000000000000036
2024-04-17,-0.11000000000000032
2024-04-24,-0.34999999999999964
2024-05-01,-0.35999999999999943
2024-05-08,-0.2599999999999998
2024-05-15,-0.6799999999999997
2024-05-22,-0.6299999999999999
2024-05-29,-0.6699999999999999
2024-06-05,-0.5
2024-06-12,-0.40000000000000036
2024-06-19,-0.34999999999999964
2024-06-26,-0.4400000000000004
2024-07-03,-0.45999999999999996
2024-07-10,-0.3899999999999997
2024-07-17,-0.28000000000000025
2024-07-24,-0.17999999999999972
2024-07-31,-0.05999999999999961
2024-08-07,0.1200000000000001
2024-08-14,0.08000000000000007
2024-08-21,0.16999999999999993
2024-08-28,0.1499999999999999
2024-09-04,0.23999999999999977
2024-09-11,0.20999999999999996
2024-09-18,0.3999999999999999
2024-09-25,0.31999999999999984
2024-10-02,0.31000000000000005
2024-10-09,0.10000000000000009
2024-10-16,0.10000000000000009
2024-10-23,0.1499999999999999
2024-10-30,0.1499999999999999
2024-11-06,0.06000000000000005
2024-11-13,0.10000000000000009
2024-11-20,0.0
2024-11-27,0.0
2024-12-04,0.08999999999999986
2024-12-11,0.25
2024-12-18,-0.10000000000000009
2024-12-25,-0.1200000000000001
2025-01-01,-0.029999999999999805
2025-01-08,-0.009999999999999787
2025-01-15,-0.08999999999999986
2025-01-22,-0.009999999999999787
2025-01-29,0.10999999999999988
2025-02-05,0.2400000000000002
2025-02-12,0.10000000000000009
2025-02-19,0.04999999999999982
2025-02-26,-0.04999999999999982
2025-03-05,0.0900000000000003
2025-03-12,0.0900000000000003
2025-03-19,0.11000000000000032
2025-03-26,0.0900000000000003
2025-04-02,0.20999999999999996
2025-04-09,0.2400000000000002
2025-04-16,0.18999999999999995
2025-04-23,0.1499999999999999
2025-04-30,0.16000000000000014
2025-05-07,0.07000000000000028
2025-05-14,0.07000000000000028
2025-05-21,0.1299999999999999
2025-05-28,0.03000000000000025
2025-06-04,0.020000000000000018
2025-06-11,-0.029999999999999805
2025-06-18,-0.040000000000000036
2025-06-25,-0.020000000000000018
2025-07-02,0.0
2025-07-09,-0.020000000000000018
2025-07-16,-0.10999999999999988
2025-07-23,-0.10999999999999988
2025-07-30,-0.1200000000000001
2025-08-06,-0.06000000000000005
2025-08-13,-0.040000000000000036
2025-08-20,-0.040000000000000036
2025-08-27,-0.04999999999999982
2025-09-03,0.020000000000000018
2025-09-10,0.14000000000000012
2025-09-17,0.10999999999999988
2025-09-24,0.20000000000000018
2025-10-01,0.050000000000000266
2025-10-08,0.029999999999999805
2025-10-15,0.040000000000000036
2025-10-22,0.06000000000000005
2025-10-29,0.13000000000000034
2025-11-05,0.16000000000000014
2025-11-12,0.14000000000000012
2025-11-19,0.1200000000000001
2025-11-26,0.16000000000000014
2025-12-03,0.15000000000000036
2025-12-10,0.050000000000000266
2025-12-17,0.07000000000000028
2025-12-24,0.0900000000000003
2025-12-31,0.07000000000000028
2026-01-07,0.050000000000000266
2026-01-14,0.06000000000000005
2026-01-21,0.0900000000000003
2026-01-28,0.10000000000000009
2026-02-04,0.10000000000000009
2026-02-11,0.1200000000000001
2026-02-18,0.16000000000000014
2026-02-25,0.16000000000000014
2026-03-04,0.10000000000000009
2026-03-11,0.010000000000000231
2026-03-18,0.03000000000000025
2026-03-25,-0.18999999999999995
2026-04-01,0.11000000000000032
2026-04-08,0.15000000000000036
2026-04-15,0.16000000000000014
2026-04-22,0.20000000000000018
2026-04-29,0.03000000000000025
2026-05-06,0.040000000000000036
2026-05-13,0.050000000000000266
2026-05-20,0.0900000000000003
2026-05-27,0.0900000000000003
2026-06-03,0.11000000000000032
2026-06-10,0.1200000000000001
2026-06-17,0.17000000000000037
2026-06-24,0.18000000000000016
2026-07-01,0.16000000000000014
2026-07-08,0.1200000000000001
2026-07-15,0.1200000000000001
2026-07-22,0.08000000000000007
2026-07-29,0.07000000000000028
2026-08-05,0.10000000000000009
2026-08-12,0.050000000000000266
2026-08-19,-0.22999999999999998
2026-08-26,-0.18999999999999995
2026-09-02,-0.2799999999999998
2026-09-09,-0.3599999999999999
2026-09-16,-0.41999999999999993
