date,bank_equity_return
2019-01-03,-1.0331090338269289
2019-01-04,1.640316645412243
2019-01-07,-0.05868120718005576
2019-01-08,0.4990939051878085
2019-01-09,1.6359883700856503
2019-01-10,0.6611287402261912
2019-01-11,0.19989580739347979
2019-01-14,-0.028478654781038948
2019-01-15,0.5701050348408288
2019-01-16,0.9920923631734135
2019-01-17,0.8700211025752136
2019-01-18,0.8625919138297355
2019-01-21,0.2757407723536165
2019-01-22,-0.247538132201508
2019-01-23,-0.24813215935847177
2019-01-24,0.16585772942210308
2019-01-25,0.10242148985886157
2019-01-28,0.22117003611208386
2019-01-29,0.634491752583366
2019-01-30,0.027373692850973796
2019-01-31,0.30142948277545045
2019-02-01,-0.3551648795961926
2019-02-04,0.3564307966058111
2019-02-05,0.6557218337621462
2019-02-06,0.29859235129023887
2019-02-07,0.08121526086068975
2019-02-08,-0.3786112023989152
2019-02-11,-0.46144163614512124
2019-02-12,0.6817352828571543
2019-02-13,-0.10832213845932692
2019-02-14,-0.05419995024006363
2019-02-15,1.0851297396137438
2019-02-19,0.32215173545191433
2019-02-20,0.963031855546781
2019-02-21,-0.18547724308549673
2019-02-22,-0.08782553005302063
2019-02-25,0.4795065775972551
2019-02-26,-0.026534712398429416
2019-02-27,0.3182170550141139
2019-02-28,-0.6872660754465243
2019-03-01,0.15971435412998058
2019-03-04,0.23916363750207115
2019-03-05,0.1060807726454005
2019-03-06,0.05290360334326838
2019-03-07,-0.5823277492750578
2019-03-08,-0.15971804185913596
2019-03-11,0.453327623114097
2019-03-12,-0.026492397521915567
2019-03-13,0.0530440786145947
2019-03-14,-0.3184833314976654
2019-03-15,0.6922584057241332
2019-03-18,0.8196738720144037
2019-03-19,-0.13112567765183325
2019-03-20,-0.7353407885655971
2019-03-21,-0.2115967103215266
2019-03-22,-1.2725433741235692
2019-03-25,-0.19655569993228816
2019-03-26,0.2428253930997215
2019-03-27,-0.1614870976917926
2019-03-28,0.10780166273953729
2019-03-29,-0.40386339816038674
2019-04-01,1.459794658312319
2019-04-02,0.2665329096631197
2019-04-03,0.3188305713479389
2019-04-04,0.18547862082518574
2019-04-05,0.21155653149738107
2019-04-08,-0.10562862193594924
2019-04-09,-0.4226085744301167
2019-04-10,0.3183611670211972
2019-04-11,0.26434135288595506
2019-04-12,0.5274361148823958
2019-04-15,0.5771401622924
2019-04-16,0.5477780725022585
2019-04-17,0.4409147029400762
2019-04-18,0.3874651327151257
2019-04-22,-0.4373098359268357
2019-04-23,0.4392306346947539
2019-04-24,-0.6602649641539893
2019-04-25,0.1558427906063864
2019-04-26,0.4146851226729531
2019-04-29,0.464654331523473
2019-04-30,0.20552817205750085
2019-05-01,-0.15381288791661563
2019-05-02,-0.2568575313602328
2019-05-03,0.36052284230028153
2019-05-06,-0.07700488882256273
2019-05-07,-0.8728453850500584
2019-05-08,-0.051824355954410706
2019-05-09,-0.5442119576762994
2019-05-10,-0.2084514657165637
2019-05-13,-0.9921716421213755
2019-05-14,0.5273993534684385
2019-05-15,-0.02618810249471748
2019-05-16,0.3148670075019844
2019-05-17,-0.31387870701002907
2019-05-21,0.47225920430100654
2019-05-22,-0.49619346137079745
2019-05-23,-1.0236074070754553
2019-05-24,0.7284394185894438
2019-05-27,0.6069456169866649
2019-05-28,-0.8393907943070489
2019-05-29,-0.6878572563898011
2019-05-30,-0.4262182221080213
2019-05-31,-0.9898021016232716
2019-06-03,0.13509279470280688
2019-06-04,1.3221506732228994
2019-06-05,0.3195833899759526
2019-06-06,0.07965094672075512
2019-06-07,0.02654840887368337
2019-06-10,0.1060693555337
2019-06-11,0.0
2019-06-12,-0.7947188543822814
2019-06-13,0.18693106831382256
2019-06-14,0.6662696529362133
2019-06-17,0.0
2019-06-18,1.2444012179020136
2019-06-19,0.06291623807519464
2019-06-20,0.15718853930954957
2019-06-21,-0.36617872673687657
2019-06-24,0.10506304415329737
2019-06-25,-0.5245806028609912
2019-06-26,-0.2636321836100852
2019-06-27,-0.21148106885149343
2019-06-28,0.34441217719298756
2019-07-02,0.9503129156696488
2019-07-03,0.5753281386398745
2019-07-04,0.1039959130990864
2019-07-05,-0.02593910644534958
2019-07-08,-0.31181335727229476
2019-07-09,0.3127886741382868
2019-07-10,-0.36381146843542655
2019-07-11,-0.10423142379798467
2019-07-12,-0.36547055300860665
2019-07-15,0.0
2019-07-16,-0.026188619554801118
2019-07-17,-0.26206215641719766
2019-07-18,0.23649274983512658
2019-07-19,-0.026252876856702745
2019-07-22,0.026259770801995153
2019-07-23,0.471768492580793
2019-07-24,0.5479106689392887
2019-07-25,-0.3798598553557353
2019-07-26,0.23510946207467853
2019-07-29,0.026062695121886748
2019-07-30,-0.494968274338492
2019-07-31,0.0
2019-08-01,-1.0733166715782838
2019-08-02,-0.7938659174616003
2019-08-06,-1.2536234211429353
2019-08-07,0.43212784367414603
2019-08-08,0.6455320838424372
2019-08-09,-0.24054356216807182
2019-08-12,-0.8571951905337771
2019-08-13,0.6484971274050677
2019-08-14,-1.9328981484361019
2019-08-15,-0.301129792664534
2019-08-16,0.961009013270453
2019-08-19,0.9790654255454001
2019-08-20,-1.0773331786746554
2019-08-21,0.5717665460330368
2019-08-22,0.1082627299631378
2019-08-23,-1.3790909877304691
2019-08-26,0.3685139129488757
2019-08-27,-0.21921972930289968
2019-08-28,0.6315394104610128
2019-08-29,0.9549487058365669
2019-08-30,0.3513697253087811
2019-09-03,-0.592515866258192
2019-09-04,0.32516406241072104
2019-09-05,1.2962206475783278
2019-09-06,0.39987676834045693
2019-09-09,0.5576028625955409
2019-09-10,0.6601745066489473
2019-09-11,0.8132158498914466
2019-09-12,0.8066559954820862
2019-09-13,0.8776768612255736
2019-09-16,-0.33266208530381425
2019-09-17,0.5134718921315784
2019-09-18,0.22992574012570266
2019-09-19,0.4331701346762973
2019-09-20,0.3807017621739295
2019-09-23,-0.37925792058707275
2019-09-24,-0.4477874876000598
2019-09-25,0.4600392621242122
2019-09-26,0.30527826094939314
2019-09-27,0.17757084921092847
2019-09-30,0.15189575916019216
2019-10-01,-1.4661853315730222
2019-10-02,-1.5905454432182164
2019-10-03,-0.10433145000028343
2019-10-04,0.7307211253816392
2019-10-07,-0.07772493324461616
2019-10-08,-0.7259226263402252
2019-10-09,0.8356593430808301
2019-10-10,0.2849424905600584
2019-10-11,0.7489816174770736
2019-10-15,0.563961532753865
2019-10-16,0.12749167008725415
2019-10-17,-0.3309893376817752
2019-10-18,0.20433633336769397
2019-10-21,0.33139304314055984
2019-10-22,0.05077964548738656
2019-10-23,-0.10155023279894149
2019-10-24,-0.07626288067721365
2019-10-25,0.2040093256194142
2019-10-28,0.2799841916123258
2019-10-29,0.15227520271088313
2019-10-30,0.43085788825136806
2019-10-31,-0.20188326926245947
2019-11-01,0.5056809307466104
2019-11-04,0.7044165211302689
2019-11-05,0.2747903962370568
2019-11-06,0.5729375477759868
2019-11-07,0.42114582942081036
2019-11-08,0.14801080488284768
2019-11-11,-0.02462809463107396
2019-11-12,0.1231473131084071
2019-11-13,-0.04918425934746784
2019-11-14,0.14769581845457402
2019-11-15,0.14754832770356163
2019-11-18,0.02449663683297132
2019-11-19,0.1472246537991495
2019-11-20,-0.19599927792814942
2019-11-21,0.09822136215118515
2019-11-22,-0.1226737712740622
2019-11-25,0.4420930578134419
2019-11-26,-0.34312688245001777
2019-11-27,0.1721073546530949
2019-11-28,0.09822646976216376
2019-11-29,-0.1962134926001724
2019-12-02,-0.5652958960111754
2019-12-03,-0.9391848203054276
2019-12-04,-0.32436876736545717
2019-12-05,-0.7509155982702409
2019-12-06,0.5043840062842087
2019-12-09,-0.4265649827354445
2019-12-10,-0.17638803761970134
2019-12-11,-0.07578591864968454
2019-12-12,0.20216693875629854
2019-12-13,0.45382443286787755
2019-12-16,0.4267376238477727
2019-12-17,0.22490643164867485
2019-12-18,-0.5236811564221733
2019-12-19,-0.025094596612851294
2019-12-20,0.526599971875541
2019-12-23,-0.6235944697836393
2019-12-24,0.02507833472455978
2019-12-27,-0.05010231734706716
2019-12-30,-0.25170001857610647
2019-12-31,-0.22712138593790065
2020-01-02,0.5058311153573802
2020-01-03,-0.15103694104139365
2020-01-06,-0.02515809001789604
2020-01-07,0.05038266305354977
2020-01-08,0.7558734085227892
2020-01-09,0.3750628525705846
2020-01-10,-0.04978684563453628
2020-01-13,0.47357724009899904
2020-01-14,0.04955331978404587
2020-01-15,0.19843274950945844
2020-01-16,0.6928985123358267
2020-01-17,0.49145346484777974
2020-01-20,0.2201867990726969
2020-01-21,-0.3661177062289189
2020-01-22,0.293975091020382
2020-01-23,0.19535873255620562
2020-01-24,-0.1949778263458879
2020-01-27,-0.5457670208366849
2020-01-28,0.4428983589215951
2020-01-29,-0.1470011373624347
2020-01-30,-0.2207333975449921
2020-01-31,-1.0327094507873946
2020-02-03,0.29804800786701335
2020-02-04,1.0652362656249803
2020-02-05,0.9558708680795558
2020-02-06,0.7768636117341687
2020-02-07,-0.12044564890093534
2020-02-10,-0.024106759485109652
2020-02-11,0.28947651274409125
2020-02-12,0.0
2020-02-13,0.024088530989119228
2020-02-14,0.3607399353261931
2020-02-18,-0.2875342016277038
2020-02-19,0.12011062101719983
2020-02-20,0.31203116765867733
2020-02-21,-0.287121496815812
2020-02-24,-1.7627187278511203
2020-02-25,-1.8604819541034323
2020-02-26,-0.6734876138949186
2020-02-27,-1.9838784293517597
2020-02-28,-2.562171312416439
2020-03-02,1.3410481951929398
2020-03-03,-1.7644048119629718
2020-03-04,1.6375951089474539
2020-03-05,-2.053000631471491
2020-03-06,-2.6797160880868587
2020-03-09,-10.659793044241027
2020-03-10,3.7534300592314773
2020-03-11,-4.382368196246455
2020-03-12,-12.119324372381424
2020-03-13,13.755658099047396
2020-03-16,-10.246134685764153
2020-03-17,1.6798359433790155
2020-03-18,-6.540833526278867
2020-03-19,1.91196928754509
2020-03-20,-3.5752104049969535
2020-03-23,-8.039645323054213
2020-03-24,13.4531012513607
2020-03-25,5.70711818759897
2020-03-26,2.704520438007507
2020-03-27,-5.20154809245893
2020-03-30,2.9149292773375635
2020-03-31,2.7990540959758503
2020-04-01,-4.6677469880005535
2020-04-02,0.9860461674767507
2020-04-03,-1.8181353936483569
2020-04-06,5.246888852203635
2020-04-07,0.9449206457736725
2020-04-08,2.7114374306125066
2020-04-09,1.6341721793721398
2020-04-13,-2.813822313154346
2020-04-14,0.4772332773717469
2020-04-15,-3.229875650618974
2020-04-16,-2.650505103438605
2020-04-17,4.672262558537277
2020-04-20,-0.6422998064637642
2020-04-21,-3.8461102243723566
2020-04-22,0.7395114234154176
2020-04-23,-0.8341414195389696
2020-04-24,0.5672856954824557
2020-04-27,3.089296735894065
2020-04-28,1.3680917150683758
2020-04-29,4.30588713084552
2020-04-30,-3.265527980506433
2020-05-01,-2.324839474391005
2020-05-04,0.32604556650330796
2020-05-05,-0.6824743378148868
2020-05-06,0.19633916904227
2020-05-07,-0.7185251351986
2020-05-08,1.4473965341463169
2020-05-11,1.0376098375486587
2020-05-12,-2.0539081223654554
2020-05-13,-3.8007863091332084
2020-05-14,-0.1021979553695318
2020-05-15,-0.5113925245645579
2020-05-19,1.8162671784361928
2020-05-20,1.3464108256260987
2020-05-21,-0.9631757937855645
2020-05-22,-0.8145012013276998
2020-05-25,1.6966855371519207
2020-05-26,5.205176163125191
2020-05-27,3.1715770176678815
2020-05-28,-1.3832951204962196
2020-05-29,-2.057345185476278
2020-06-01,1.5594908172033017
2020-06-02,2.130973878758158
2020-06-03,2.945678028869292
2020-06-04,0.02982669644040481
2020-06-05,3.098877854366644
2020-06-08,1.0116126140974124
2020-06-09,-1.001481500906387
2020-06-10,-1.7340569399274197
2020-06-11,-4.529449529474283
2020-06-12,1.9100566303915878
2020-06-15,-0.4534532119149004
2020-06-16,1.670211846725822
2020-06-17,-0.746702775632313
2020-06-18,0.030120958762580585
2020-06-19,-0.45124926707339474
2020-06-22,-0.30224360908375214
2020-06-23,0.36373375395091223
2020-06-24,-1.9150337795731498
2020-06-25,0.9267846464702245
2020-06-26,-2.479337546025351
2020-06-29,1.0985397909347494
2020-06-30,0.7451281570797441
2020-07-02,-0.030816180656501047
2020-07-03,-0.06163699231017672
2020-07-06,1.2954698629175976
2020-07-07,-1.7661126609821998
2020-07-08,0.06199534420887609
2020-07-09,-0.9913181601173049
2020-07-10,1.8460660317841882
2020-07-13,0.6143941564575428
2020-07-14,1.282452230031339
2020-07-15,1.2360733957922587
2020-07-16,0.05954448469209783
2020-07-17,0.0
2020-07-20,-0.5059517720068185
2020-07-21,0.4187932166318076
2020-07-22,-0.23829055578429292
2020-07-23,-0.44788114101276255
2020-07-24,-0.7798880124598617
2020-07-27,-0.04549540857772261
2020-07-28,-0.42485467510352537
2020-07-29,0.792420722360343
2020-07-30,0.15118621381728925
2020-07-31,-1.6002149550849332
2020-08-04,-0.12274316471997393
2020-08-05,1.5975293631065313
2020-08-06,0.7257205116131926
2020-08-07,0.9006512961573065
2020-08-10,1.190098629256342
2020-08-11,1.4701580490576127
2020-08-12,0.6085616255371296
2020-08-13,-0.7776835040572028
2020-08-14,0.058101882483474476
2020-08-17,-0.43520453474541476
2020-08-18,-0.5536357373499223
2020-08-19,0.17583789218800217
2020-08-20,-0.4095003149297005
2020-08-21,-0.029361524944171435
2020-08-24,1.6451171872335024
2020-08-25,0.5364565396438925
2020-08-26,1.6152225247905383
2020-08-27,0.6528721592058861
2020-08-28,-0.5640100897408296
2020-08-31,-1.6449309882445529
2020-09-01,0.0864706127726933
2020-09-02,0.46096710200485
2020-09-03,-1.290463430707367
2020-09-04,-0.6972726478614466
2020-09-08,-0.73144320007974
2020-09-09,1.1199532522269129
2020-09-10,-1.1367060801500628
2020-09-11,0.7075988626776386
2020-09-14,0.4390699333379322
2020-09-15,0.20406429917718683
2020-09-16,-0.7272149264571537
2020-09-17,-0.1464921402128061
2020-09-18,-0.6455626566330919
2020-09-21,-1.3880177031028063
2020-09-22,0.11979234145607087
2020-09-23,-1.0470136628771276
2020-09-24,0.19721719857679343
2020-09-25,0.726610946629136
2020-09-28,1.8635139233008413
2020-09-29,-1.357309648225069
2020-09-30,-0.26918346142442706
2020-10-01,0.1799446218869516
2020-10-02,0.8682737015827557
2020-10-05,1.3356942506624003
2020-10-06,0.08783699194685468
2020-10-07,1.4047795228955495
2020-10-08,0.14427797441018964
2020-10-09,-0.7204502719477923
2020-10-13,-0.9869052488340135
2020-10-14,-0.6742908133049674
2020-10-15,0.2951412125979491
2020-10-16,0.02942591166361641
2020-10-19,-0.9414675335629896
2020-10-20,-0.17816049748751173
2020-10-21,0.47603181689193086
2020-10-22,0.7995221595437974
2020-10-23,0.8225613258555864
2020-10-26,-1.6403370584139543
2020-10-27,-1.6646864019874252
2020-10-28,-2.357886375249818
2020-10-29,1.3002872131782084
2020-10-30,-0.06111696522655974
2020-11-02,0.45874893682826823
2020-11-03,2.374386902258352
2020-11-04,0.5649618273653623
2020-11-05,0.5026859918800142
2020-11-06,-0.2353403092147599
2020-11-09,3.8631653103180064
2020-11-10,2.3565386206544137
2020-11-11,0.6103332454078014
2020-11-12,-1.020130612917436
2020-11-13,0.7242574645072608
2020-11-16,2.378302724129022
2020-11-17,1.1345270525257467
2020-11-18,0.7211606053019404
2020-11-19,0.0795322082280947
2020-11-20,0.2914919197173127
2020-11-23,0.8982476297820341
2020-11-24,2.1775406471585823
2020-11-25,-0.4884974835281608
2020-11-26,-0.28411916075279375
2020-11-27,0.1813528004730891
2020-11-30,-1.7067914943724172
2020-12-01,0.9471292328543157
2020-12-02,0.286672545352884
2020-12-03,0.07795993173920213
2020-12-04,0.8050417181998171
2020-12-07,-0.23186668202921368
2020-12-08,0.33566930042272514
2020-12-09,0.3345227449167876
2020-12-10,0.10257514507971965
2020-12-11,-0.43553581484520043
2020-12-14,-1.0808247567115403
2020-12-15,0.2081690588841445
2020-12-16,0.0
2020-12-17,0.02591205249511397
2020-12-18,-0.700776315715923
2020-12-21,-0.2090646173047883
2020-12-22,-0.18334779510322807
2020-12-23,0.8921478721569676
2020-12-24,0.2861595055873245
2020-12-29,0.23333493778587844
2020-12-30,-0.18428408443346145
2020-12-31,-0.02595574148128721
2021-01-04,-0.7022761787649268
2021-01-05,0.36675137723225504
2021-01-06,2.035442707164381
2021-01-07,0.5626377324362553
2021-01-08,0.0
2021-01-11,-0.10171486096645088
2021-01-12,0.4582294387611041
2021-01-13,-0.15199625335255984
2021-01-14,0.45677566612054576
2021-01-15,0.17692988103057417
2021-01-18,0.45399933883703003
2021-01-19,-0.4519475001743545
2021-01-20,0.025245870698498152
2021-01-21,-0.5043637492140762
2021-01-22,-0.8362109538494367
2021-01-25,0.15890564565721466
2021-01-26,0.05117479971010752
2021-01-27,-1.4578406588688475
2021-01-28,1.271763138637927
2021-01-29,-1.691412143623272
2021-02-01,0.6516796421070614
2021-02-02,1.1395744489054005
2021-02-03,0.25604738113156333
2021-02-04,0.9196165746953033
2021-02-05,0.1518305042103263
2021-02-08,0.5307047653827279
2021-02-09,0.12572013081857403
2021-02-10,-0.25109023464521263
2021-02-11,0.5034101701857363
2021-02-12,0.3756179961670325
2021-02-16,0.29944492719606863
2021-02-17,0.3731065048859561
2021-02-18,0.22307240177328325
2021-02-19,0.6429106681873131
2021-02-22,0.4729997381924367
2021-02-23,0.93187605896905
2021-02-24,1.7978798776902671
2021-02-25,-1.3365194827274385
2021-02-26,-1.403000207372418
2021-03-01,1.4229644008674214
2021-03-02,0.7982684018839947
2021-03-03,0.21598938532807477
2021-03-04,-0.5268373516553071
2021-03-05,1.6851032537096522
2021-03-08,1.3257833438538924
2021-03-09,0.09345139656977697
2021-03-10,0.9103852660263145
2021-03-11,0.1156523015753752
2021-03-12,0.2772553806207334
2021-03-15,-0.2764888005444166
2021-03-16,0.11552919846711251
2021-03-17,0.6462106512727273
2021-03-18,0.5044568655731441
2021-03-19,-0.25097280075923045
2021-03-22,-0.32022832569539306
2021-03-23,-0.5736383633725417
2021-03-24,0.23077079542634937
2021-03-25,0.6048362632290916
2021-03-26,0.5736354569494173
2021-03-29,-0.25092526818795147
2021-03-30,0.2515564869775444
2021-03-31,-0.9810494612566001
2021-04-01,0.5069062452102369
2021-04-05,0.596077935995476
2021-04-06,-0.06837306392494247
2021-04-07,0.2964446585140834
2021-04-08,-0.06818670752786193
2021-04-09,0.1820068406445774
2021-04-12,0.7267767509243628
2021-04-13,-0.6538536753228019
2021-04-14,-0.09082248600612575
2021-04-15,0.2953410416477009
2021-04-16,0.27177865065799445
2021-04-19,-0.3162327452533642
2021-04-20,-0.9744005631900698
2021-04-21,0.6864744632184117
2021-04-22,-0.04543715028738626
2021-04-23,1.000483839193933
2021-04-26,0.18282516601366705
2021-04-27,0.22524802127743548
2021-04-28,0.15734262359554663
2021-04-29,0.4039524715017784
2021-04-30,-0.49172770578291836
2021-05-03,0.31444270865219615
2021-05-04,-0.13433585075998122
2021-05-05,0.6726435811949205
2021-05-06,0.20048204278870774
2021-05-07,0.3556045211555725
2021-05-10,-0.04428930285192978
2021-05-11,-0.6869085549480736
2021-05-12,-0.44624470293045393
2021-05-13,1.2326356863129995
2021-05-14,1.3504859059457086
2021-05-17,0.3276479154839196
2021-05-18,0.06531557796709553
2021-05-19,-0.34811909278376074
2021-05-20,0.17466266311709777
2021-05-21,0.2861865273325437
2021-05-25,0.13075398583535236
2021-05-26,0.7832836181702829
2021-05-27,0.41015052708328614
2021-05-28,0.2580200321812498
2021-05-31,-0.5790074900517972
2021-06-01,0.7765157409856949
2021-06-02,-0.04280360422754814
2021-06-03,0.42828692375533883
2021-06-04,-0.021353307440807878
2021-06-07,-0.14928390078332576
2021-06-08,-0.10675638376208552
2021-06-09,-0.5986964019502161
2021-06-10,-0.23661843967228702
2021-06-11,0.3234241446084196
2021-06-14,-0.17195229719217942
2021-06-15,0.6458832719484553
2021-06-16,0.5561282616436847
2021-06-17,-0.6381316896087674
2021-06-18,-0.9848382025322344
2021-06-21,0.7784213031398313
2021-06-22,0.08578986803084998
2021-06-23,-0.17149065901728155
2021-06-24,0.4972496640446966
2021-06-25,0.535408373169588
2021-06-28,-0.6178090739198394
2021-06-29,0.06432687579955854
2021-06-30,-0.2570746357715814
2021-07-02,0.15033141023133023
2021-07-05,0.42889149891109923
2021-07-06,-0.40569679565330974
2021-07-07,-0.21439492820822803
2021-07-08,-1.1817587826043252
2021-07-09,0.8914532869772396
2021-07-12,0.5603740997848217
2021-07-13,-0.192910291315751
2021-07-14,0.12883611761853597
2021-07-15,0.15011540103366805
2021-07-16,-0.835093982749846
2021-07-19,-1.9002437131431238
2021-07-20,0.7263699070288565
2021-07-21,0.9178756308600988
2021-07-22,-0.2598969490722358
2021-07-23,0.3473671226511321
2021-07-26,-0.028156049331573563
2021-07-27,0.5422807235134552
2021-07-28,0.3667616249869665
2021-07-29,0.7093678522361646
2021-07-30,-0.5549138972460899
2021-08-03,0.27898592152773016
2021-08-04,0.40673839743226026
2021-08-05,0.6607909917585975
2021-08-06,1.1647817401669869
2021-08-09,0.18840493250014134
2021-08-10,0.6476841236933151
2021-08-11,0.5813074344239055
2021-08-12,-0.020647277801388864
2021-08-13,-0.12384439614530063
2021-08-16,0.12399796067092961
2021-08-17,-0.7224889545752289
2021-08-18,0.12471767274806478
2021-08-19,-0.4361265778375589
2021-08-20,0.8969315131331035
2021-08-23,0.06202573163223146
2021-08-24,-0.06198728356608951
2021-08-25,0.5325120142960715
2021-08-26,-0.8450622592448442
2021-08-27,-0.2701791036051726
2021-08-30,-0.7086507394078789
2021-08-31,-0.7556404200604994
2021-09-01,0.4441827011778754
2021-09-02,0.1684273494634514
2021-09-03,-0.1891739342116061
2021-09-07,0.3159409114384504
2021-09-08,-0.25196421619244624
2021-09-09,0.12627206356186083
2021-09-10,-0.31533382007464805
2021-09-13,0.3163313197091844
2021-09-14,-0.5465390847129492
2021-09-15,0.570706833119905
2021-09-16,0.18910588951013274
2021-09-17,-1.0698373009002893
2021-09-20,-1.632744681677356
2021-09-21,0.30184804947952504
2021-09-22,0.644686490060864
2021-09-23,1.0250172718384132
2021-09-24,-0.0487460019996222
2021-09-27,0.5510889912033523
2021-09-28,-0.8853163016470211
2021-09-29,0.06379697472731483
2021-09-30,-0.786413165894384
2021-10-01,0.7283849811479115
2021-10-04,-0.29775722371985225
2021-10-05,0.8745911671324214
2021-10-06,-0.169201172815725
2021-10-07,0.8473167121136216
2021-10-08,0.567104273481811
2021-10-12,-0.3132927031372912
2021-10-13,-0.06287605582068201
2021-10-14,0.8805282401377568
2021-10-15,0.9351347958610257
2021-10-18,0.14413672871349537
2021-10-19,0.5140081882336611
2021-10-20,0.6544632400750983
2021-10-21,0.2235302342346257
2021-10-22,0.48666565810202567
2021-10-25,0.5036280330370513
2021-10-26,0.26162552629858116
2021-10-27,-0.8229535933833021
2021-10-28,0.3440692836571779
2021-10-29,-1.270701295432275
2021-11-01,0.5311066819845722
2021-11-02,0.48775079866012483
2021-11-03,0.8089031261351298
2021-11-04,-0.16046638342372965
2021-11-05,0.2612049602344513
2021-11-08,0.26051552526400457
2021-11-09,0.0
2021-11-10,-0.02000060580900076
2021-11-11,0.23987706745829396
2021-11-12,0.4188514254398257
2021-11-15,-0.5759595511971805
2021-11-16,0.2796626241275524
2021-11-17,-0.1991778243420783
2021-11-18,-0.29943862153255507
2021-11-19,-0.28026069027043965
2021-11-22,0.2007373224220066
2021-11-23,0.5402610921102502
2021-11-24,0.2397268274207498
2021-11-25,0.4583428590669847
2021-11-26,-1.9043931147235904
2021-11-29,-0.5662327596012817
2021-11-30,-2.2777745925737114
2021-12-01,-0.10409768617929416
2021-12-02,2.2083572990214684
2021-12-03,-0.3057460942463619
2021-12-06,0.6133311708312439
2021-12-07,0.8738357801723051
2021-12-08,-0.20146409243610996
2021-12-09,-0.18166665694306916
2021-12-10,0.3235487312568175
2021-12-13,-0.5441861886683608
2021-12-14,0.040490930680392445
2021-12-15,0.9116816302961794
2021-12-16,0.060248121564621115
2021-12-17,-0.7424194545015639
2021-12-20,-0.9096186055474909
2021-12-21,1.224009559935646
2021-12-22,0.8060913601871
2021-12-23,0.8996433979732821
2021-12-24,0.1585048964630298
2021-12-29,1.028699743825645
2021-12-30,-0.26696557430945234
2021-12-31,-0.39360214493351364
2022-01-04,1.758523590777883
2022-01-05,-0.31067324968956367
2022-01-06,0.8765271791162377
2022-01-07,0.5599516943382232
2022-01-10,-0.28800714894811064
2022-01-11,1.1938622796048959
2022-01-12,0.45674083549218647
2022-01-13,0.41673490270766056
2022-01-14,0.2641438103098137
2022-01-17,1.1100499121450724
2022-01-18,-0.9676471736519421
2022-01-19,-1.2589483440198057
2022-01-20,-0.4757245748938099
2022-01-21,-1.223675901067811
2022-01-24,-0.7162076541966877
2022-01-25,0.39678520956321073
2022-01-26,0.40889631160332396
2022-01-27,0.0
2022-01-28,0.29086469189696373
2022-01-31,1.450105614257713
2022-02-01,0.9910450539950322
2022-02-02,0.8492358588849891
2022-02-03,-0.542671206684886
2022-02-04,0.5079825834542806
2022-02-07,0.09358619827188885
2022-02-08,1.327871795911384
2022-02-09,-0.018479182094910396
2022-02-10,0.31386113141591565
2022-02-11,-0.44168153417184497
2022-02-14,-1.1829936384385786
2022-02-15,0.4489603650341456
2022-02-16,-0.03727223279623715
2022-02-17,-1.6579800313157311
2022-02-18,-0.5682770545704208
2022-02-22,0.19670901386310558
2022-02-23,-1.3915383666105452
2022-02-24,-1.4111924756420424
2022-02-25,2.2941455452632376
2022-02-28,-0.8625385081470704
2022-03-01,-1.875488326204
2022-03-02,1.576328712958075
2022-03-03,-0.31039207352229203
2022-03-04,-0.3891337272673656
2022-03-07,-1.6019007943425145
2022-03-08,-0.3970749866501255
2022-03-09,2.0331274365814833
2022-03-10,-0.15629604073593706
2022-03-11,-0.039148128436250484
2022-03-14,0.2544847517318205
2022-03-15,0.05855299321591012
2022-03-16,1.6195032348905292
2022-03-17,0.4992519990119959
2022-03-18,0.1910310754112743
2022-03-21,0.2669773393673802
2022-03-22,0.6085982793101241
2022-03-23,-2.0037925235514398
2022-03-24,0.11576504743437965
2022-03-25,0.5853323977855762
2022-03-28,0.019172396618039045
2022-03-29,0.2304049899529037
2022-03-30,-0.4405923044672466
2022-03-31,-1.2699730477032434
2022-04-01,-0.11693560597839658
2022-04-04,0.5853711158054997
2022-04-05,-0.07760835454918569
2022-04-06,-1.0095042170845558
2022-04-07,-0.9805989980787522
2022-04-08,0.41593471978240704
2022-04-11,-0.23666769112695718
2022-04-12,-1.1862414063179894
2022-04-13,-0.1400654830792769
2022-04-14,0.1602817233063325
2022-04-18,-0.3200592693871629
2022-04-19,1.0435568401349293
2022-04-20,0.47665185706091684
2022-04-21,-0.4546486770083735
2022-04-22,-2.2835297144938926
2022-04-25,-0.4666291047291993
2022-04-26,-1.8423128316475412
2022-04-27,-0.5422984158327315
2022-04-28,1.6565514637242318
2022-04-29,-1.1757346621139253
2022-05-02,-0.2504886622657465
2022-05-03,0.9207127858373187
2022-05-04,1.0367491110113702
2022-05-05,-1.8674784433016067
2022-05-06,-0.5437086149255754
2022-05-09,-1.2826225031593474
2022-05-10,-0.4046177646394922
2022-05-11,-0.23526237401788608
2022-05-12,-1.5219942157557176
2022-05-13,1.4148779341327744
2022-05-16,0.279040877311898
2022-05-17,1.4768948646526558
2022-05-18,-1.8561289413942528
2022-05-19,-0.1505030748310321
2022-05-20,0.10765208561860362
2022-05-24,1.0586753956747685
2022-05-25,0.6400371654368131
2022-05-26,0.9751607596260703
2022-05-27,1.3227729870201488
2022-05-30,0.80813682784866
2022-05-31,-0.3700148416254434
2022-06-01,-0.10312297889393252
2022-06-02,0.784762475115941
2022-06-03,-1.0655477412178427
2022-06-06,0.331368269144372
2022-06-07,0.30967804671206967
2022-06-08,-0.946725251202063
2022-06-09,-0.9972761951902109
2022-06-10,-2.2245861491987817
2022-06-13,-1.9102475044765144
2022-06-14,-0.6783592321973897
2022-06-15,0.5287580228722444
2022-06-16,-2.805142859445353
2022-06-17,0.1352571974388983
2022-06-20,1.2835083923029567
2022-06-21,0.08892473864428041
2022-06-22,-1.2216701519760842
2022-06-23,-1.8214536032949757
2022-06-24,0.9900989106274904
2022-06-27,0.8189972493582554
2022-06-28,0.04508263475602181
2022-06-29,-0.06765253860909759
2022-06-30,-0.5416655051997066
2022-07-04,0.40846162462233604
2022-07-05,-0.4068000027222629
2022-07-06,0.0
2022-07-07,1.4749441910733685
2022-07-08,0.156553614806465
2022-07-11,-0.7590935856830794
2022-07-12,-0.17997991058935625
2022-07-13,-1.126878048108726
2022-07-14,-3.168496893025774
2022-07-15,0.5178824908333324
2022-07-18,1.0773238457967294
2022-07-19,2.2474487056298065
2022-07-20,0.5438550511069451
2022-07-21,0.1803044223274597
2022-07-22,-0.22497979767234222
2022-07-25,0.6556672368220662
2022-07-26,-0.786210023813616
2022-07-27,1.064105919646563
2022-07-28,0.6048313770488312
2022-07-29,1.2246528589819894
2022-08-02,-0.7258808721217536
2022-08-03,1.1522592943161714
2022-08-04,0.06564772999018142
2022-08-05,0.26274262171475105
2022-08-08,-0.2838460006909127
2022-08-09,-0.5036508371592863
2022-08-10,1.9147006722420645
2022-08-11,0.7557078486072788
2022-08-12,1.0715932861634414
2022-08-15,0.42410014855043254
2022-08-16,0.781221351104322
2022-08-17,-0.20951776988830106
2022-08-18,0.27296781538566073
2022-08-19,-0.81658305196457
2022-08-22,-1.3721736528838901
2022-08-23,-0.9846259681846381
2022-08-24,-1.0592181941681433
2022-08-25,0.7886177933993599
2022-08-26,-0.8693481191203944
2022-08-29,-0.5043141398133444
2022-08-30,-1.1458538016137831
2022-08-31,-1.0699975651741744
2022-09-01,-0.721043633650631
2022-09-02,0.7035789345075649
2022-09-06,-0.7888446347674938
2022-09-07,0.93143980907886
2022-09-08,1.665490886564247
2022-09-09,1.7047049090457511
2022-09-12,1.1101511099384842
2022-09-13,-1.8514546422632283
2022-09-14,0.19737101465671092
2022-09-15,0.06572726851974409
2022-09-16,-0.6782196342831837
2022-09-19,0.6608002812070746
2022-09-20,-0.8752926674658323
2022-09-21,-1.16993833481972
2022-09-22,-0.781796506778365
2022-09-23,-1.87356687829614
2022-09-26,-0.16104052356844534
2022-09-27,-0.8525501535739499
2022-09-28,1.3014076287643173
2022-09-29,-0.9864677773029018
2022-09-30,-0.04632488106552923
2022-10-03,1.5067180631440413
2022-10-04,2.71752553182949
2022-10-05,-0.8448089078018861
2022-10-06,-2.42157151209742
2022-10-07,-2.3437224087490938
2022-10-11,-2.282329822330953
2022-10-12,0.168511125393489
2022-10-13,2.764463919052562
2022-10-14,-0.257321478666761
2022-10-17,1.5009206364098526
2022-10-18,0.9242188370622184
2022-10-19,-1.2591448900273972
2022-10-20,-1.1593188297935764
2022-10-21,1.2198581214544424
2022-10-24,0.6025433405375313
2022-10-25,0.9610858136341438
2022-10-26,0.27457723058808003
2022-10-27,0.5476999949756811
2022-10-28,0.9305497380275307
2022-10-31,-0.38228559607478285
2022-11-01,0.29346648971297906
2022-11-02,-0.832778367991871
2022-11-03,-0.34045888661087265
2022-11-04,1.8218986288815353
2022-11-07,0.536826513154498
2022-11-08,0.13346600861723346
2022-11-09,-1.2219499829565383
2022-11-10,3.3513249302205894
2022-11-11,0.6746222366319721
2022-11-14,-0.5836314434764733
2022-11-15,0.21743503443112377
2022-11-16,-0.26033907677834867
2022-11-17,0.0
2022-11-18,0.5438239869669959
2022-11-21,0.2299708141986656
2022-11-22,0.90905973405766
2022-11-23,0.3646680951478132
2022-11-24,0.21370525494468495
2022-11-25,0.3412396457924016
2022-11-28,-1.041466123115864
2022-11-29,0.06443938841667052
2022-11-30,0.7512255605199192
2022-12-01,0.06392689624645786
2022-12-02,-0.234178599931123
2022-12-05,-0.9389866323671225
2022-12-06,-0.9909299466458688
2022-12-07,-0.34812580751857336
2022-12-08,-0.2401796454636007
2022-12-09,0.3064054358838275
2022-12-12,-0.13094098083521466
2022-12-13,-1.3327419985204036
2022-12-14,-0.8414503203974744
2022-12-15,-0.9378867882879227
2022-12-16,-0.4283561545055825
2022-12-19,-0.9055845060154
2022-12-20,0.7310980624902985
2022-12-21,0.9752964796426511
2022-12-22,-0.6963368627243116
2022-12-23,0.6559473769700563
2022-12-28,-0.9213334374322479
2022-12-29,1.271602800912519
2022-12-30,-0.8985165529122319
2023-01-03,0.6572986192331376
2023-01-04,1.3060611634587493
2023-01-05,-0.62240430317968
2023-01-06,1.0736133146753701
2023-01-09,0.22127975022887547
2023-01-10,0.35330380667886185
2023-01-11,0.6600416000462461
2023-01-12,0.8524417767404202
2023-01-13,0.9102863172553155
2023-01-16,0.2577132821035333
2023-01-17,0.23567973635207906
2023-01-18,-0.38469258904387793
2023-01-19,-0.32183971560664215
2023-01-20,0.6242022962779981
2023-01-23,0.5347718301654814
2023-01-24,0.021252977654517835
2023-01-25,0.33917183595384426
2023-01-26,0.9566434075547026
2023-01-27,-0.08421938107633364
2023-01-30,-0.3161678276026869
2023-01-31,1.0359700171721942
2023-02-01,-0.020924915294850965
2023-02-02,0.5650999172235549
2023-02-03,0.3954220701179345
2023-02-06,-0.5596935125389058
2023-02-07,0.8546843034060503
2023-02-08,-0.04131292091021921
2023-02-09,-0.10342678686504625
2023-02-10,-0.20699684790587147
2023-02-13,0.5393081554375234
2023-02-14,-0.12379696061990408
2023-02-15,-0.02063039884405704
2023-02-16,0.08262707029811356
2023-02-17,0.24771191254806535
2023-02-21,-1.359128332695969
2023-02-22,-0.5463643334507107
2023-02-23,-0.5051452222871733
2023-02-24,0.5077098945626357
2023-02-27,0.10525431367007787
2023-02-28,-0.37845608230809846
2023-03-01,-0.42210924325981614
2023-03-02,-0.2755770454293094
2023-03-03,0.8926968091125032
2023-03-06,-0.02110816707990848
2023-03-07,-1.2010087282302462
2023-03-08,0.042683911161023325
2023-03-09,-1.833305438629873
2023-03-10,-2.149826956577361
2023-03-13,-2.0417316986442557
2023-03-14,0.7929543966348485
2023-03-15,-1.8880783286454816
2023-03-16,0.595628510435775
2023-03-17,-1.8447152840003977
2023-03-20,0.5568814716830239
2023-03-21,1.1767174356218657
2023-03-22,-0.8027845389932842
2023-03-23,-0.714763421591269
2023-03-24,0.1393375579123335
2023-03-27,0.7653247832611454
2023-03-28,-0.09209056656566128
2023-03-29,0.9905723144363554
2023-03-30,0.4789900651143375
2023-03-31,0.8172749667288093
2023-04-03,0.7880768333456967
2023-04-04,-0.7372360755999563
2023-04-05,-0.2700917570421568
2023-04-06,0.06769860201953914
2023-04-10,0.3834138792406572
2023-04-11,0.6290813684841412
2023-04-12,0.0
2023-04-13,0.4688116111774665
2023-04-14,0.20001010266692543
2023-04-17,0.5101103505179561
2023-04-18,0.8384520042184151
2023-04-19,0.372013143551575
2023-04-20,-0.10900300208336322
2023-04-21,0.13092589963827894
2023-04-24,-0.29946567129919277
2023-04-25,-1.7101281230457732
2023-04-26,0.13382690703815925
2023-04-27,1.3365939612449917
2023-04-28,0.4836322297578688
2023-05-01,-0.1750223455501354
2023-05-02,-1.7312934038395733
2023-05-03,-0.1784370838660898
2023-05-04,-1.2064208043178315
2023-05-05,1.6281816687962358
2023-05-08,0.15578864613858823
2023-05-09,-0.5332141141573321
2023-05-10,-0.31270344471513445
2023-05-11,0.42571447021211295
2023-05-12,-0.1784694074969062
2023-05-15,0.8046241006619326
2023-05-16,-1.2638622999461169
2023-05-17,0.8084570060602481
2023-05-18,-0.11136234402133738
2023-05-19,-0.20074763538443507
2023-05-23,-0.13406618421177852
2023-05-24,-1.8336116871565777
2023-05-25,-0.6173024044559883
2023-05-26,1.0582249576920333
2023-05-29,0.2958867161159784
2023-05-30,-0.8851278694117282
2023-05-31,-1.0762184701885058
2023-06-01,-0.09263850568418386
2023-06-02,2.201157932397768
2023-06-05,-1.0201718456823383
2023-06-06,0.8703427286472998
2023-06-07,-0.09080430998573696
2023-06-08,-0.06819879115694816
2023-06-09,0.0
2023-06-12,0.04547443258975381
2023-06-13,0.932057062220859
2023-06-14,0.2702136509218134
2023-06-15,0.3818764252640605
2023-06-16,-0.08949307207529733
2023-06-19,-0.2239662565468037
2023-06-20,-0.7856462191636493
2023-06-21,-0.5656210078830548
2023-06-22,-0.9101146044209751
2023-06-23,-1.0562710695727229
2023-06-26,1.1011244782715535
2023-06-27,1.243377367328291
2023-06-28,0.2046413844192685
2023-06-29,0.6809108276254028
2023-06-30,1.1045960148990064
2023-07-04,0.2675705457936939
2023-07-05,-0.15565222946583024
2023-07-06,-1.6035412342060407
2023-07-07,0.3394731849032162
2023-07-10,-0.2480977743145818
2023-07-11,0.22613301196616753
2023-07-12,0.6768969692031446
2023-07-13,1.1654014168314797
2023-07-14,0.4651793090815204
2023-07-17,0.48514688828580343
2023-07-18,0.7021921912525375
2023-07-19,0.7627046657503023
2023-07-20,0.04326365622053796
2023-07-21,0.41070844105433046
2023-07-24,0.12917694134833013
2023-07-25,-0.5780836525105193
2023-07-26,0.3470951932173838
2023-07-27,-0.17293366724202563
2023-07-28,0.19492724677263595
2023-07-31,0.2810097663051403
2023-08-01,-0.5389169559381624
2023-08-02,-1.1053274457144546
2023-08-03,-0.6355393149987232
2023-08-04,0.8822172378567084
2023-08-08,-0.4372419211322698
2023-08-09,-0.21961799488078304
2023-08-10,0.7922816734996729
2023-08-11,0.17467864720173143
2023-08-14,-0.3923187065708822
2023-08-15,-1.9256233379869592
2023-08-16,-0.24542778174940771
2023-08-17,-0.7604314205692186
2023-08-18,-0.4507424000833926
2023-08-21,-0.47546909793577674
2023-08-22,-1.1374329972266284
2023-08-23,0.9894338990273033
2023-08-24,-0.13666713643499806
2023-08-25,-0.4075404969384522
2023-08-28,1.0574775667602676
2023-08-29,1.251134207959903
2023-08-30,0.1572482914087736
2023-08-31,-0.7178187529032987
2023-09-01,1.2200741290490091
2023-09-05,-0.7142469643428351
2023-09-06,-0.6744859912926171
2023-09-07,-0.5658948211859971
2023-09-08,-0.09104663858099382
2023-09-11,0.9797316101737952
2023-09-12,0.18052871067386622
2023-09-13,0.6756730611784612
2023-09-14,1.2304312635564862
2023-09-15,0.3977810936234283
2023-09-18,-0.28616603736272284
2023-09-19,-0.8388631769442934
2023-09-20,0.08905869151540902
2023-09-21,-1.8016031399203936
2023-09-22,-0.27180727063094157
2023-09-25,-0.17776819309324177
2023-09-26,-1.1186763054965687
2023-09-27,-1.1083268757263287
2023-09-28,1.0973389756525176
2023-09-29,-0.2770928359369651
2023-10-02,-1.8527311825627613
2023-10-03,-1.4629743071505108
2023-10-04,0.6705396826476084
2023-10-05,0.6422041768849196
2023-10-06,0.4018254222359685
2023-10-10,0.8003656837278106
2023-10-11,1.1676840114591691
2023-10-12,-0.8310294701693088
2023-10-13,-0.884554034101015
2023-10-16,1.1272895955248163
2023-10-17,0.1625836338358555
2023-10-18,-1.7852943263808707
2023-10-19,-0.9915231572116268
2023-10-20,-2.0267022880378516
2023-10-23,-0.048669396583833624
2023-10-24,-0.7061058030090273
2023-10-25,-0.24126466470549834
2023-10-26,0.6910240674895984
2023-10-27,-1.4461256125894995
2023-10-30,1.367836883207052
2023-10-31,0.22082166680970072
2023-11-01,0.979198185839647
2023-11-02,2.8363488893554
2023-11-03,1.34369774850569
2023-11-06,-0.11629354852348284
2023-11-07,-0.6520505394622012
2023-11-08,0.18751871969748812
2023-11-09,0.5615129670082375
2023-11-10,0.2559537133030032
2023-11-13,0.2320376202297414
2023-11-14,2.1533037808081135
2023-11-15,0.43066308332255776
2023-11-16,0.0
2023-11-17,0.6093147471309068
2023-11-20,0.3813516665265526
2023-11-21,-0.7804860366583899
2023-11-22,-0.1582375121450985
2023-11-23,-0.06792891857911876
2023-11-24,0.11325739651637523
2023-11-27,-0.42994374109480704
2023-11-28,-0.6818101759243356
2023-11-29,1.235709884759184
2023-11-30,1.1076063794110524
2023-12-01,0.6930205969797987
2023-12-04,0.1332427933784297
2023-12-05,0.11082818268519645
2023-12-06,0.06645450179683099
2023-12-07,-0.022124559435077185
2023-12-08,0.6862883618514504
2023-12-11,0.5716627809221997
2023-12-12,-0.08741475747388039
2023-12-13,1.838050526915258
2023-12-14,1.2677114738017359
2023-12-15,-0.8911452982314105
2023-12-18,0.47101884208451406
2023-12-19,1.2571674013183154
2023-12-20,-0.7786124372871628
2023-12-21,0.7847223833622019
2023-12-22,0.6103055216598596
2023-12-27,0.6274588734761055
2023-12-28,-0.05841197975350321
2023-12-29,0.18782743423433335
2024-01-02,-0.43741656759662684
2024-01-03,-0.711262320179773
2024-01-04,0.4213990514648769
2024-01-05,0.4825814075559709
2024-01-08,0.8561279509686992
2024-01-09,-0.9523910510438327
2024-01-10,-0.33444498432672054
2024-01-11,-0.9438035265661893
2024-01-12,-0.3599449798387999
2024-01-15,0.3187664720512018
2024-01-16,-0.1482908365624147
2024-01-17,-0.827324914435279
2024-01-18,0.38502090227059416
2024-01-19,1.2145800296872622
2024-01-22,0.3789590183064018
2024-01-23,0.10484203355602961
2024-01-24,0.5028410445462983
2024-01-25,0.3683321327962119
2024-01-26,0.08338319596981059
2024-01-29,0.35416905057923387
2024-01-30,0.12458079110424514
2024-01-31,-1.0988981929087593
2024-02-01,-0.20966322521003278
2024-02-02,-0.08401383531542184
2024-02-05,-0.567717287223668
2024-02-06,0.42293592859548035
2024-02-07,-0.12634728054026212
2024-02-08,-0.5903434229353133
2024-02-09,0.742276562023747
2024-02-12,0.4632048861801241
2024-02-13,-1.8231623166506727
2024-02-14,1.6435515924417166
2024-02-15,1.6379703975632376
2024-02-16,0.10330696185045785
2024-02-20,0.30960104611679196
2024-02-21,-0.6584335245249484
2024-02-22,0.8906326854713598
2024-02-23,0.6512368364461452
2024-02-26,-0.7166330156204603
2024-02-27,-0.24747648618382856
2024-02-28,-0.24808197839234492
2024-02-29,0.6217388948075886
2024-03-01,0.453153306780707
2024-03-04,0.0
2024-03-05,0.4305953465146173
2024-03-06,0.18375681776703345
2024-03-07,0.550225904501267
2024-03-08,-0.12159410048483421
2024-03-11,0.32466509062254456
2024-03-12,0.24272118308732438
2024-03-13,0.30265237004916123
2024-03-14,-0.7644025470850635
2024-03-15,-0.0405451124196321
2024-03-18,-0.10140389537245387
2024-03-19,0.2638927901531085
2024-03-20,0.7086444482118814
2024-03-21,0.6634553418673361
2024-03-22,-0.6094122011445768
2024-03-25,-0.20172001874143586
2024-03-26,-0.020210299346801186
2024-03-27,0.8692350518586967
2024-03-28,0.28055445448627037
2024-04-01,-0.419650242775671
2024-04-02,-1.0435454272950007
2024-04-03,0.2433513539922938
2024-04-04,-0.12138442680925676
2024-04-05,0.769685793515773
2024-04-08,0.48242292083822136
2024-04-09,0.14001242394823255
2024-04-10,-1.4981778400091517
2024-04-11,-0.425887642012579
2024-04-12,-0.8961351903713499
2024-04-15,-0.6165009995578452
2024-04-16,-0.7651413431828402
2024-04-17,0.12504377723421278
2024-04-18,0.12487911497716109
2024-04-19,0.7482977319360096
2024-04-22,0.5570401272425807
2024-04-23,0.45135192783194444
2024-04-24,-0.4425517193696882
2024-04-25,-0.2881167686757391
2024-04-26,0.4953380222655568
2024-04-29,-0.041072619869686466
2024-04-30,-0.3903794878022393
2024-05-01,0.5156610118260518
2024-05-02,0.14365706207526419
2024-05-03,0.4303279303854879
2024-05-06,1.0814299080051937
2024-05-07,0.0
2024-05-08,0.7468430178620311
2024-05-09,0.6411798662116608
2024-05-10,-0.05973220910471255
2024-05-13,0.07968243787555007
2024-05-14,-0.01989867233076481
2024-05-15,0.3185150561471506
2024-05-16,0.11906895829443265
2024-05-17,0.5153653090848476
2024-05-21,-0.19722273148907732
2024-05-22,-0.3884367832325486
2024-05-23,-0.4178236320490747
2024-05-24,0.719283648232083
2024-05-27,0.07934250054781877
2024-05-28,-1.070363056479473
2024-05-29,-2.3242029377789852
2024-05-30,1.8872088245498686
2024-05-31,0.6241144115525898
2024-06-03,-0.20007903454761777
2024-06-04,-0.2806657060563267
2024-06-05,0.22112275009049664
2024-06-06,-0.28082652561490784
2024-06-07,-0.2816255454566319
2024-06-10,-0.12107145082140836
2024-06-11,-1.0704644274670994
2024-06-12,0.4695638139501579
2024-06-13,-1.2192502185523146
2024-06-14,-0.47316299754828206
2024-06-17,-0.14465865974917502
2024-06-18,0.269063788051227
2024-06-19,-0.5573761400085475
2024-06-20,-0.22837191665688872
2024-06-21,0.14566406847993374
2024-06-24,1.7452661637769262
2024-06-25,-0.11470719046356992
2024-06-26,-0.36914880069158773
2024-06-27,0.596931778154719
2024-06-28,0.08186682857922456
2024-07-02,0.6338124566549697
2024-07-03,1.1783811381431697
2024-07-04,-0.10040216917424072
2024-07-05,-1.0251313797194017
2024-07-08,0.62957302458031
2024-07-09,0.28253631347219255
2024-07-10,1.1068769967153669
2024-07-11,0.6369542659509619
2024-07-12,0.6922265986172293
2024-07-15,0.5106842090918384
2024-07-16,0.7231157824834078
2024-07-17,0.0
2024-07-18,-0.19403297391068497
2024-07-19,-0.3888203875825669
2024-07-22,0.917273222855175
2024-07-23,-0.21273381611828235
2024-07-24,-0.6395228140948062
2024-07-25,0.3900938260866349
2024-07-26,0.9898128742244383
2024-07-29,-0.09645698414638693
2024-07-30,0.540739839977955
2024-07-31,0.6146779344707642
2024-08-01,-1.5845625343697933
2024-08-02,-2.386047460069529
2024-08-06,-0.9936268051740638
2024-08-07,-1.1240753849642848
2024-08-08,1.4210230707746963
2024-08-09,0.7205998165296768
2024-08-12,-0.47694952386411194
2024-08-13,1.2779445150645996
2024-08-14,0.9266611251028678
2024-08-15,0.8790925116387349
2024-08-16,0.5034779707688175
2024-08-19,0.3275533833517086
2024-08-20,-0.07680836641812405
2024-08-21,0.3267271811756567
2024-08-22,-0.11496811794532436
2024-08-23,1.2274853801621965
2024-08-26,0.09472083071864201
2024-08-27,-0.022768293067487733
2024-08-28,0.24681959823522615
2024-08-29,0.6439569792339173
2024-08-30,0.9408958137773871
2024-09-03,-0.41015860951012506
2024-09-04,0.48673884746306406
2024-09-05,0.09313408678353063
2024-09-06,-0.4652970300884074
2024-09-09,1.4210994339384664
2024-09-10,0.20279589282325983
2024-09-11,0.8463688143139692
2024-09-12,0.6568228853238711
2024-09-13,0.271892794388906
2024-09-16,0.6688144659722006
2024-09-17,0.07182389797193434
2024-09-18,-0.25120321895806264
2024-09-19,1.295199156823168
2024-09-20,0.05327480771637472
2024-09-23,-0.15976074085233272
2024-09-24,-0.1817909692750974
2024-09-25,0.03571231306824796
2024-09-26,0.9103925906468247
2024-09-27,0.01769939012330468
2024-09-30,0.1768632424809624
2024-10-01,-0.24717563395199038
2024-10-02,-0.15928677470304908
2024-10-03,-0.21271646175786696
2024-10-04,0.8349261684486908
2024-10-07,-0.35234845962845984
2024-10-08,-0.05304163413628604
2024-10-09,0.38919496942739773
2024-10-10,-0.19384659192369647
2024-10-11,0.7591565019048785
2024-10-15,0.2978950237253919
2024-10-16,0.7337681661816475
2024-10-17,0.606997324274583
2024-10-18,0.2240972760880755
2024-10-21,-0.5848044009341358
2024-10-22,-0.22490455455494995
2024-10-23,-0.10404143514850528
2024-10-24,0.2256671721882375
2024-10-25,-0.4676396554536888
2024-10-28,0.9280018473755369
2024-10-29,-0.2246695197337112
2024-10-30,-0.017330251229030758
2024-10-31,-1.3860017463601215
2024-11-01,0.8432820180103828
2024-11-04,0.08710760703747322
2024-11-05,0.7484915545234339
2024-11-06,1.693147344930468
2024-11-07,0.49271124855401194
2024-11-08,-0.0338284144338008
2024-11-11,0.9132363537034394
2024-11-12,-0.20110112338299624
2024-11-13,-0.08394922080177114
2024-11-14,0.5378017601910035
2024-11-15,-0.46809275849731824
2024-11-18,-0.016783257769470428
2024-11-19,0.1847879976538458
2024-11-20,0.11737973643139998
2024-11-21,1.010589122038641
2024-11-22,0.19946002936728213
2024-11-25,0.09951493422630797
2024-11-26,0.414248771142689
2024-11-27,0.4290364162141458
2024-11-28,-0.04926521683484841
2024-11-29,0.2794471779005159
2024-12-02,0.1311596522541425
2024-12-03,-0.4420578452538071
2024-12-04,0.11512984474673083
2024-12-05,0.2627904167568973
2024-12-06,0.44232799207959417
2024-12-09,-0.2609539071944611
2024-12-10,-0.212605084097639
2024-12-11,0.3277589771904843
2024-12-12,-0.6860420164296888
2024-12-13,-0.1644823134398954
2024-12-16,0.11534507098946989
2024-12-17,-0.31267653916199345
2024-12-18,-1.9973458349861195
2024-12-19,-0.13476063042152653
2024-12-20,0.5397362507484349
2024-12-23,0.4529457548081206
2024-12-24,0.20039262446331918
2024-12-27,0.21666006148803874
2024-12-30,-0.36339135072679385
2024-12-31,0.16728149150877503
2025-01-02,-0.35073573608035424
2025-01-03,0.7207308130464662
2025-01-06,-0.41602645388701953
2025-01-07,-0.2506786467746047
2025-01-08,0.5863667707302289
2025-01-09,0.0666302734289026
2025-01-10,-1.6811018999722371
2025-01-13,-0.5417212185190867
2025-01-14,0.25531597555312757
2025-01-15,1.2224024733550998
2025-01-16,0.7212345108442042
2025-01-17,0.7826825150982542
2025-01-20,-0.21479798735641875
2025-01-21,0.7120449773989179
2025-01-22,-0.3124086243247781
2025-01-23,0.5937581294884531
2025-01-24,0.3279359989300401
2025-01-27,0.0490074829329723
2025-01-28,0.2455940081021568
2025-01-29,0.08165761717855435
2025-01-30,0.7017071725109236
2025-01-31,-0.5833719545504046
2025-02-03,-1.8907872603943
2025-02-04,-0.930404583122646
2025-02-05,0.737877613065252
2025-02-06,0.8157404364340426
2025-02-07,-0.09909684206409475
2025-02-10,-0.04956472893492547
2025-02-11,-0.21498995530653264
2025-02-12,0.1491608917778331
2025-02-13,-0.08275177807162137
2025-02-14,0.26499341202053106
2025-02-18,0.7432946731007917
2025-02-19,-0.2951164078963009
2025-02-20,-0.2795612861335228
2025-02-21,-0.8245472670357801
2025-02-24,0.033262974938974565
2025-02-25,0.7330811894964206
2025-02-26,0.24811869986010038
2025-02-27,-0.7259777193535433
2025-02-28,1.3129569841780375
2025-03-03,-0.820215768964716
2025-03-04,-2.7786894377879956
2025-03-05,0.7825803087909922
2025-03-06,-1.7049321329865141
2025-03-07,0.5495359926228405
2025-03-10,-1.5712820693388752
2025-03-11,-1.388180979207343
2025-03-12,0.7038613591108467
2025-03-13,-1.4502830605439443
2025-03-14,1.8085043342427776
2025-03-17,1.0971903605390354
2025-03-18,-0.25841268622777136
2025-03-19,1.1571703188237192
2025-03-20,-0.06828562071886646
2025-03-21,-0.1537747286250668
2025-03-24,1.5913758953931767
2025-03-25,0.32003946837362296
2025-03-26,-0.4375770570821169
2025-03-27,-0.23663493014777215
2025-03-28,-1.5588041756024018
2025-03-31,0.9122335350526756
2025-04-01,0.613996107863457
2025-04-02,1.1188304328046295
2025-04-03,-3.101431593186177
2025-04-04,-4.083014390246742
2025-04-07,-2.092360657683856
2025-04-08,-0.7185087336804563
2025-04-09,4.323624091914602
2025-04-10,-3.539674456831221
2025-04-11,1.8440234618307683
2025-04-14,1.7200637943912689
2025-04-15,0.8009902706974215
2025-04-16,-0.2825201270271971
2025-04-17,0.31876190103965474
2025-04-21,-0.8473168045185053
2025-04-22,1.993948990181571
2025-04-23,1.0473037534368013
2025-04-24,0.8982566973997574
2025-04-25,0.2729895545639849
2025-04-28,0.37671752776489154
2025-04-29,0.9553007542673075
2025-04-30,0.13517539914362775
2025-05-01,0.303754039755022
2025-05-02,1.0767260177492632
2025-05-05,-0.24967350766169627
2025-05-06,-0.4004774984765591
2025-05-07,0.6868911299924285
2025-05-08,0.7321166496543574
2025-05-09,-0.016520600067804203
2025-05-12,1.0738405196352607
2025-05-13,0.35960605200515694
2025-05-14,0.6188805488793747
2025-05-15,1.0035719882834027
2025-05-16,0.27242182069520116
2025-05-20,0.047960143349712325
2025-05-21,-1.0063841022786901
2025-05-22,0.5970677759559395
2025-05-23,-0.03216941012372798
2025-05-26,0.46659705881404445
2025-05-27,1.041013410022984
2025-05-28,0.2219021367626528
2025-05-29,-0.5535239434079076
2025-05-30,0.11131847498255798
2025-06-02,0.11120094269008174
2025-06-03,0.22216108810191315
2025-06-04,-0.28499896161914284
2025-06-05,0.09527325739118186
2025-06-06,0.5710580089622441
2025-06-09,-0.3154530296332281
2025-06-10,0.14241863623623008
2025-06-11,-0.33182926686033953
2025-06-12,0.348777352629126
2025-06-13,-0.8372928219705811
2025-06-16,0.6850467815583627
2025-06-17,-0.28481237954937066
2025-06-18,0.571257995820762
2025-06-19,-0.09467196530150712
2025-06-20,0.047355993275499664
2025-06-23,0.6629867251788601
2025-06-24,0.940905328108621
2025-06-25,-0.40654266308907117
2025-06-26,0.7194213708344055
2025-06-27,0.37267398548945785
2025-06-30,0.5878611101738374
2025-07-02,-0.2614768519079935
2025-07-03,0.8173065377687694
2025-07-04,0.015305826125810995
2025-07-07,-0.3364846751897077
2025-07-08,-0.07667343011633632
2025-07-09,0.2456842017377836
2025-07-10,0.6433607245175388
2025-07-11,-0.5022680337521845
2025-07-14,0.27535500128237356
2025-07-15,-0.5644818443737765
2025-07-16,0.9052071074718615
2025-07-17,1.033908905461045
2025-07-18,-0.1504992260157878
2025-07-21,-0.24113569437336224
2025-07-22,0.0
2025-07-23,0.6345275286899321
2025-07-24,-0.10508581419245155
2025-07-25,0.5109840705685764
2025-07-28,-0.3492707006294671
2025-07-29,-0.07521030987495125
2025-07-30,-0.511800907985982
2025-07-31,-0.39343929961979107
2025-08-01,-0.9265926491005994
2025-08-05,1.1192794105577164
2025-08-06,0.3790617509676686
2025-08-07,-0.6948638661923301
2025-08-08,-0.19771941152494366
2025-08-11,0.1676471630175813
2025-08-12,0.6847323337462186
2025-08-13,0.6800401549998059
2025-08-14,0.42029970391419536
2025-08-15,-0.16443793623078795
2025-08-18,0.014974590650584929
2025-08-19,-0.1496883396684634
2025-08-20,0.04497264916711874
2025-08-21,0.22477389207733456
2025-08-22,0.7924799996068321
2025-08-25,-0.8900839385526438
2025-08-26,1.4060187093541954
2025-08-27,1.1985498515948656
2025-08-28,-0.3216828044549369
2025-08-29,0.3814432824414071
2025-09-02,0.029215376071811683
2025-09-03,0.5843421440833607
2025-09-04,0.7407368773492129
2025-09-05,-0.18739317744772555
2025-09-08,-0.08668970273369991
2025-09-09,0.3614264477710849
2025-09-10,0.38895734041295427
2025-09-11,0.9326744433783007
2025-09-12,-0.4264976331767478
2025-09-15,0.42832442671902893
2025-09-16,-0.08527733055764264
2025-09-17,0.14226500144343124
2025-09-18,0.5825820996092856
2025-09-19,0.7628043738101997
2025-09-22,0.43460836108915046
2025-09-23,-0.2931416278764143
2025-09-24,-0.635677871337037
2025-09-25,-0.14121102948438935
2025-09-26,0.2545591161009719
2025-09-29,0.39496441519042413
2025-09-30,0.15456939974547446
2025-10-01,0.16834900952371612
2025-10-02,0.04200561027409844
2025-10-03,0.6019947939710946
2025-10-06,0.04175839587068353
2025-10-07,-0.37558202267640173
2025-10-08,-0.2792496926132926
2025-10-09,-0.05600633604390115
2025-10-10,-1.0927355540025885
2025-10-14,1.841358007735816
2025-10-15,0.36162167689339775
2025-10-16,-1.7184130781490614
2025-10-17,-0.1551142513922632
2025-10-20,0.7908543558746706
2025-10-21,-0.08407927087503708
2025-10-22,0.09817320728777723
2025-10-23,0.47632062610369896
2025-10-24,0.6135144535548198
2025-10-27,0.7760369779682641
2025-10-28,0.4106213865403552
2025-10-29,-1.3448556596537875
2025-10-30,-0.06956003547843315
2025-10-31,0.6681611099270457
2025-11-03,0.5807484645974803
2025-11-04,-0.5911468269813369
2025-11-05,0.2627584455998866
2025-11-06,-0.24827273616088164
2025-11-07,0.013820691466603918
2025-11-10,0.5806789577887717
2025-11-11,0.15120380794713117
2025-11-12,1.4411213045104843
2025-11-13,-1.5694787392306009
2025-11-14,0.1787138627385998
2025-11-17,-0.28816430772420354
2025-11-18,0.0
2025-11-19,-0.016545594342454173
2025-11-20,-0.1655047177188229
2025-11-21,1.2432788858170785
2025-11-24,0.5321339884194476
2025-11-25,1.1264928467262125
2025-11-26,0.3489299907091459
2025-11-27,0.026753822508140956
2025-11-28,0.3610125900159078
2025-12-01,-0.9592407172661521
2025-12-02,0.6188032811139443
2025-12-03,0.16040666911802948
2025-12-04,1.4148548055752386
2025-12-05,0.17108448617231264
2025-12-08,0.13139357701152932
2025-12-09,0.4067825452752638
2025-12-10,1.032409850015692
2025-12-11,0.40098458787287683
2025-12-12,-0.41226387086156224
2025-12-15,0.42689455782687347
2025-12-16,-0.3349162924087046
2025-12-17,-0.8142696640815572
2025-12-18,0.9643078928387672
2025-12-19,0.6582352384100654
2025-12-22,0.3205406804214439
2025-12-23,0.21728708185768664
2025-12-24,0.11476863170110096
2025-12-29,0.35668706986398124
2025-12-30,-0.2060012395715738
2025-12-31,-0.34409675317577104
2026-01-02,0.6010235686102261
2026-01-05,1.5889161242019556
2026-01-06,-0.5004986872165551
2026-01-07,-0.8299715025268606
2026-01-08,0.4311230492823226
2026-01-09,0.37880365220210876
2026-01-12,-0.03773546687877438
2026-01-13,-0.7424174954473894
2026-01-14,0.19017015792877068
2026-01-15,0.6200048471093567
2026-01-16,-0.15090390955033728
2026-01-19,-0.5037764955069468
2026-01-20,-1.4430233617887422
2026-01-21,0.6550151038776875
2026-01-22,0.12760183722146934
2026-01-23,-0.24216116084236905
2026-01-26,-0.29379107484749367
2026-01-27,-0.2348941795819126
2026-01-28,-0.9778800303841373
2026-01-29,0.4807758923466743
2026-01-30,-0.7370938871390176
2026-02-02,1.7587099196719747
2026-02-03,-0.2944694529245062
2026-02-04,0.4109010165417093
2026-02-05,-0.3964329630169794
2026-02-06,0.9372336587043728
2026-02-09,1.081140424807514
2026-02-10,0.6039955085144877
2026-02-11,-1.2883047494965716
2026-02-12,-0.8109528372725716
2026-02-13,0.4982257764714282
2026-02-17,0.30507368807950463
2026-02-18,0.5322527354909568
2026-02-19,-0.3529630299571429
2026-02-20,0.8602350245527912
2026-02-23,-1.3796766950019412
2026-02-24,-0.003822854616941651
2026-02-25,1.8221266832382454
2026-02-26,0.32536540388019564
2026-02-27,-1.9458612639208783
2026-03-02,0.5597173264139998
2026-03-03,-1.3029658246981546
2026-03-04,0.4870490794774307
2026-03-05,-1.0076458347126782
2026-03-06,-1.9198595173841815
2026-03-09,-0.6043101465457945
2026-03-10,0.8987495857386563
2026-03-11,-0.4584759450920073
2026-03-12,-1.4343895820861818
2026-03-13,-0.3471391270930213
2026-03-16,1.6613172510206997
2026-03-17,0.6457614554276514
2026-03-18,-0.8904141962114753
2026-03-19,-1.1890639014469628
2026-03-20,-1.1632462529761023
2026-03-23,1.8939316869905687
2026-03-24,0.1194915266386598
2026-03-25,1.0078227797997608
2026-03-26,-1.2798721555583814
2026-03-27,-1.1192535301053241
2026-03-30,0.09432342676294336
2026-03-31,2.4367292727534906
2026-04-01,0.8411085040997746
2026-04-02,0.4431159171294663
2026-04-06,0.42817633617575623
2026-04-07,0.3746930145919869
2026-04-08,1.995094282227905
2026-04-09,0.8455402045687066
2026-04-10,0.6131864221396333
2026-04-13,1.2064613715401684
2026-04-14,1.2043779427233892
2026-04-15,0.898598385067384
2026-04-16,-0.4573370852441139
2026-04-17,1.4750347273120745
2026-04-20,0.20255144750818133
2026-04-21,-0.8561286950023672
2026-04-22,-0.3358088073252552
2026-04-23,0.13237502093543796
2026-04-24,0.0
2026-04-27,-0.09995949813208505
2026-04-28,0.24109667082863329
2026-04-29,-1.082256281243621
2026-04-30,2.0666249636468237
2026-05-01,-0.11911710598686565
2026-05-04,-0.9420356306219957
2026-05-05,0.7343085703335861
2026-05-06,1.4579391134630804
2026-05-07,-0.4711478390921564
2026-05-08,0.4378841077698814
2026-05-11,-0.4124034415261324
2026-05-12,0.35494730645895256
2026-05-13,-1.0492829112112023
2026-05-14,1.6442170522483757
2026-05-15,-0.5157475872538786
2026-05-19,0.1413933966206038
2026-05-20,1.8825593348237302
2026-05-21,1.1073388201800816
2026-05-22,0.2517750925004947
2026-05-25,0.8790084744494164
2026-05-26,-0.5318611713665988
2026-05-27,-0.21615179667512363
2026-05-28,-0.866497583164294
2026-05-29,0.12651891928310288
2026-06-01,-0.9763475972183966
2026-06-02,1.635543381981286
2026-06-03,-0.5478164090441884
2026-06-04,1.652519502250227
2026-06-05,-0.033863128558353495
2026-06-08,0.4065471495979134
2026-06-09,0.9897609626416504
2026-06-10,-0.2561614484065333
2026-06-11,1.2058958599667324
2026-06-12,0.8053939722936665
2026-06-15,0.4487148770674798
2026-06-16,0.8280726295838203
2026-06-17,0.5295040343973323
2026-06-18,0.5159672839108342
2026-06-19,-0.010700802527385811
2026-06-22,0.3422491082120338
2026-06-23,0.2557990600677851
2026-06-24,-0.3933537538492238
2026-06-25,0.39241098691837895
2026-06-26,-0.18105825738967685
2026-06-29,0.4268017797291135
2026-06-30,0.7437288664874364
2026-07-02,-0.5062205997202973
2026-07-03,0.41339288112032246
2026-07-06,1.0661885784335468
2026-07-07,0.4073478833107824
2026-07-08,-1.8204494377370484
2026-07-09,0.9641962865633458
2026-07-10,1.0704129688142272
2026-07-13,-0.3322672341226296
2026-07-14,0.6875773205535118
2026-07-15,1.583030188800283
2026-07-16,-0.4176028239857965
2026-07-17,-0.4909386815543426
2026-07-20,-1.8809797700917175
2026-07-21,0.35617694221350416
2026-07-22,0.05217990313921561
2026-07-23,-1.1789254900883561
2026-07-24,0.876276109761065
2026-07-27,0.7011971658929861
2026-07-28,1.1585701745698618
2026-07-29,-3.015020015599801
2026-07-30,1.294426458979414
2026-07-31,0.27234313954871414
2026-08-04,0.7103327373714219
2026-08-05,0.33190999004364397
2026-08-06,-0.20676342012861948
2026-08-07,-0.3522150057636453
2026-08-10,-0.062388369466892524
2026-08-11,-0.23924774327992449
2026-08-12,1.0844640109558101
2026-08-13,0.49514300899315966
2026-08-14,0.03079641522196752
2026-08-17,-0.5028245012238308
2026-08-18,-1.1757369655617467
2026-08-19,-2.661245867249218
2026-08-20,-1.5867860630254027
2026-08-21,0.3377262331178521
2026-08-24,0.1411541751748846
2026-08-25,1.8540598199597857
2026-08-26,-0.0394538288517321
2026-08-27,-0.5866699218750049
2026-08-28,0.1287583159993888
2026-08-31,-0.6858116070953324
2026-09-01,-0.79844395914207
2026-09-02,1.5988701127563676
2026-09-03,1.4666471078870424
2026-09-04,-0.3376236536670185
2026-09-08,-1.513868641790872
2026-09-09,-1.042675731947862
2026-09-10,0.29329163547835435
2026-09-11,0.660674318481802
2026-09-14,0.06455515065386663
2026-09-15,-0.25806221910702476
2026-09-16,0.10241614760164719
