date,bond_index_return
2019-01-02,11.952286720275879
2019-01-03,11.999065399169922
2019-01-04,11.952286720275879
2019-01-07,11.944489479064941
2019-01-08,11.936689376831055
2019-01-09,11.928897857666016
2019-01-10,11.928897857666016
2019-01-11,11.936689376831055
2019-01-14,11.944489479064941
2019-01-15,11.928897857666016
2019-01-16,11.928897857666016
2019-01-17,11.921099662780762
2019-01-18,11.913307189941406
2019-01-21,11.936689376831055
2019-01-22,11.967879295349121
2019-01-23,11.967879295349121
2019-01-24,11.983471870422363
2019-01-25,11.983471870422363
2019-01-28,11.983471870422363
2019-01-29,11.991287231445312
2019-01-30,12.006924629211426
2019-01-31,12.053825378417969
2019-02-01,12.014738082885742
2019-02-04,12.030379295349121
2019-02-05,12.038190841674805
2019-02-06,12.053825378417969
2019-02-07,12.085095405578613
2019-02-08,12.085095405578613
2019-02-11,12.061640739440918
2019-02-12,12.069458961486816
2019-02-13,12.053825378417969
2019-02-14,12.092909812927246
2019-02-15,12.108545303344727
2019-02-19,12.108545303344727
2019-02-20,12.108545303344727
2019-02-21,12.100729942321777
2019-02-22,12.100729942321777
2019-02-25,12.116358757019043
2019-02-26,12.139872550964355
2019-02-27,12.11635971069336
2019-02-28,12.100687026977539
2019-03-01,12.100687026977539
2019-03-04,12.124198913574219
2019-03-05,12.132036209106445
2019-03-06,12.179062843322754
2019-03-07,12.226086616516113
2019-03-08,12.202568054199219
2019-03-11,12.226086616516113
2019-03-12,12.249594688415527
2019-03-13,12.241754531860352
2019-03-14,12.233916282653809
2019-03-15,12.273104667663574
2019-03-18,12.28094482421875
2019-03-19,12.28094482421875
2019-03-20,12.320131301879883
2019-03-21,12.320131301879883
2019-03-22,12.390663146972656
2019-03-25,12.422016143798828
2019-03-26,12.422016143798828
2019-03-27,12.445590019226074
2019-03-28,12.422014236450195
2019-03-29,12.374871253967285
2019-04-01,12.327727317810059
2019-04-02,12.343443870544434
2019-04-03,12.327727317810059
2019-04-04,12.343443870544434
2019-04-05,12.343443870544434
2019-04-08,12.312015533447266
2019-04-09,12.304154396057129
2019-04-10,12.327727317810059
2019-04-11,12.304154396057129
2019-04-12,12.272726058959961
2019-04-15,12.296300888061523
2019-04-16,12.272726058959961
2019-04-17,12.264871597290039
2019-04-18,12.296300888061523
2019-04-22,12.272726058959961
2019-04-23,12.304154396057129
2019-04-24,12.367012977600098
2019-04-25,12.359159469604492
2019-04-26,12.374910354614258
2019-04-29,12.351279258728027
2019-04-30,12.367035865783691
2019-05-01,12.38278865814209
2019-05-02,12.31189250946045
2019-05-03,12.335524559020996
2019-05-06,12.351279258728027
2019-05-07,12.398547172546387
2019-05-08,12.38278865814209
2019-05-09,12.398547172546387
2019-05-10,12.374910354614258
2019-05-13,12.422170639038086
2019-05-14,12.406417846679688
2019-05-15,12.4300537109375
2019-05-16,12.4300537109375
2019-05-17,12.4300537109375
2019-05-21,12.374910354614258
2019-05-22,12.390665054321289
2019-05-23,12.453680038452148
2019-05-24,12.477312088012695
2019-05-27,12.500941276550293
2019-05-28,12.516700744628906
2019-05-29,12.516700744628906
2019-05-30,12.524592399597168
2019-05-31,12.564079284667969
2019-06-03,12.619362831115723
2019-06-04,12.60356616973877
2019-06-05,12.619362831115723
2019-06-06,12.60356616973877
2019-06-07,12.619362831115723
2019-06-10,12.587773323059082
2019-06-11,12.571981430053711
2019-06-12,12.595667839050293
2019-06-13,12.63515567779541
2019-06-14,12.65095043182373
2019-06-17,12.658844947814941
2019-06-18,12.674638748168945
2019-06-19,12.682534217834473
2019-06-20,12.6904296875
2019-06-21,12.666744232177734
2019-06-24,12.682534217834473
2019-06-25,12.6904296875
2019-06-26,12.642929077148438
2019-06-27,12.674598693847656
2019-06-28,12.698352813720703
2019-07-02,12.6904296875
2019-07-03,12.71418285369873
2019-07-04,12.70626449584961
2019-07-05,12.619179725646973
2019-07-08,12.611268997192383
2019-07-09,12.619179725646973
2019-07-10,12.619179725646973
2019-07-11,12.587514877319336
2019-07-12,12.595430374145508
2019-07-15,12.611268997192383
2019-07-16,12.603351593017578
2019-07-17,12.658761978149414
2019-07-18,12.674598693847656
2019-07-19,12.674598693847656
2019-07-22,12.698352813720703
2019-07-23,12.6904296875
2019-07-24,12.722099304199219
2019-07-25,12.71418285369873
2019-07-26,12.70626449584961
2019-07-29,12.698328018188477
2019-07-30,12.682455062866211
2019-07-31,12.698328018188477
2019-08-01,12.753884315490723
2019-08-02,12.801497459411621
2019-08-06,12.888803482055664
2019-08-07,12.912612915039062
2019-08-08,12.904675483703613
2019-08-09,12.872931480407715
2019-08-12,12.928483963012695
2019-08-13,12.912612915039062
2019-08-14,12.976104736328125
2019-08-15,13.039596557617188
2019-08-16,12.999917030334473
2019-08-19,12.960227966308594
2019-08-20,12.960227966308594
2019-08-21,12.904675483703613
2019-08-22,12.841193199157715
2019-08-23,12.920548439025879
2019-08-26,12.896740913391113
2019-08-27,12.976104736328125
2019-08-28,12.984060287475586
2019-08-29,12.968149185180664
2019-08-30,12.960189819335938
2019-09-03,12.976104736328125
2019-09-04,12.976104736328125
2019-09-05,12.864720344543457
2019-09-06,12.848811149597168
2019-09-09,12.801077842712402
2019-09-10,12.729470252990723
2019-09-11,12.721515655517578
2019-09-12,12.68968677520752
2019-09-13,12.649909019470215
2019-09-16,12.697649955749512
2019-09-17,12.729470252990723
2019-09-18,12.7612943649292
2019-09-19,12.77720832824707
2019-09-20,12.816987037658691
2019-09-23,12.83289623260498
2019-09-24,12.89654541015625
2019-09-25,12.809026718139648
2019-09-26,12.832955360412598
2019-09-27,12.832955360412598
2019-09-30,12.840935707092285
2019-10-01,12.832955360412598
2019-10-02,12.880810737609863
2019-10-03,12.928665161132812
2019-10-04,12.952591896057129
2019-10-07,12.912715911865234
2019-10-08,12.904743194580078
2019-10-09,12.872835159301758
2019-10-10,12.79307746887207
2019-10-11,12.737248420715332
2019-10-15,12.697369575500488
2019-10-16,12.697369575500488
2019-10-17,12.697369575500488
2019-10-18,12.721292495727539
2019-10-21,12.713319778442383
2019-10-22,12.737248420715332
2019-10-23,12.745223045349121
2019-10-24,12.72927474975586
2019-10-25,12.713319778442383
2019-10-28,12.625588417053223
2019-10-29,12.649574279785156
2019-10-30,12.761518478393555
2019-10-31,12.801501274108887
2019-11-01,12.785507202148438
2019-11-04,12.721537590026855
2019-11-05,12.665567398071289
2019-11-06,12.721537590026855
2019-11-07,12.67356014251709
2019-11-08,12.70554256439209
2019-11-11,12.70554256439209
2019-11-12,12.689553260803223
2019-11-13,12.737530708312988
2019-11-14,12.801501274108887
2019-11-15,12.809494972229004
2019-11-18,12.809494972229004
2019-11-19,12.849472045898438
2019-11-20,12.881454467773438
2019-11-21,12.841477394104004
2019-11-22,12.849472045898438
2019-11-25,12.849472045898438
2019-11-26,12.881454467773438
2019-11-27,12.857413291931152
2019-11-28,12.865427017211914
2019-11-29,12.873441696166992
2019-12-02,12.825346946716309
2019-12-03,12.88145637512207
2019-12-04,12.80931282043457
2019-12-05,12.753201484680176
2019-12-06,12.777252197265625
2019-12-09,12.753201484680176
2019-12-10,12.753201484680176
2019-12-11,12.76923656463623
2019-12-12,12.705107688903809
2019-12-13,12.777252197265625
2019-12-16,12.761221885681152
2019-12-17,12.761221885681152
2019-12-18,12.737170219421387
2019-12-19,12.76923656463623
2019-12-20,12.80931282043457
2019-12-23,12.793282508850098
2019-12-24,12.801294326782227
2019-12-27,12.817368507385254
2019-12-30,12.777194023132324
2019-12-31,12.745048522949219
2020-01-02,12.777194023132324
2020-01-03,12.849514961242676
2020-01-06,12.817368507385254
2020-01-07,12.809331893920898
2020-01-08,12.777194023132324
2020-01-09,12.793264389038086
2020-01-10,12.817368507385254
2020-01-13,12.809331893920898
2020-01-14,12.825407028198242
2020-01-15,12.865589141845703
2020-01-16,12.849514961242676
2020-01-17,12.841477394104004
2020-01-20,12.849514961242676
2020-01-21,12.88969612121582
2020-01-22,12.945944786071777
2020-01-23,12.9780912399292
2020-01-24,13.02630615234375
2020-01-27,13.098628997802734
2020-01-28,13.042378425598145
2020-01-29,13.066545486450195
2020-01-30,13.066545486450195
2020-01-31,13.090712547302246
2020-02-03,13.106823921203613
2020-02-04,13.066545486450195
2020-02-05,13.026269912719727
2020-02-06,13.050436019897461
2020-02-07,13.090712547302246
2020-02-10,13.122940063476562
2020-02-11,13.074601173400879
2020-02-12,13.034323692321777
2020-02-13,13.034323692321777
2020-02-14,13.074601173400879
2020-02-18,13.106823921203613
2020-02-19,13.090712547302246
2020-02-20,13.130990982055664
2020-02-21,13.179330825805664
2020-02-24,13.227660179138184
2020-02-25,13.195441246032715
2020-02-26,13.155062675476074
2020-02-27,13.163134574890137
2020-02-28,13.155062675476074
2020-03-02,13.171216011047363
2020-03-03,13.316573143005371
2020-03-04,13.316573143005371
2020-03-05,13.397330284118652
2020-03-06,13.51846981048584
2020-03-09,13.558841705322266
2020-03-10,13.470006942749023
2020-03-11,13.260041236877441
2020-03-12,12.727055549621582
2020-03-13,12.872417449951172
2020-03-16,12.355585098266602
2020-03-17,12.5413236618042
2020-03-18,11.321913719177246
2020-03-19,12.234447479248047
2020-03-20,12.299053192138672
2020-03-23,12.307130813598633
2020-03-24,12.37173080444336
2020-03-25,12.630154609680176
2020-03-26,12.517098426818848
2020-03-27,12.614253997802734
2020-03-30,12.670926094055176
2020-03-31,12.77618408203125
2020-04-01,12.670926094055176
2020-04-02,12.865239143371582
2020-04-03,12.857146263122559
2020-04-06,12.832852363586426
2020-04-07,12.768088340759277
2020-04-08,12.792376518249512
2020-04-09,12.897625923156738
2020-04-13,12.946205139160156
2020-04-14,12.97049331665039
2020-04-15,13.229578018188477
2020-04-16,13.237678527832031
2020-04-17,13.261969566345215
2020-04-20,13.229578018188477
2020-04-21,13.270062446594238
2020-04-22,13.237678527832031
2020-04-23,13.24577522277832
2020-04-24,13.278158187866211
2020-04-27,13.261969566345215
2020-04-28,13.294435501098633
2020-04-29,13.310663223266602
2020-04-30,13.375598907470703
2020-05-01,13.432403564453125
2020-05-04,13.391827583312988
2020-05-05,13.408053398132324
2020-05-06,13.351244926452637
2020-05-07,13.399937629699707
2020-05-08,13.383710861206055
2020-05-11,13.351244926452637
2020-05-12,13.367474555969238
2020-05-13,13.335013389587402
2020-05-14,13.367474555969238
2020-05-15,13.391827583312988
2020-05-19,13.343128204345703
2020-05-20,13.391827583312988
2020-05-21,13.383710861206055
2020-05-22,13.424298286437988
2020-05-25,13.456757545471191
2020-05-26,13.440526008605957
2020-05-27,13.440519332885742
2020-05-28,13.4242525100708
2020-05-29,13.440519332885742
2020-06-01,13.448660850524902
2020-06-02,13.440519332885742
2020-06-03,13.407984733581543
2020-06-04,13.37543773651123
2020-06-05,13.326624870300293
2020-06-08,13.391706466674805
2020-06-09,13.448660850524902
2020-06-10,13.513744354248047
2020-06-11,13.521886825561523
2020-06-12,13.538155555725098
2020-06-15,13.603240966796875
2020-06-16,13.578835487365723
2020-06-17,13.619521141052246
2020-06-18,13.627646446228027
2020-06-19,13.627646446228027
2020-06-22,13.6439208984375
2020-06-23,13.635787963867188
2020-06-24,13.603240966796875
2020-06-25,13.627646446228027
2020-06-26,13.6358060836792
2020-06-29,13.652121543884277
2020-06-30,13.668426513671875
2020-07-02,13.652121543884277
2020-07-03,13.660270690917969
2020-07-06,13.676581382751465
2020-07-07,13.709202766418457
2020-07-08,13.643962860107422
2020-07-09,13.652121543884277
2020-07-10,13.660270690917969
2020-07-13,13.676581382751465
2020-07-14,13.692893981933594
2020-07-15,13.692893981933594
2020-07-16,13.749984741210938
2020-07-17,13.749984741210938
2020-07-20,13.758132934570312
2020-07-21,13.78260326385498
2020-07-22,13.766287803649902
2020-07-23,13.766287803649902
2020-07-24,13.78260326385498
2020-07-27,13.766287803649902
2020-07-28,13.815225601196289
2020-07-29,13.807047843933105
2020-07-30,13.831572532653809
2020-07-31,13.856101036071777
2020-08-04,13.896970748901367
2020-08-05,13.864272117614746
2020-08-06,13.888797760009766
2020-08-07,13.872451782226562
2020-08-10,13.847920417785645
2020-08-11,13.7661714553833
2020-08-12,13.725306510925293
2020-08-13,13.684435844421387
2020-08-14,13.684435844421387
2020-08-17,13.717129707336426
2020-08-18,13.749823570251465
2020-08-19,13.725306510925293
2020-08-20,13.741653442382812
2020-08-21,13.749823570251465
2020-08-24,13.749823570251465
2020-08-25,13.708950996398926
2020-08-26,13.684435844421387
2020-08-27,13.651651382446289
2020-08-28,13.651651382446289
2020-08-31,13.67623519897461
2020-09-01,13.741786003112793
2020-09-02,13.79095458984375
2020-09-03,13.782755851745605
2020-09-04,13.725398063659668
2020-09-08,13.758179664611816
2020-09-09,13.749988555908203
2020-09-10,13.766374588012695
2020-09-11,13.79095458984375
2020-09-14,13.79095458984375
2020-09-15,13.79095458984375
2020-09-16,13.758179664611816
2020-09-17,13.782755851745605
2020-09-18,13.774563789367676
2020-09-21,13.782755851745605
2020-09-22,13.774563789367676
2020-09-23,13.766374588012695
2020-09-24,13.758179664611816
2020-09-25,13.758179664611816
2020-09-28,13.749968528747559
2020-09-29,13.758176803588867
2020-09-30,13.71711540222168
2020-10-01,13.725322723388672
2020-10-02,13.741748809814453
2020-10-05,13.676040649414062
2020-10-06,13.708897590637207
2020-10-07,13.676040649414062
2020-10-08,13.684253692626953
2020-10-09,13.684253692626953
2020-10-13,13.71711540222168
2020-10-14,13.733532905578613
2020-10-15,13.733532905578613
2020-10-16,13.741748809814453
2020-10-19,13.708897590637207
2020-10-20,13.676040649414062
2020-10-21,13.667827606201172
2020-10-22,13.643184661865234
2020-10-23,13.659611701965332
2020-10-26,13.659611701965332
2020-10-27,13.684253692626953
2020-10-28,13.692487716674805
2020-10-29,13.65131950378418
2020-10-30,13.601914405822754
2020-11-02,13.634851455688477
2020-11-03,13.601914405822754
2020-11-04,13.676024436950684
2020-11-05,13.68425464630127
2020-11-06,13.6677885055542
2020-11-09,13.585450172424316
2020-11-10,13.585450172424316
2020-11-11,13.560748100280762
2020-11-12,13.626611709594727
2020-11-13,13.626611709594727
2020-11-16,13.634851455688477
2020-11-17,13.65131950378418
2020-11-18,13.65131950378418
2020-11-19,13.68425464630127
2020-11-20,13.717187881469727
2020-11-23,13.700723648071289
2020-11-24,13.68425464630127
2020-11-25,13.68425464630127
2020-11-26,13.700723648071289
2020-11-27,13.741988182067871
2020-11-30,13.750240325927734
2020-12-01,13.717223167419434
2020-12-02,13.6759614944458
2020-12-03,13.700725555419922
2020-12-04,13.63469409942627
2020-12-07,13.6759614944458
2020-12-08,13.6759614944458
2020-12-09,13.6759614944458
2020-12-10,13.69247055053711
2020-12-11,13.708972930908203
2020-12-14,13.69247055053711
2020-12-15,13.700725555419922
2020-12-16,13.708972930908203
2020-12-17,13.69247055053711
2020-12-18,13.717223167419434
2020-12-21,13.717223167419434
2020-12-22,13.741988182067871
2020-12-23,13.725478172302246
2020-12-24,13.741988182067871
2020-12-29,13.766805648803711
2020-12-30,13.7750825881958
2020-12-31,13.80817699432373
2021-01-04,13.80817699432373
2021-01-05,13.766805648803711
2021-01-06,13.717169761657715
2021-01-07,13.675800323486328
2021-01-08,13.675800323486328
2021-01-11,13.65925407409668
2021-01-12,13.626163482666016
2021-01-13,13.667527198791504
2021-01-14,13.642704963684082
2021-01-15,13.684077262878418
2021-01-18,13.700623512268066
2021-01-19,13.684077262878418
2021-01-20,13.675800323486328
2021-01-21,13.65925407409668
2021-01-22,13.650983810424805
2021-01-25,13.675800323486328
2021-01-26,13.667527198791504
2021-01-27,13.659235954284668
2021-01-28,13.64264965057373
2021-01-29,13.650940895080566
2021-02-01,13.659235954284668
2021-02-02,13.634352684020996
2021-02-03,13.592885971069336
2021-02-04,13.57630443572998
2021-02-05,13.543127059936523
2021-02-08,13.543127059936523
2021-02-09,13.551416397094727
2021-02-10,13.551416397094727
2021-02-11,13.551416397094727
2021-02-12,13.518248558044434
2021-02-16,13.435311317443848
2021-02-17,13.451897621154785
2021-02-18,13.410430908203125
2021-02-19,13.344084739685059
2021-02-22,13.31091022491455
2021-02-23,13.261149406433105
2021-02-24,13.2362060546875
2021-02-25,13.169695854187012
2021-02-26,13.286096572875977
2021-03-01,13.311037063598633
2021-03-02,13.311037063598633
2021-03-03,13.269465446472168
2021-03-04,13.169695854187012
2021-03-05,13.169695854187012
2021-03-08,13.144752502441406
2021-03-09,13.194635391235352
2021-03-10,13.2362060546875
2021-03-11,13.186322212219238
2021-03-12,13.069924354553223
2021-03-15,13.08655071258545
2021-03-16,13.061612129211426
2021-03-17,13.036664962768555
2021-03-18,12.995098114013672
2021-03-19,13.011727333068848
2021-03-22,13.053297996520996
2021-03-23,13.094870567321777
2021-03-24,13.153069496154785
2021-03-25,13.144752502441406
2021-03-26,13.128120422363281
2021-03-29,13.086446762084961
2021-03-30,13.111454010009766
2021-03-31,13.103118896484375
2021-04-01,13.136460304260254
2021-04-05,13.111454010009766
2021-04-06,13.1697998046875
2021-04-07,13.153128623962402
2021-04-08,13.186471939086914
2021-04-09,13.178136825561523
2021-04-12,13.161468505859375
2021-04-13,13.178136825561523
2021-04-14,13.153128623962402
2021-04-15,13.219816207885742
2021-04-16,13.161468505859375
2021-04-19,13.136460304260254
2021-04-20,13.136460304260254
2021-04-21,13.136460304260254
2021-04-22,13.128121376037598
2021-04-23,13.128121376037598
2021-04-26,13.103118896484375
2021-04-27,13.086446762084961
2021-04-28,13.111519813537598
2021-04-29,13.103165626525879
2021-04-30,13.111519813537598
2021-05-03,13.103165626525879
2021-05-04,13.128231048583984
2021-05-05,13.144944190979004
2021-05-06,13.136585235595703
2021-05-07,13.153301239013672
2021-05-10,13.119869232177734
2021-05-11,13.086447715759277
2021-05-12,13.036304473876953
2021-05-13,13.061378479003906
2021-05-14,13.06973648071289
2021-05-17,13.061378479003906
2021-05-18,13.06973648071289
2021-05-19,13.06973648071289
2021-05-20,13.094805717468262
2021-05-21,13.111519813537598
2021-05-25,13.170012474060059
2021-05-26,13.195147514343262
2021-05-27,13.178389549255371
2021-05-28,13.170011520385742
2021-05-31,13.195147514343262
2021-06-01,13.195147514343262
2021-06-02,13.228657722473145
2021-06-03,13.186772346496582
2021-06-04,13.237034797668457
2021-06-07,13.237034797668457
2021-06-08,13.245414733886719
2021-06-09,13.270549774169922
2021-06-10,13.28730583190918
2021-06-11,13.295681953430176
2021-06-14,13.270549774169922
2021-06-15,13.295681953430176
2021-06-16,13.245414733886719
2021-06-17,13.28730583190918
2021-06-18,13.329191207885742
2021-06-21,13.304060935974121
2021-06-22,13.32081413269043
2021-06-23,13.31243896484375
2021-06-24,13.329191207885742
2021-06-25,13.270549774169922
2021-06-28,13.312541961669922
2021-06-29,13.295745849609375
2021-06-30,13.320942878723145
2021-07-02,13.329341888427734
2021-07-05,13.320942878723145
2021-07-06,13.362935066223145
2021-07-07,13.396533966064453
2021-07-08,13.413331031799316
2021-07-09,13.354537010192871
2021-07-12,13.354537010192871
2021-07-13,13.337740898132324
2021-07-14,13.388134956359863
2021-07-15,13.421731948852539
2021-07-16,13.421731948852539
2021-07-19,13.514121055603027
2021-07-20,13.463729858398438
2021-07-21,13.430130004882812
2021-07-22,13.463729858398438
2021-07-23,13.446928024291992
2021-07-26,13.430130004882812
2021-07-27,13.480522155761719
2021-07-28,13.480522155761719
2021-07-29,13.472108840942383
2021-07-30,13.472108840942383
2021-08-03,13.522623062133789
2021-08-04,13.514203071594238
2021-08-05,13.505788803100586
2021-08-06,13.446844100952148
2021-08-09,13.430005073547363
2021-08-10,13.404745101928711
2021-08-11,13.404745101928711
2021-08-12,13.404745101928711
2021-08-13,13.455265998840332
2021-08-16,13.480522155761719
2021-08-17,13.480522155761719
2021-08-18,13.472108840942383
2021-08-19,13.497367858886719
2021-08-20,13.480522155761719
2021-08-23,13.463685989379883
2021-08-24,13.446844100952148
2021-08-25,13.396322250366211
2021-08-26,13.438421249389648
2021-08-27,13.472186088562012
2021-08-30,13.472186088562012
2021-08-31,13.438422203063965
2021-09-01,13.505956649780273
2021-09-02,13.522838592529297
2021-09-03,13.505956649780273
2021-09-07,13.46374797821045
2021-09-08,13.472186088562012
2021-09-09,13.505956649780273
2021-09-10,13.438422203063965
2021-09-13,13.455305099487305
2021-09-14,13.505956649780273
2021-09-15,13.455305099487305
2021-09-16,13.446869850158691
2021-09-17,13.396217346191406
2021-09-20,13.446869850158691
2021-09-21,13.42997932434082
2021-09-22,13.46374797821045
2021-09-23,13.37089729309082
2021-09-24,13.320247650146484
2021-09-27,13.320247650146484
2021-09-28,13.269474983215332
2021-09-29,13.252545356750488
2021-09-30,13.252545356750488
2021-10-01,13.286397933959961
2021-10-04,13.286397933959961
2021-10-05,13.244083404541016
2021-10-06,13.26101016998291
2021-10-07,13.218695640563965
2021-10-08,13.150993347167969
2021-10-12,13.150993347167969
2021-10-13,13.176383018493652
2021-10-14,13.252545356750488
2021-10-15,13.21023178100586
2021-10-18,13.218695640563965
2021-10-19,13.176383018493652
2021-10-20,13.176383018493652
2021-10-21,13.12560749053955
2021-10-22,13.150993347167969
2021-10-25,13.15945816040039
2021-10-26,13.184846878051758
2021-10-27,13.210298538208008
2021-10-28,13.184846878051758
2021-10-29,13.108487129211426
2021-11-01,13.099997520446777
2021-11-02,13.09151554107666
2021-11-03,13.099997520446777
2021-11-04,13.159393310546875
2021-11-05,13.210298538208008
2021-11-08,13.184846878051758
2021-11-09,13.218786239624023
2021-11-10,13.125456809997559
2021-11-11,13.125456809997559
2021-11-12,13.13393783569336
2021-11-15,13.09151554107666
2021-11-16,13.049093246459961
2021-11-17,13.11697006225586
2021-11-18,13.108487129211426
2021-11-19,13.14242172241211
2021-11-22,13.049093246459961
2021-11-23,12.998189926147461
2021-11-24,13.057580947875977
2021-11-25,13.057580947875977
2021-11-26,13.185176849365234
2021-11-29,13.17667007446289
2021-11-30,13.193685531616211
2021-12-01,13.278749465942383
2021-12-02,13.304267883300781
2021-12-03,13.338295936584473
2021-12-06,13.270242691040039
2021-12-07,13.227707862854004
2021-12-08,13.244722366333008
2021-12-09,13.270242691040039
2021-12-10,13.304267883300781
2021-12-13,13.372318267822266
2021-12-14,13.329787254333496
2021-12-15,13.372318267822266
2021-12-16,13.440374374389648
2021-12-17,13.474397659301758
2021-12-20,13.397838592529297
2021-12-21,13.346800804138184
2021-12-22,13.397838592529297
2021-12-23,13.38082504272461
2021-12-24,13.363814353942871
2021-12-29,13.37234115600586
2021-12-30,13.397927284240723
2021-12-31,13.449098587036133
2022-01-04,13.287060737609863
2022-01-05,13.23589038848877
2022-01-06,13.176192283630371
2022-01-07,13.133546829223633
2022-01-10,13.133546829223633
2022-01-11,13.142077445983887
2022-01-12,13.116491317749023
2022-01-13,13.142077445983887
2022-01-14,13.090907096862793
2022-01-17,13.048267364501953
2022-01-18,12.95445728302002
2022-01-19,12.971513748168945
2022-01-20,12.988568305969238
2022-01-21,13.039740562438965
2022-01-24,12.980040550231934
2022-01-25,12.988568305969238
2022-01-26,12.945927619934082
2022-01-27,13.022886276245117
2022-01-28,12.997234344482422
2022-01-31,12.963029861450195
2022-02-01,12.920276641845703
2022-02-02,13.022886276245117
2022-02-03,12.963029861450195
2022-02-04,12.911725044250488
2022-02-07,12.920276641845703
2022-02-08,12.877524375915527
2022-02-09,12.894622802734375
2022-02-10,12.792016983032227
2022-02-11,12.843318939208984
2022-02-14,12.792016983032227
2022-02-15,12.757811546325684
2022-02-16,12.774911880493164
2022-02-17,12.800562858581543
2022-02-18,12.826216697692871
2022-02-22,12.783468246459961
2022-02-23,12.732158660888672
2022-02-24,12.740730285644531
2022-02-25,12.809321403503418
2022-02-28,12.877911567687988
2022-03-01,13.015094757080078
2022-03-02,12.929356575012207
2022-03-03,12.937932014465332
2022-03-04,13.006523132324219
2022-03-07,12.903634071350098
2022-03-08,12.826472282409668
2022-03-09,12.783600807189941
2022-03-10,12.715014457702637
2022-03-11,12.654995918273926
2022-03-14,12.526385307312012
2022-03-15,12.474940299987793
2022-03-16,12.526385307312012
2022-03-17,12.543535232543945
2022-03-18,12.569252014160156
2022-03-21,12.457795143127441
2022-03-22,12.363480567932129
2022-03-23,12.474940299987793
2022-03-24,12.423500061035156
2022-03-25,12.329187393188477
2022-03-28,12.380627632141113
2022-03-29,12.406420707702637
2022-03-30,12.44941234588623
2022-03-31,12.483802795410156
2022-04-01,12.458009719848633
2022-04-04,12.466609001159668
2022-04-05,12.397825241088867
2022-04-06,12.380629539489746
2022-04-07,12.337639808654785
2022-04-08,12.294657707214355
2022-04-11,12.225872993469238
2022-04-12,12.286056518554688
2022-04-13,12.303253173828125
2022-04-14,12.182882308959961
2022-04-18,12.174283981323242
2022-04-19,12.122701644897461
2022-04-20,12.114104270935059
2022-04-21,12.045319557189941
2022-04-22,12.028124809265137
2022-04-25,12.088312149047852
2022-04-26,12.139897346496582
2022-04-27,12.079540252685547
2022-04-28,12.131275177001953
2022-04-29,12.053675651550293
2022-05-02,11.984699249267578
2022-05-03,11.984699249267578
2022-05-04,12.027811050415039
2022-05-05,11.924344062805176
2022-05-06,11.846747398376465
2022-05-09,11.932966232299805
2022-05-10,11.932966232299805
2022-05-11,11.941588401794434
2022-05-12,11.99332332611084
2022-05-13,11.984699249267578
2022-05-16,12.019184112548828
2022-05-17,11.924344062805176
2022-05-18,11.95020580291748
2022-05-19,12.019184112548828
2022-05-20,12.053675651550293
2022-05-24,12.079540252685547
2022-05-25,12.122653007507324
2022-05-26,12.105409622192383
2022-05-27,12.131346702575684
2022-05-30,12.10540771484375
2022-05-31,12.053526878356934
2022-06-01,12.00164794921875
2022-06-02,11.975708961486816
2022-06-03,11.923821449279785
2022-06-06,11.820064544677734
2022-06-07,11.811413764953613
2022-06-08,11.759542465209961
2022-06-09,11.768186569213867
2022-06-10,11.673072814941406
2022-06-13,11.552017211914062
2022-06-14,11.46555233001709
2022-06-15,11.54337215423584
2022-06-16,11.603898048400879
2022-06-17,11.612546920776367
2022-06-20,11.5866060256958
2022-06-21,11.54337215423584
2022-06-22,11.603898048400879
2022-06-23,11.690369606018066
2022-06-24,11.699012756347656
2022-06-27,11.647132873535156
2022-06-28,11.673151016235352
2022-06-29,11.751200675964355
2022-06-30,11.794565200805664
2022-07-04,11.829255104064941
2022-07-05,11.898630142211914
2022-07-06,11.820584297180176
2022-07-07,11.803238868713379
2022-07-08,11.742527961730957
2022-07-11,11.777217864990234
2022-07-12,11.820584297180176
2022-07-13,11.846595764160156
2022-07-14,11.846595764160156
2022-07-15,11.91598129272461
2022-07-18,11.889960289001465
2022-07-19,11.889960289001465
2022-07-20,11.881288528442383
2022-07-21,12.002705574035645
2022-07-22,12.115447998046875
2022-07-25,12.080755233764648
2022-07-26,12.106773376464844
2022-07-27,12.124166488647461
2022-07-28,12.25462818145752
2022-07-29,12.25462818145752
2022-08-02,12.176351547241211
2022-08-03,12.193748474121094
2022-08-04,12.211143493652344
2022-08-05,12.158957481384277
2022-08-08,12.18504810333252
2022-08-09,12.167652130126953
2022-08-10,12.219837188720703
2022-08-11,12.141563415527344
2022-08-12,12.167652130126953
2022-08-15,12.167652130126953
2022-08-16,12.141563415527344
2022-08-17,12.089378356933594
2022-08-18,12.071983337402344
2022-08-19,12.037198066711426
2022-08-22,11.95021915435791
2022-08-23,11.932822227478027
2022-08-24,11.906730651855469
2022-08-25,11.967612266540527
2022-08-26,11.958917617797852
2022-08-29,11.92402458190918
2022-08-30,11.941469192504883
2022-08-31,11.906579971313477
2022-09-01,11.854241371154785
2022-09-02,11.897856712341309
2022-09-06,11.828073501586914
2022-09-07,11.88040828704834
2022-09-08,11.810628890991211
2022-09-09,11.88913631439209
2022-09-12,11.871689796447754
2022-09-13,11.819348335266113
2022-09-14,11.854241371154785
2022-09-15,11.871689796447754
2022-09-16,11.871689796447754
2022-09-19,11.88040828704834
2022-09-20,11.897856712341309
2022-09-21,11.976363182067871
2022-09-22,11.906579971313477
2022-09-23,11.915299415588379
2022-09-26,11.845519065856934
2022-09-27,11.740851402282715
2022-09-28,11.92457389831543
2022-09-29,11.854580879211426
2022-09-30,11.828336715698242
2022-10-03,11.83708381652832
2022-10-04,11.872078895568848
2022-10-05,11.767094612121582
2022-10-06,11.72335147857666
2022-10-07,11.670857429504395
2022-10-11,11.592117309570312
2022-10-12,11.609617233276367
2022-10-13,11.609617233276367
2022-10-14,11.548375129699707
2022-10-17,11.57461929321289
2022-10-18,11.653362274169922
2022-10-19,11.469636917114258
2022-10-20,11.390896797180176
2022-10-21,11.417144775390625
2022-10-24,11.460886001586914
2022-10-25,11.513382911682129
2022-10-26,11.688353538513184
2022-10-27,11.749780654907227
2022-10-28,11.758556365966797
2022-10-31,11.741004943847656
2022-11-01,11.776108741760254
2022-11-02,11.71468448638916
2022-11-03,11.635704040527344
2022-11-04,11.565505981445312
2022-11-07,11.468979835510254
2022-11-08,11.565505981445312
2022-11-09,11.600604057312012
2022-11-10,11.802431106567383
2022-11-11,11.837529182434082
2022-11-14,11.81998062133789
2022-11-15,11.855079650878906
2022-11-16,11.934056282043457
2022-11-17,11.881403923034668
2022-11-18,11.855079650878906
2022-11-21,11.907731056213379
2022-11-22,11.969156265258789
2022-11-23,12.048134803771973
2022-11-24,12.065682411193848
2022-11-25,12.10078239440918
2022-11-28,12.083179473876953
2022-11-29,12.03038215637207
2022-11-30,12.056783676147461
2022-12-01,12.206388473510742
2022-12-02,12.259193420410156
2022-12-05,12.197586059570312
2022-12-06,12.259193420410156
2022-12-07,12.276795387268066
2022-12-08,12.250391006469727
2022-12-09,12.215190887451172
2022-12-12,12.153587341308594
2022-12-13,12.232789039611816
2022-12-14,12.250391006469727
2022-12-15,12.259193420410156
2022-12-16,12.250391006469727
2022-12-19,12.153587341308594
2022-12-20,12.074380874633789
2022-12-21,12.091981887817383
2022-12-22,12.039178848266602
2022-12-23,11.986374855041504
2022-12-28,11.862802505493164
2022-12-29,11.898109436035156
2022-12-30,11.8892822265625
2023-01-03,11.933417320251465
2023-01-04,11.995196342468262
2023-01-05,11.968721389770508
2023-01-06,12.039334297180176
2023-01-09,12.048158645629883
2023-01-10,12.039334297180176
2023-01-11,12.118770599365234
2023-01-12,12.224689483642578
2023-01-13,12.233513832092285
2023-01-16,12.259995460510254
2023-01-17,12.251171112060547
2023-01-18,12.357086181640625
2023-01-19,12.339434623718262
2023-01-20,12.259995460510254
2023-01-23,12.207036018371582
2023-01-24,12.251171112060547
2023-01-25,12.312955856323242
2023-01-26,12.277649879455566
2023-01-27,12.251093864440918
2023-01-30,12.224536895751953
2023-01-31,12.224536895751953
2023-02-01,12.277649879455566
2023-02-02,12.321906089782715
2023-02-03,12.242243766784668
2023-02-06,12.162572860717773
2023-02-07,12.12716293334961
2023-02-08,12.171425819396973
2023-02-09,12.12716293334961
2023-02-10,12.038647651672363
2023-02-13,12.091754913330078
2023-02-14,12.020942687988281
2023-02-15,11.958977699279785
2023-02-16,11.950124740600586
2023-02-17,11.985532760620117
2023-02-21,11.861604690551758
2023-02-22,11.897012710571289
2023-02-23,11.958977699279785
2023-02-24,11.914589881896973
2023-02-27,11.93234634399414
2023-02-28,11.97673511505127
2023-03-01,11.923468589782715
2023-03-02,11.870196342468262
2023-03-03,12.00337028503418
2023-03-06,11.985612869262695
2023-03-07,12.00337028503418
2023-03-08,12.047760963439941
2023-03-09,12.11878776550293
2023-03-10,12.243082046508789
2023-03-13,12.420648574829102
2023-03-14,12.32298469543457
2023-03-15,12.358498573303223
2023-03-16,12.243082046508789
2023-03-17,12.367375373840332
2023-03-20,12.296350479125977
2023-03-21,12.26083755493164
2023-03-22,12.39400863647461
2023-03-23,12.367375373840332
2023-03-24,12.367375373840332
2023-03-27,12.243082046508789
2023-03-28,12.198690414428711
2023-03-29,12.216495513916016
2023-03-30,12.225403785705566
2023-03-31,12.252116203308105
2023-04-03,12.305538177490234
2023-04-04,12.350061416625977
2023-04-05,12.341160774230957
2023-04-06,12.358963966369629
2023-04-10,12.261018753051758
2023-04-11,12.252116203308105
2023-04-12,12.269923210144043
2023-04-13,12.225403785705566
2023-04-14,12.171977043151855
2023-04-17,12.136361122131348
2023-04-18,12.145261764526367
2023-04-19,12.16307258605957
2023-04-20,12.225403785705566
2023-04-21,12.252116203308105
2023-04-24,12.278825759887695
2023-04-25,12.385680198669434
2023-04-26,12.314237594604492
2023-04-27,12.242802619934082
2023-04-28,12.367818832397461
2023-05-01,12.242802619934082
2023-05-02,12.358887672424316
2023-05-03,12.412467956542969
2023-05-04,12.376749992370605
2023-05-05,12.296378135681152
2023-05-08,12.233868598937988
2023-05-09,12.269588470458984
2023-05-10,12.314237594604492
2023-05-11,12.367818832397461
2023-05-12,12.341028213500977
2023-05-15,12.28744888305664
2023-05-16,12.216010093688965
2023-05-17,12.207079887390137
2023-05-18,12.126712799072266
2023-05-19,12.162434577941895
2023-05-23,12.082060813903809
2023-05-24,12.06420612335205
2023-05-25,12.028486251831055
2023-05-26,12.028486251831055
2023-05-29,12.046343803405762
2023-05-30,12.100082397460938
2023-05-31,12.15382194519043
2023-06-01,12.171733856201172
2023-06-02,12.135910034179688
2023-06-05,12.109039306640625
2023-06-06,12.109039306640625
2023-06-07,11.974692344665527
2023-06-08,12.010518074035645
2023-06-09,12.037384986877441
2023-06-12,12.046342849731445
2023-06-13,11.965734481811523
2023-06-14,12.019474983215332
2023-06-15,12.073211669921875
2023-06-16,12.073211669921875
2023-06-19,12.019474983215332
2023-06-20,12.073211669921875
2023-06-21,12.046342849731445
2023-06-22,11.974692344665527
2023-06-23,12.037384986877441
2023-06-26,12.073211669921875
2023-06-27,12.091126441955566
2023-06-28,12.154006958007812
2023-06-29,12.055193901062012
2023-06-30,12.16299057006836
2023-07-04,12.109089851379395
2023-07-05,12.037226676940918
2023-07-06,11.992313385009766
2023-07-07,11.9384126663208
2023-07-10,11.965365409851074
2023-07-11,11.9384126663208
2023-07-12,12.02824592590332
2023-07-13,12.073158264160156
2023-07-14,12.055193901062012
2023-07-17,12.02824592590332
2023-07-18,12.046209335327148
2023-07-19,12.100110054016113
2023-07-20,12.00129508972168
2023-07-21,12.037226676940918
2023-07-24,11.983331680297852
2023-07-25,11.974344253540039
2023-07-26,12.02824592590332
2023-07-27,11.911116600036621
2023-07-28,12.001214981079102
2023-07-31,12.028244972229004
2023-08-01,11.938145637512207
2023-08-02,11.929136276245117
2023-08-03,11.83002758026123
2023-08-04,11.992205619812012
2023-08-08,11.992205619812012
2023-08-09,11.992205619812012
2023-08-10,11.929136276245117
2023-08-11,11.89309310913086
2023-08-14,11.875078201293945
2023-08-15,11.821014404296875
2023-08-16,11.802999496459961
2023-08-17,11.793985366821289
2023-08-18,11.848044395446777
2023-08-21,11.802999496459961
2023-08-22,11.76695728302002
2023-08-23,11.920126914978027
2023-08-24,11.8570556640625
2023-08-25,11.866064071655273
2023-08-28,11.88408374786377
2023-08-29,11.96541976928711
2023-08-30,11.956385612487793
2023-08-31,11.992535591125488
2023-09-01,12.02868366241455
2023-09-05,11.911197662353516
2023-09-06,11.902158737182617
2023-09-07,11.920234680175781
2023-09-08,11.920234680175781
2023-09-11,11.902158737182617
2023-09-12,11.902158737182617
2023-09-13,11.893122673034668
2023-09-14,11.902158737182617
2023-09-15,11.87505054473877
2023-09-18,11.866012573242188
2023-09-19,11.784672737121582
2023-09-20,11.766597747802734
2023-09-21,11.712377548217773
2023-09-22,11.748525619506836
2023-09-25,11.667189598083496
2023-09-26,11.658154487609863
2023-09-27,11.576817512512207
2023-09-28,11.60392951965332
2023-09-29,11.631041526794434
2023-10-02,11.594888687133789
2023-10-03,11.468366622924805
2023-10-04,11.558743476867676
2023-10-05,11.567779541015625
2023-10-06,11.576817512512207
2023-10-10,11.685263633728027
2023-10-11,11.73948860168457
2023-10-12,11.667189598083496
2023-10-13,11.712377548217773
2023-10-16,11.667189598083496
2023-10-17,11.658154487609863
2023-10-18,11.631041526794434
2023-10-19,11.567779541015625
2023-10-20,11.61296558380127
2023-10-23,11.676225662231445
2023-10-24,11.694303512573242
2023-10-25,11.622004508972168
2023-10-26,11.703338623046875
2023-10-27,11.748666763305664
2023-10-30,11.69427490234375
2023-10-31,11.676142692565918
2023-11-01,11.784930229187012
2023-11-02,11.857449531555176
2023-11-03,11.957168579101562
2023-11-06,11.902777671813965
2023-11-07,11.948103904724121
2023-11-08,11.975300788879395
2023-11-09,11.866512298583984
2023-11-10,11.866512298583984
2023-11-13,11.88464641571045
2023-11-14,12.020630836486816
2023-11-15,11.957168579101562
2023-11-16,12.002492904663086
2023-11-17,12.020630836486816
2023-11-20,12.05688762664795
2023-11-21,12.05688762664795
2023-11-22,12.06595230102539
2023-11-23,12.038755416870117
2023-11-24,12.029691696166992
2023-11-27,12.111278533935547
2023-11-28,12.156743049621582
2023-11-29,12.211297035217285
2023-11-30,12.18402099609375
2023-12-01,12.29312801361084
2023-12-04,12.284038543701172
2023-12-05,12.37496280670166
2023-12-06,12.42042350769043
2023-12-07,12.42042350769043
2023-12-08,12.365873336791992
2023-12-11,12.320409774780273
2023-12-12,12.356778144836426
2023-12-13,12.493165969848633
2023-12-14,12.611369132995605
2023-12-15,12.638651847839355
2023-12-18,12.584092140197754
2023-12-19,12.602279663085938
2023-12-20,12.665925979614258
2023-12-21,12.611369132995605
2023-12-22,12.511350631713867
2023-12-27,12.648137092590332
2023-12-28,12.61166000366211
2023-12-29,12.61166000366211
2024-01-02,12.52047061920166
2024-01-03,12.56606674194336
2024-01-04,12.49311351776123
2024-01-05,12.456635475158691
2024-01-08,12.50223159790039
2024-01-09,12.50223159790039
2024-01-10,12.4657564163208
2024-01-11,12.49311351776123
2024-01-12,12.50223159790039
2024-01-15,12.50223159790039
2024-01-16,12.401926040649414
2024-01-17,12.31072998046875
2024-01-18,12.292492866516113
2024-01-19,12.283376693725586
2024-01-22,12.32896900177002
2024-01-23,12.319852828979492
2024-01-24,12.301612854003906
2024-01-25,12.292492866516113
2024-01-26,12.274255752563477
2024-01-29,12.338279724121094
2024-01-30,12.393157958984375
2024-01-31,12.438889503479004
2024-02-01,12.530350685119629
2024-02-02,12.420597076416016
2024-02-05,12.329133987426758
2024-02-06,12.38400936126709
2024-02-07,12.347424507141113
2024-02-08,12.292548179626465
2024-02-09,12.319991111755371
2024-02-12,12.292548179626465
2024-02-13,12.219378471374512
2024-02-14,12.301694869995117
2024-02-15,12.319991111755371
2024-02-16,12.338279724121094
2024-02-20,12.36571979522705
2024-02-21,12.338279724121094
2024-02-22,12.356575012207031
2024-02-23,12.420597076416016
2024-02-26,12.393157958984375
2024-02-27,12.328944206237793
2024-02-28,12.365638732910156
2024-02-29,12.402331352233887
2024-03-01,12.448197364807129
2024-03-04,12.429853439331055
2024-03-05,12.494062423706055
2024-03-06,12.503236770629883
2024-03-07,12.466544151306152
2024-03-08,12.521584510803223
2024-03-11,12.494062423706055
2024-03-12,12.448197364807129
2024-03-13,12.439023971557617
2024-03-14,12.365638732910156
2024-03-15,12.3472900390625
2024-03-18,12.310600280761719
2024-03-19,12.365638732910156
2024-03-20,12.411506652832031
2024-03-21,12.383980751037598
2024-03-22,12.439023971557617
2024-03-25,12.411506652832031
2024-03-26,12.402331352233887
2024-03-27,12.448334693908691
2024-03-28,12.466734886169434
2024-04-01,12.356327056884766
2024-04-02,12.337925910949707
2024-04-03,12.347127914428711
2024-04-04,12.383926391601562
2024-04-05,12.356327056884766
2024-04-08,12.319525718688965
2024-04-09,12.374728202819824
2024-04-10,12.264322280883789
2024-04-11,12.255122184753418
2024-04-12,12.328725814819336
2024-04-15,12.23672103881836
2024-04-16,12.23672103881836
2024-04-17,12.23672103881836
2024-04-18,12.218318939208984
2024-04-19,12.23672103881836
2024-04-22,12.23672103881836
2024-04-23,12.218318939208984
2024-04-24,12.190718650817871
2024-04-25,12.163118362426758
2024-04-26,12.190803527832031
2024-04-29,12.246173858642578
2024-04-30,12.209260940551758
2024-05-01,12.227716445922852
2024-05-02,12.283085823059082
2024-05-03,12.338459968566895
2024-05-06,12.375370025634766
2024-05-07,12.412283897399902
2024-05-08,12.366142272949219
2024-05-09,12.384599685668945
2024-05-10,12.329230308532715
2024-05-13,12.347683906555176
2024-05-14,12.347683906555176
2024-05-15,12.421510696411133
2024-05-16,12.449200630187988
2024-05-17,12.439970016479492
2024-05-21,12.439970016479492
2024-05-22,12.430743217468262
2024-05-23,12.412283897399902
2024-05-24,12.412283897399902
2024-05-27,12.403055191040039
2024-05-28,12.338459968566895
2024-05-29,12.292315483093262
2024-05-30,12.338595390319824
2024-05-31,12.41264533996582
2024-06-03,12.514469146728516
2024-06-04,12.57925796508789
2024-06-05,12.625540733337402
2024-06-06,12.607028007507324
2024-06-07,12.551491737365723
2024-06-10,12.532976150512695
2024-06-11,12.551491737365723
2024-06-12,12.607028007507324
2024-06-13,12.671823501586914
2024-06-14,12.708847045898438
2024-06-17,12.71810245513916
2024-06-18,12.74587345123291
2024-06-19,12.736617088317871
2024-06-20,12.708847045898438
2024-06-21,12.671823501586914
2024-06-24,12.690335273742676
2024-06-25,12.662568092346191
2024-06-26,12.588517189025879
2024-06-27,12.560664176940918
2024-06-28,12.56994915008545
2024-07-02,12.458544731140137
2024-07-03,12.49567985534668
2024-07-04,12.47711181640625
2024-07-05,12.56994915008545
2024-07-08,12.588515281677246
2024-07-09,12.56994915008545
2024-07-10,12.588515281677246
2024-07-11,12.625652313232422
2024-07-12,12.662785530090332
2024-07-15,12.644216537475586
2024-07-16,12.699919700622559
2024-07-17,12.699919700622559
2024-07-18,12.681351661682129
2024-07-19,12.662785530090332
2024-07-22,12.644216537475586
2024-07-23,12.662785530090332
2024-07-24,12.6535005569458
2024-07-25,12.681351661682129
2024-07-26,12.70920181274414
2024-07-29,12.746337890625
2024-07-30,12.792890548706055
2024-07-31,12.839445114135742
2024-08-01,12.923239707946777
2024-08-02,12.997725486755371
2024-08-06,12.876688003540039
2024-08-07,12.876688003540039
2024-08-08,12.858063697814941
2024-08-09,12.904616355895996
2024-08-12,12.941859245300293
2024-08-13,12.97910213470459
2024-08-14,12.997725486755371
2024-08-15,12.969793319702148
2024-08-16,12.97910213470459
2024-08-19,12.969793319702148
2024-08-20,12.997725486755371
2024-08-21,13.034966468811035
2024-08-22,12.97910213470459
2024-08-23,13.016347885131836
2024-08-26,13.016347885131836
2024-08-27,13.007033348083496
2024-08-28,12.969793319702148
2024-08-29,12.932445526123047
2024-08-30,12.923107147216797
2024-09-03,12.979130744934082
2024-09-04,13.053832054138184
2024-09-05,13.053832054138184
2024-09-06,13.072505950927734
2024-09-09,13.091181755065918
2024-09-10,13.12852954864502
2024-09-11,13.12852954864502
2024-09-12,13.137868881225586
2024-09-13,13.15654468536377
2024-09-16,13.203232765197754
2024-09-17,13.15654468536377
2024-09-18,13.12852954864502
2024-09-19,13.12852954864502
2024-09-20,13.137868881225586
2024-09-23,13.137868881225586
2024-09-24,13.12852954864502
2024-09-25,13.091181755065918
2024-09-26,13.081843376159668
2024-09-27,13.156756401062012
2024-09-30,13.138029098510742
2024-10-01,13.138029098510742
2024-10-02,13.081842422485352
2024-10-03,13.025659561157227
2024-10-04,12.950745582580566
2024-10-07,12.903923988342285
2024-10-08,12.932016372680664
2024-10-09,12.913288116455078
2024-10-10,12.941380500793457
2024-10-11,12.950745582580566
2024-10-15,13.025659561157227
2024-10-16,13.063117027282715
2024-10-17,13.025659561157227
2024-10-18,13.03502082824707
2024-10-21,12.96010971069336
2024-10-22,12.96010971069336
2024-10-23,12.922652244567871
2024-10-24,12.969474792480469
2024-10-25,12.950745582580566
2024-10-28,12.950745582580566
2024-10-29,12.96010971069336
2024-10-30,12.969500541687012
2024-10-31,13.025845527648926
2024-11-01,12.97889232635498
2024-11-04,12.98828411102295
2024-11-05,12.997675895690918
2024-11-06,12.97889232635498
2024-11-07,13.072805404663086
2024-11-08,13.110369682312012
2024-11-11,13.091588973999023
2024-11-12,13.054022789001465
2024-11-13,12.997675895690918
2024-11-14,13.016456604003906
2024-11-15,13.025845527648926
2024-11-18,13.016456604003906
2024-11-19,12.95071792602539
2024-11-20,12.913151741027832
2024-11-21,12.847414016723633
2024-11-22,12.87558650970459
2024-11-25,12.997675895690918
2024-11-26,13.035238265991211
2024-11-27,13.0823335647583
2024-11-28,13.101168632507324
2024-11-29,13.233027458190918
2024-12-02,13.251866340637207
2024-12-03,13.176519393920898
2024-12-04,13.242445945739746
2024-12-05,13.233027458190918
2024-12-06,13.327213287353516
2024-12-09,13.270702362060547
2024-12-10,13.280122756958008
2024-12-11,13.223613739013672
2024-12-12,13.185935020446777
2024-12-13,13.176519393920898
2024-12-16,13.176519393920898
2024-12-17,13.195354461669922
2024-12-18,13.148260116577148
2024-12-19,13.025821685791016
2024-12-20,13.0823335647583
2024-12-23,13.0823335647583
2024-12-24,13.072912216186523
2024-12-27,13.072912216186523
2024-12-30,13.129587173461914
2024-12-31,13.176817893981934
2025-01-02,13.157925605773926
2025-01-03,13.110695838928223
2025-01-06,13.120142936706543
2025-01-07,13.091803550720215
2025-01-08,13.072914123535156
2025-01-09,13.054021835327148
2025-01-10,12.959565162658691
2025-01-13,12.921780586242676
2025-01-14,12.884000778198242
2025-01-15,12.98790168762207
2025-01-16,13.054021835327148
2025-01-17,13.091803550720215
2025-01-20,13.110695838928223
2025-01-21,13.139032363891602
2025-01-22,13.082361221313477
2025-01-23,13.063468933105469
2025-01-24,13.110695838928223
2025-01-27,13.186260223388672
2025-01-28,13.176817893981934
2025-01-29,13.195707321166992
2025-01-30,13.252548217773438
2025-01-31,13.299911499023438
2025-02-03,13.347275733947754
2025-02-04,13.366218566894531
2025-02-05,13.423057556152344
2025-02-06,13.39463996887207
2025-02-07,13.309380531311035
2025-02-10,13.309380531311035
2025-02-11,13.271492004394531
2025-02-12,13.195709228515625
2025-02-13,13.262017250061035
2025-02-14,13.280964851379395
2025-02-18,13.195709228515625
2025-02-19,13.195709228515625
2025-02-20,13.176761627197266
2025-02-21,13.262017250061035
2025-02-24,13.290436744689941
2025-02-25,13.3567476272583
2025-02-26,13.375690460205078
2025-02-27,13.366192817687988
2025-02-28,13.432692527770996
2025-03-03,13.499191284179688
2025-03-04,13.451691627502441
2025-03-05,13.394694328308105
2025-03-06,13.271195411682129
2025-03-07,13.318695068359375
2025-03-10,13.347192764282227
2025-03-11,13.347192764282227
2025-03-12,13.2806978225708
2025-03-13,13.309194564819336
2025-03-14,13.290197372436523
2025-03-17,13.347192764282227
2025-03-18,13.347192764282227
2025-03-19,13.375692367553711
2025-03-20,13.35669231414795
2025-03-21,13.366192817687988
2025-03-24,13.328195571899414
2025-03-25,13.318695068359375
2025-03-26,13.271195411682129
2025-03-27,13.29969310760498
2025-03-28,13.366384506225586
2025-03-31,13.404492378234863
2025-04-01,13.452126502990723
2025-04-02,13.414018630981445
2025-04-03,13.394964218139648
2025-04-04,13.433074951171875
2025-04-07,13.271114349365234
2025-04-08,13.252059936523438
2025-04-09,13.166316032409668
2025-04-10,13.12820816040039
2025-04-11,13.118681907653809
2025-04-14,13.242533683776855
2025-04-15,13.252059936523438
2025-04-16,13.280640602111816
2025-04-17,13.242533683776855
2025-04-21,13.15678882598877
2025-04-22,13.19489860534668
2025-04-23,13.1758451461792
2025-04-24,13.223478317260742
2025-04-25,13.233007431030273
2025-04-28,13.233007431030273
2025-04-29,13.27122688293457
2025-04-30,13.328554153442383
2025-05-01,13.299887657165527
2025-05-02,13.252114295959473
2025-05-05,13.252114295959473
2025-05-06,13.261670112609863
2025-05-07,13.309443473815918
2025-05-08,13.252114295959473
2025-05-09,13.299887657165527
2025-05-12,13.261670112609863
2025-05-13,13.261670112609863
2025-05-14,13.233007431030273
2025-05-15,13.318997383117676
2025-05-16,13.309443473815918
2025-05-20,13.204343795776367
2025-05-21,13.13746166229248
2025-05-22,13.147016525268555
2025-05-23,13.175680160522461
2025-05-26,13.194788932800293
2025-05-27,13.261670112609863
2025-05-28,13.252114295959473
2025-05-29,13.300025939941406
2025-05-30,13.31919002532959
2025-06-02,13.29044246673584
2025-06-03,13.271281242370605
2025-06-04,13.309609413146973
2025-06-05,13.300025939941406
2025-06-06,13.213787078857422
2025-06-09,13.213787078857422
2025-06-10,13.232952117919922
2025-06-11,13.232952117919922
2025-06-12,13.223369598388672
2025-06-13,13.194623947143555
2025-06-16,13.175458908081055
2025-06-17,13.194623947143555
2025-06-18,13.223369598388672
2025-06-19,13.223369598388672
2025-06-20,13.252116203308105
2025-06-23,13.29044246673584
2025-06-24,13.29044246673584
2025-06-25,13.223369598388672
2025-06-26,13.271281242370605
2025-06-27,13.271280288696289
2025-06-30,13.33854866027832
2025-07-02,13.26167106628418
2025-07-03,13.242449760437012
2025-07-04,13.271280288696289
2025-07-07,13.232841491699219
2025-07-08,13.213621139526367
2025-07-09,13.26167106628418
2025-07-10,13.232841491699219
2025-07-11,13.155960083007812
2025-07-14,13.14635181427002
2025-07-15,13.079081535339355
2025-07-16,13.079081535339355
2025-07-17,13.079081535339355
2025-07-18,13.088692665100098
2025-07-21,13.14635181427002
2025-07-22,13.136741638183594
2025-07-23,13.069472312927246
2025-07-24,13.107912063598633
2025-07-25,13.14635181427002
2025-07-28,13.127130508422852
2025-07-29,13.175180435180664
2025-07-30,13.175180435180664
2025-07-31,13.184821128845215
2025-08-01,13.242647171020508
2025-08-05,13.261921882629395
2025-08-06,13.261921882629395
2025-08-07,13.290836334228516
2025-08-08,13.281198501586914
2025-08-11,13.271560668945312
2025-08-12,13.213732719421387
2025-08-13,13.25228500366211
2025-08-14,13.242647171020508
2025-08-15,13.204095840454102
2025-08-18,13.175180435180664
2025-08-19,13.213732719421387
2025-08-20,13.213732719421387
2025-08-21,13.184821128845215
2025-08-22,13.223371505737305
2025-08-25,13.194456100463867
2025-08-26,13.204095840454102
2025-08-27,13.204095840454102
2025-08-28,13.223426818847656
2025-08-29,13.281425476074219
2025-09-02,13.223426818847656
2025-09-03,13.262093544006348
2025-09-04,13.310423851013184
2025-09-05,13.36842155456543
2025-09-08,13.445752143859863
2025-09-09,13.436084747314453
2025-09-10,13.455418586730957
2025-09-11,13.484416961669922
2025-09-12,13.484416961669922
2025-09-15,13.50374984741211
2025-09-16,13.50374984741211
2025-09-17,13.494081497192383
2025-09-18,13.494081497192383
2025-09-19,13.50374984741211
2025-09-22,13.484416961669922
2025-09-23,13.494081497192383
2025-09-24,13.474750518798828
2025-09-25,13.46508502960205
2025-09-26,13.474750518798828
2025-09-29,13.52322006225586
2025-09-30,13.513526916503906
2025-10-01,13.484442710876465
2025-10-02,13.52322006225586
2025-10-03,13.513526916503906
2025-10-06,13.484442710876465
2025-10-07,13.494138717651367
2025-10-08,13.494138717651367
2025-10-09,13.484442710876465
2025-10-10,13.52322006225586
2025-10-14,13.532914161682129
2025-10-15,13.57168960571289
2025-10-16,13.600769996643066
2025-10-17,13.600769996643066
2025-10-20,13.63955020904541
2025-10-21,13.620161056518555
2025-10-22,13.62985610961914
2025-10-23,13.610466957092285
2025-10-24,13.600769996643066
2025-10-27,13.65893840789795
2025-10-28,13.678324699401855
2025-10-29,13.600769996643066
2025-10-30,13.600770950317383
2025-10-31,13.610493659973145
2025-11-03,13.591050148010254
2025-11-04,13.591050148010254
2025-11-05,13.600770950317383
2025-11-06,13.649381637573242
2025-11-07,13.600770950317383
2025-11-10,13.610493659973145
2025-11-11,13.629937171936035
2025-11-12,13.62021541595459
2025-11-13,13.600770950317383
2025-11-14,13.542441368103027
2025-11-17,13.552163124084473
2025-11-18,13.532720565795898
2025-11-19,13.532720565795898
2025-11-20,13.552163124084473
2025-11-21,13.571605682373047
2025-11-24,13.600770950317383
2025-11-25,13.639657020568848
2025-11-26,13.639657974243164
2025-11-27,13.659157752990723
2025-11-28,13.659157752990723
2025-12-01,13.571412086486816
2025-12-02,13.571412086486816
2025-12-03,13.581162452697754
2025-12-04,13.542163848876953
2025-12-05,13.41541862487793
2025-12-08,13.41541862487793
2025-12-09,13.386170387268066
2025-12-10,13.41541862487793
2025-12-11,13.434916496276855
2025-12-12,13.42516803741455
2025-12-15,13.454418182373047
2025-12-16,13.473917007446289
2025-12-17,13.44466781616211
2025-12-18,13.44466781616211
2025-12-19,13.41541862487793
2025-12-22,13.434916496276855
2025-12-23,13.48366641998291
2025-12-24,13.493414878845215
2025-12-29,13.512913703918457
2025-12-30,13.473801612854004
2025-12-31,13.473801612854004
2026-01-02,13.424914360046387
2026-01-05,13.473801612854004
2026-01-06,13.473801612854004
2026-01-07,13.522692680358887
2026-01-08,13.51291561126709
2026-01-09,13.532469749450684
2026-01-12,13.522692680358887
2026-01-13,13.51291561126709
2026-01-14,13.552024841308594
2026-01-15,13.57158088684082
2026-01-16,13.552024841308594
2026-01-19,13.54224967956543
2026-01-20,13.503137588500977
2026-01-21,13.51291561126709
2026-01-22,13.54224967956543
2026-01-23,13.54224967956543
2026-01-26,13.58135986328125
2026-01-27,13.54224967956543
2026-01-28,13.552024841308594
2026-01-29,13.551046371459961
2026-01-30,13.560851097106934
2026-02-02,13.551046371459961
2026-02-03,13.551046371459961
2026-02-04,13.551046371459961
2026-02-05,13.580462455749512
2026-02-06,13.570655822753906
2026-02-09,13.590266227722168
2026-02-10,13.609877586364746
2026-02-11,13.629488945007324
2026-02-12,13.668710708618164
2026-02-13,13.688321113586426
2026-02-17,13.698126792907715
2026-02-18,13.698126792907715
2026-02-19,13.698126792907715
2026-02-20,13.717737197875977
2026-02-23,13.737348556518555
2026-02-24,13.72754192352295
2026-02-25,13.72754192352295
2026-02-26,13.756057739257812
2026-02-27,13.765890121459961
2026-03-02,13.706893920898438
2026-03-03,13.677395820617676
2026-03-04,13.667562484741211
2026-03-05,13.618399620056152
2026-03-06,13.549569129943848
2026-03-09,13.579069137573242
2026-03-10,13.569236755371094
2026-03-11,13.480740547180176
2026-03-12,13.44140911102295
2026-03-13,13.451241493225098
2026-03-16,13.510237693786621
2026-03-17,13.5397367477417
2026-03-18,13.480740547180176
2026-03-19,13.510237693786621
2026-03-20,13.38241195678711
2026-03-23,13.411911010742188
2026-03-24,13.38241195678711
2026-03-25,13.49057388305664
2026-03-26,13.421743392944336
2026-03-27,13.402078628540039
2026-03-30,13.459266662597656
2026-03-31,13.478988647460938
2026-04-01,13.459266662597656
2026-04-02,13.488847732543945
2026-04-06,13.51842975616455
2026-04-07,13.46912670135498
2026-04-08,13.548008918762207
2026-04-09,13.538148880004883
2026-04-10,13.51842975616455
2026-04-13,13.528289794921875
2026-04-14,13.577590942382812
2026-04-15,13.538148880004883
2026-04-16,13.50856876373291
2026-04-17,13.587449073791504
2026-04-20,13.597311019897461
2026-04-21,13.557870864868164
2026-04-22,13.557870864868164
2026-04-23,13.557870864868164
2026-04-24,13.587449073791504
2026-04-27,13.557870864868164
2026-04-28,13.557870864868164
2026-04-29,13.457015991210938
2026-04-30,13.496566772460938
2026-05-01,13.526228904724121
2026-05-04,13.466903686523438
2026-05-05,13.457015991210938
2026-05-06,13.565780639648438
2026-05-07,13.546005249023438
2026-05-08,13.615218162536621
2026-05-11,13.555892944335938
2026-05-12,13.506453514099121
2026-05-13,13.516342163085938
2026-05-14,13.536115646362305
2026-05-15,13.427352905273438
2026-05-19,13.427352905273438
2026-05-20,13.526228904724121
2026-05-21,13.555892944335938
2026-05-22,13.575667381286621
2026-05-25,13.634993553161621
2026-05-26,13.644882202148438
2026-05-27,13.644882202148438
2026-05-28,13.682558059692383
2026-05-29,13.702386856079102
2026-06-01,13.692472457885742
2026-06-02,13.702386856079102
2026-06-03,13.702386856079102
2026-06-04,13.702386856079102
2026-06-05,13.652812957763672
2026-06-08,13.603239059448242
2026-06-09,13.613152503967285
2026-06-10,13.642897605895996
2026-06-11,13.712301254272461
2026-06-12,13.712301254272461
2026-06-15,13.722216606140137
2026-06-16,13.732131958007812
2026-06-17,13.702386856079102
2026-06-18,13.732131958007812
2026-06-19,13.722216606140137
2026-06-22,13.682558059692383
2026-06-23,13.702386856079102
2026-06-24,13.7717924118042
2026-06-25,13.751960754394531
2026-06-26,13.751960754394531
2026-06-29,13.780795097351074
2026-06-30,13.760910034179688
2026-07-02,13.711196899414062
2026-07-03,13.721138954162598
2026-07-06,13.750967025756836
2026-07-07,13.681367874145508
2026-07-08,13.621710777282715
2026-07-09,13.661481857299805
2026-07-10,13.671424865722656
2026-07-13,13.621710777282715
2026-07-14,13.611766815185547
2026-07-15,13.641596794128418
2026-07-16,13.651538848876953
2026-07-17,13.611766815185547
2026-07-20,13.621710777282715
2026-07-21,13.631653785705566
2026-07-22,13.59188175201416
2026-07-23,13.542167663574219
2026-07-24,13.601824760437012
2026-07-27,13.641596794128418
2026-07-28,13.671424865722656
2026-07-29,13.601824760437012
2026-07-30,13.620770454406738
2026-07-31,13.58088493347168
2026-08-04,13.650683403015137
2026-08-05,13.650683403015137
2026-08-06,13.590856552124023
2026-08-07,13.570913314819336
2026-08-10,13.511086463928223
2026-08-11,13.511086463928223
2026-08-12,13.541000366210938
2026-08-13,13.590856552124023
2026-08-14,13.541000366210938
2026-08-17,13.521058082580566
2026-08-18,13.531028747558594
2026-08-19,13.550971031188965
2026-08-20,13.491143226623535
2026-08-21,13.481172561645508
2026-08-24,13.541000366210938
2026-08-25,13.600828170776367
2026-08-26,13.570913314819336
2026-08-27,13.541000366210938
2026-08-28,13.529999732971191
2026-08-31,13.529999732971191
2026-09-01,13.520000457763672
2026-09-02,13.470000267028809
2026-09-03,13.489999771118164
2026-09-04,13.5
2026-09-08,13.479999542236328
2026-09-09,13.4399995803833
2026-09-10,13.359999656677246
2026-09-11,13.350000381469727
2026-09-14,13.34000015258789
2026-09-15,13.359999656677246
2026-09-16,13.380000114440918
