date,equity_index
2019-01-02,18.621723175048828
2019-01-03,18.43387794494629
2019-01-04,18.736068725585938
2019-01-07,18.825912475585938
2019-01-08,18.964754104614258
2019-01-09,19.226118087768555
2019-01-10,19.3486270904541
2019-01-11,19.39763069152832
2019-01-14,19.446638107299805
2019-01-15,19.544641494750977
2019-01-16,19.61815071105957
2019-01-17,19.748830795288086
2019-01-18,19.88767433166504
2019-01-21,19.88767433166504
2019-01-22,19.78150749206543
2019-01-23,19.765167236328125
2019-01-24,19.863178253173828
2019-01-25,19.953020095825195
2019-01-28,19.98568344116211
2019-01-29,20.132699966430664
2019-01-30,20.124528884887695
2019-01-31,20.222537994384766
2019-02-01,20.18170738220215
2019-02-04,20.287878036499023
2019-02-05,20.418561935424805
2019-02-06,20.434892654418945
2019-02-07,20.426729202270508
2019-02-08,20.33688735961914
2019-02-11,20.247047424316406
2019-02-12,20.345054626464844
2019-02-13,20.328725814819336
2019-02-14,20.434892654418945
2019-02-15,20.62274169921875
2019-02-19,20.737085342407227
2019-02-20,20.86776351928711
2019-02-21,20.8432674407959
2019-02-22,20.8514347076416
2019-02-25,20.916770935058594
2019-02-26,20.924945831298828
2019-02-27,20.941274642944336
2019-02-28,20.859596252441406
2019-03-01,20.941274642944336
2019-03-04,20.916770935058594
2019-03-05,20.98211669921875
2019-03-06,20.98211669921875
2019-03-07,20.9331111907959
2019-03-08,20.86776351928711
2019-03-11,21.01478385925293
2019-03-12,21.047452926635742
2019-03-13,21.080121994018555
2019-03-14,21.00661277770996
2019-03-15,21.07196044921875
2019-03-18,21.227136611938477
2019-03-19,21.153629302978516
2019-03-20,21.129131317138672
2019-03-21,21.227136611938477
2019-03-22,21.02294921875
2019-03-25,20.99056053161621
2019-03-26,21.105714797973633
2019-03-27,21.072813034057617
2019-03-28,21.138614654541016
2019-03-29,21.0645809173584
2019-04-01,21.229087829589844
2019-04-02,21.2784423828125
2019-04-03,21.294893264770508
2019-04-04,21.344242095947266
2019-04-05,21.44294548034668
2019-04-08,21.467620849609375
2019-04-09,21.39359474182129
2019-04-10,21.467620849609375
2019-04-11,21.48406982421875
2019-04-12,21.574548721313477
2019-04-15,21.6238956451416
2019-04-16,21.60744857788086
2019-04-17,21.66501808166504
2019-04-18,21.739051818847656
2019-04-22,21.706144332885742
2019-04-23,21.829526901245117
2019-04-24,21.730823516845703
2019-04-25,21.71436882019043
2019-04-26,21.77195167541504
2019-04-29,21.76372528076172
2019-04-30,21.730823516845703
2019-05-01,21.6238956451416
2019-05-02,21.508745193481445
2019-05-03,21.632118225097656
2019-05-06,21.615671157836914
2019-05-07,21.451173782348633
2019-05-08,21.508745193481445
2019-05-09,21.40181541442871
2019-05-10,21.368919372558594
2019-05-13,21.237314224243164
2019-05-14,21.377140045166016
2019-05-15,21.426490783691406
2019-05-16,21.574548721313477
2019-05-17,21.53342056274414
2019-05-21,21.590993881225586
2019-05-22,21.44294548034668
2019-05-23,21.212642669677734
2019-05-24,21.319568634033203
2019-05-27,21.451173782348633
2019-05-28,21.352462768554688
2019-05-29,21.17974090576172
2019-05-30,21.138614654541016
2019-05-31,21.089263916015625
2019-06-03,21.031686782836914
2019-06-04,21.237314224243164
2019-06-05,21.303110122680664
2019-06-06,21.33601951599121
2019-06-07,21.38536834716797
2019-06-10,21.32779312133789
2019-06-11,21.377140045166016
2019-06-12,21.344242095947266
2019-06-13,21.368919372558594
2019-06-14,21.467620849609375
2019-06-17,21.52519416809082
2019-06-18,21.730823516845703
2019-06-19,21.733470916748047
2019-06-20,21.816390991210938
2019-06-21,21.733470916748047
2019-06-24,21.758346557617188
2019-06-25,21.567630767822266
2019-06-26,21.48470687866211
2019-06-27,21.501296997070312
2019-06-28,21.592504501342773
2019-07-02,21.708595275878906
2019-07-03,21.857845306396484
2019-07-04,21.874433517456055
2019-07-05,21.816390991210938
2019-07-08,21.725173950195312
2019-07-09,21.824684143066406
2019-07-10,21.857845306396484
2019-07-11,21.824684143066406
2019-07-12,21.766637802124023
2019-07-15,21.79151725769043
2019-07-16,21.774930953979492
2019-07-17,21.75005531311035
2019-07-18,21.774930953979492
2019-07-19,21.758346557617188
2019-07-22,21.7998046875
2019-07-23,21.874433517456055
2019-07-24,21.940773010253906
2019-07-25,21.766637802124023
2019-07-26,21.832975387573242
2019-07-29,21.783220291137695
2019-07-30,21.758346557617188
2019-07-31,21.67542266845703
2019-08-01,21.65054702758789
2019-08-02,21.501296997070312
2019-08-06,21.335451126098633
2019-08-07,21.49300193786621
2019-08-08,21.667131423950195
2019-08-09,21.584213256835938
2019-08-12,21.4598331451416
2019-08-13,21.60079574584961
2019-08-14,21.219356536865234
2019-08-15,21.177902221679688
2019-08-16,21.360328674316406
2019-08-19,21.567630767822266
2019-08-20,21.4515438079834
2019-08-21,21.551044464111328
2019-08-22,21.501296997070312
2019-08-23,21.2276611328125
2019-08-26,21.327159881591797
2019-08-27,21.418371200561523
2019-08-28,21.534461975097656
2019-08-29,21.70030403137207
2019-08-30,21.774930953979492
2019-09-03,21.708595275878906
2019-09-04,21.79151725769043
2019-09-05,21.957355499267578
2019-09-06,21.90760040283203
2019-09-09,21.874433517456055
2019-09-10,21.92418670654297
2019-09-11,22.015399932861328
2019-09-12,22.073448181152344
2019-09-13,22.148075103759766
2019-09-16,22.206117630004883
2019-09-17,22.322206497192383
2019-09-18,22.29732894897461
2019-09-19,22.371959686279297
2019-09-20,22.405128479003906
2019-09-23,22.38025665283203
2019-09-24,22.27672576904297
2019-09-25,22.27672576904297
2019-09-26,22.27672576904297
2019-09-27,22.168058395385742
2019-09-30,22.142980575561523
2019-10-01,21.858774185180664
2019-10-02,21.69995880126953
2019-10-03,21.766822814941406
2019-10-04,21.86713409423828
2019-10-07,21.816978454589844
2019-10-08,21.658159255981445
2019-10-09,21.783546447753906
2019-10-10,21.850418090820312
2019-10-11,21.816978454589844
2019-10-15,21.833702087402344
2019-10-16,21.842058181762695
2019-10-17,21.850418090820312
2019-10-18,21.783546447753906
2019-10-21,21.833702087402344
2019-10-22,21.816978454589844
2019-10-23,21.74175262451172
2019-10-24,21.79191017150879
2019-10-25,21.842058181762695
2019-10-28,21.808626174926758
2019-10-29,21.858774185180664
2019-10-30,21.984161376953125
2019-10-31,21.950729370117188
2019-11-01,22.101184844970703
2019-11-04,22.184778213500977
2019-11-05,22.209854125976562
2019-11-06,22.293445587158203
2019-11-07,22.377033233642578
2019-11-08,22.46898078918457
2019-11-11,22.477346420288086
2019-11-12,22.527494430541992
2019-11-13,22.594369888305664
2019-11-14,22.627803802490234
2019-11-15,22.694679260253906
2019-11-18,22.686317443847656
2019-11-19,22.677955627441406
2019-11-20,22.677955627441406
2019-11-21,22.669597625732422
2019-11-22,22.602725982666016
2019-11-25,22.719757080078125
2019-11-26,22.728116989135742
2019-11-27,22.811702728271484
2019-11-28,22.86185646057129
2019-11-29,22.761545181274414
2019-12-02,22.661237716674805
2019-12-03,22.569293975830078
2019-12-04,22.552574157714844
2019-12-05,22.510774612426758
2019-12-06,22.694679260253906
2019-12-09,22.644521713256836
2019-12-10,22.644521713256836
2019-12-11,22.644521713256836
2019-12-12,22.661237716674805
2019-12-13,22.719757080078125
2019-12-16,22.803348541259766
2019-12-17,22.828418731689453
2019-12-18,22.77826690673828
2019-12-19,22.811702728271484
2019-12-20,22.87021255493164
2019-12-23,22.895294189453125
2019-12-24,22.978885650634766
2019-12-27,22.95380401611328
2019-12-30,22.89185333251953
2019-12-31,22.84133529663086
2020-01-02,22.89185333251953
2020-01-03,22.84133529663086
2020-01-06,22.908689498901367
2020-01-07,22.99287986755371
2020-01-08,22.99287986755371
2020-01-09,23.10232925415039
2020-01-10,23.119171142578125
2020-01-13,23.186525344848633
2020-01-14,23.262296676635742
2020-01-15,23.338071823120117
2020-01-16,23.430681228637695
2020-01-17,23.531707763671875
2020-01-20,23.58222770690918
2020-01-21,23.565387725830078
2020-01-22,23.590648651123047
2020-01-23,23.62432289123535
2020-01-24,23.556968688964844
2020-01-27,23.397001266479492
2020-01-28,23.48119354248047
2020-01-29,23.489612579345703
2020-01-30,23.48119354248047
2020-01-31,23.25387954711914
2020-02-03,23.31281280517578
2020-02-04,23.49803352355957
2020-02-05,23.691675186157227
2020-02-06,23.809545516967773
2020-02-07,23.683256149291992
2020-02-10,23.809545516967773
2020-02-11,23.86005973815918
2020-02-12,23.93583106994629
2020-02-13,23.91899871826172
2020-02-14,23.977930068969727
2020-02-18,24.003189086914062
2020-02-19,24.078962326049805
2020-02-20,24.095796585083008
2020-02-21,23.977930068969727
2020-02-24,23.590648651123047
2020-02-25,23.07707405090332
2020-02-26,22.89185333251953
2020-02-27,22.51298713684082
2020-02-28,21.89838218688965
2020-03-02,22.268829345703125
2020-03-03,22.075180053710938
2020-03-04,22.580337524414062
2020-03-05,22.260406494140625
2020-03-06,21.780515670776367
2020-03-09,19.515745162963867
2020-03-10,20.13876724243164
2020-03-11,19.195810317993164
2020-03-12,16.87211036682129
2020-03-13,18.438085556030273
2020-03-16,16.653209686279297
2020-03-17,17.10784149169922
2020-03-18,15.929158210754395
2020-03-19,16.417469024658203
2020-03-20,16.013351440429688
2020-03-23,15.129329681396484
2020-03-24,16.94788932800293
2020-03-25,17.658618927001953
2020-03-26,18.033077239990234
2020-03-27,17.122486114501953
2020-03-30,17.616077423095703
2020-03-31,18.024564743041992
2020-04-01,17.428848266601562
2020-04-02,17.709684371948242
2020-04-03,17.522464752197266
2020-04-06,18.381996154785156
2020-04-07,18.416030883789062
2020-04-08,18.850051879882812
2020-04-09,19.190460205078125
2020-04-13,19.05429458618164
2020-04-14,19.301090240478516
2020-04-15,18.918128967285156
2020-04-16,18.798986434936523
2020-04-17,19.4372501373291
2020-04-20,19.471294403076172
2020-04-21,18.884090423583984
2020-04-22,19.36066246032715
2020-04-23,19.309602737426758
2020-04-24,19.53086280822754
2020-04-27,19.828720092773438
2020-04-28,20.032968521118164
2020-04-29,20.628681182861328
2020-04-30,20.04998779296875
2020-05-01,19.81169891357422
2020-05-04,19.95637321472168
2020-05-05,20.075511932373047
2020-05-06,20.10956382751465
2020-05-07,20.10956382751465
2020-05-08,20.296781539916992
2020-05-11,20.484004974365234
2020-05-12,20.152109146118164
2020-05-13,19.650009155273438
2020-05-14,19.692556381225586
2020-05-15,19.871273040771484
2020-05-19,20.203168869018555
2020-05-20,20.356353759765625
2020-05-21,20.220191955566406
2020-05-22,20.237207412719727
2020-05-25,20.484004974365234
2020-05-26,20.569108963012695
2020-05-27,20.73931121826172
2020-05-28,20.73931121826172
2020-05-29,20.603145599365234
2020-06-01,20.70526695251465
2020-06-02,20.926532745361328
2020-06-03,21.17333221435547
2020-06-04,21.113759994506836
2020-06-05,21.564794540405273
2020-06-08,21.72649383544922
2020-06-09,21.53927230834961
2020-06-10,21.360553741455078
2020-06-11,20.47549057006836
2020-06-12,20.7818603515625
2020-06-15,20.9010009765625
2020-06-16,21.130781173706055
2020-06-17,21.011632919311523
2020-06-18,21.079715728759766
2020-06-19,21.045677185058594
2020-06-22,21.130781173706055
2020-06-23,21.224390029907227
2020-06-24,20.80902862548828
2020-06-25,21.040813446044922
2020-06-26,20.671676635742188
2020-06-29,20.989309310913086
2020-06-30,21.152414321899414
2020-07-02,21.28118133544922
2020-07-03,21.238256454467773
2020-07-06,21.375612258911133
2020-07-07,21.272592544555664
2020-07-08,21.31551742553711
2020-07-09,21.246837615966797
2020-07-10,21.4528751373291
2020-07-13,21.341276168823242
2020-07-14,21.718996047973633
2020-07-15,21.916439056396484
2020-07-16,21.86493492126465
2020-07-17,22.019453048706055
2020-07-20,22.088136672973633
2020-07-21,22.062379837036133
2020-07-22,22.079545974731445
2020-07-23,21.873519897460938
2020-07-24,21.83917808532715
2020-07-27,22.07096290588379
2020-07-28,22.028039932250977
2020-07-29,22.259822845458984
2020-07-30,22.268409729003906
2020-07-31,22.079545974731445
2020-08-04,22.362838745117188
2020-08-05,22.543115615844727
2020-08-06,22.65471076965332
2020-08-07,22.61178970336914
2020-08-10,22.68046760559082
2020-08-11,22.543115615844727
2020-08-12,22.66330337524414
2020-08-13,22.60321044921875
2020-08-14,22.60321044921875
2020-08-17,22.78348159790039
2020-08-18,22.740556716918945
2020-08-19,22.68046760559082
2020-08-20,22.723390579223633
2020-08-21,22.594623565673828
2020-08-24,22.740556716918945
2020-08-25,22.749141693115234
2020-08-26,22.97234344482422
2020-08-27,22.895082473754883
2020-08-28,22.87791633605957
2020-08-31,22.586036682128906
2020-09-01,22.792068481445312
2020-09-02,22.869327545166016
2020-09-03,22.525943756103516
2020-09-04,22.216903686523438
2020-09-08,22.04520606994629
2020-09-09,22.44868278503418
2020-09-10,22.182559967041016
2020-09-11,22.234066009521484
2020-09-14,22.440099716186523
2020-09-15,22.517362594604492
2020-09-16,22.345672607421875
2020-09-17,22.28557777404785
2020-09-18,22.20831298828125
2020-09-21,21.933605194091797
2020-09-22,22.139638900756836
2020-09-23,21.718996047973633
2020-09-24,21.82049560546875
2020-09-25,22.045541763305664
2020-09-28,22.28789520263672
2020-09-29,22.253273010253906
2020-09-30,22.14075469970703
2020-10-01,22.235965728759766
2020-10-02,22.244617462158203
2020-10-05,22.54755973815918
2020-10-06,22.305206298828125
2020-10-07,22.57352066040039
2020-10-08,22.729326248168945
2020-10-09,22.772600173950195
2020-10-13,22.703357696533203
2020-10-14,22.616802215576172
2020-10-15,22.686046600341797
2020-10-16,22.60814666748047
2020-10-19,22.391756057739258
2020-10-20,22.36579132080078
2020-10-21,22.313861846923828
2020-10-22,22.383102416992188
2020-10-23,22.452348709106445
2020-10-26,22.12343978881836
2020-10-27,22.05419921875
2020-10-28,21.44830894470215
2020-10-29,21.578142166137695
2020-10-30,21.465621948242188
2020-11-02,21.61276626586914
2020-11-03,21.9589900970459
2020-11-04,22.028230667114258
2020-11-05,22.435039520263672
2020-11-06,22.435039520263672
2020-11-09,22.677392959594727
2020-11-10,22.885122299194336
2020-11-11,23.10150718688965
2020-11-12,22.850505828857422
2020-11-13,22.98899269104004
2020-11-16,23.283279418945312
2020-11-17,23.352519989013672
2020-11-18,23.27461814880371
2020-11-19,23.317901611328125
2020-11-20,23.46504020690918
2020-11-23,23.560251235961914
2020-11-24,23.819915771484375
2020-11-25,23.889156341552734
2020-11-26,23.93244171142578
2020-11-27,24.01033592224121
2020-11-30,23.77663803100586
2020-12-01,23.86319351196289
2020-12-02,23.958404541015625
2020-12-03,24.01033592224121
2020-12-04,24.183448791503906
2020-12-07,24.261348724365234
2020-12-08,24.35655403137207
2020-12-09,24.261348724365234
2020-12-10,24.304628372192383
2020-12-11,24.235376358032227
2020-12-14,24.018993377685547
2020-12-15,24.200761795043945
2020-12-16,24.26999855041504
2020-12-17,24.399829864501953
2020-12-18,24.209415435791016
2020-12-21,24.192100524902344
2020-12-22,24.2526912689209
2020-12-23,24.304628372192383
2020-12-24,24.365215301513672
2020-12-29,24.2526912689209
2020-12-30,24.29582977294922
2020-12-31,24.11282730102539
2021-01-04,24.25225830078125
2021-01-05,24.496265411376953
2021-01-06,24.679262161254883
2021-01-07,24.966840744018555
2021-01-08,24.97555160522461
2021-01-11,24.844837188720703
2021-01-12,24.897125244140625
2021-01-13,24.862268447875977
2021-01-14,24.870981216430664
2021-01-15,24.809978485107422
2021-01-18,24.879697799682617
2021-01-19,24.888410568237305
2021-01-20,24.966840744018555
2021-01-21,24.836122512817383
2021-01-22,24.740264892578125
2021-01-25,24.836122512817383
2021-01-26,24.670551300048828
2021-01-27,24.182544708251953
2021-01-28,24.487546920776367
2021-01-29,24.095401763916016
2021-02-01,24.565975189208984
2021-02-02,24.818695068359375
2021-02-03,24.870981216430664
2021-02-04,25.045272827148438
2021-02-05,25.175987243652344
2021-02-08,25.446138381958008
2021-02-09,25.541994094848633
2021-02-10,25.611711502075195
2021-02-11,25.533279418945312
2021-02-12,25.629138946533203
2021-02-16,25.68142318725586
2021-02-17,25.524564743041992
2021-02-18,25.376415252685547
2021-02-19,25.541994094848633
2021-02-22,25.594284057617188
2021-02-23,25.463563919067383
2021-02-24,25.68142318725586
2021-02-25,25.31542205810547
2021-02-26,25.062698364257812
2021-03-01,25.454849243164062
2021-03-02,25.594284057617188
2021-03-03,25.463563919067383
2021-03-04,25.210847854614258
2021-03-05,25.568140029907227
2021-03-08,25.663997650146484
2021-03-09,25.855710983276367
2021-03-10,26.003860473632812
2021-03-11,26.213008880615234
2021-03-12,26.23914909362793
2021-03-15,26.378582000732422
2021-03-16,26.265296936035156
2021-03-17,26.41343879699707
2021-03-18,26.247867584228516
2021-03-19,26.23914909362793
2021-03-22,26.20429039001465
2021-03-23,26.012575149536133
2021-03-24,25.95157241821289
2021-03-25,25.986114501953125
2021-03-26,26.144031524658203
2021-03-29,26.082616806030273
2021-03-30,26.09139060974121
2021-03-31,26.065073013305664
2021-04-01,26.4774169921875
2021-04-05,26.556371688842773
2021-04-06,26.65287208557129
2021-04-07,26.696739196777344
2021-04-08,26.837114334106445
2021-04-09,26.837114334106445
2021-04-12,26.810794830322266
2021-04-13,26.80202293395996
2021-04-14,26.76692771911621
2021-04-15,26.995027542114258
2021-04-16,27.02135467529297
2021-04-19,26.810794830322266
2021-04-20,26.556371688842773
2021-04-21,26.749380111694336
2021-04-22,26.58268928527832
2021-04-23,26.687971115112305
2021-04-26,26.758155822753906
2021-04-27,26.784475326538086
2021-04-28,27.030120849609375
2021-04-29,26.916072845458984
2021-04-30,26.696739196777344
2021-05-03,26.845884323120117
2021-05-04,26.80202293395996
2021-05-05,26.97748374938965
2021-05-06,26.94239044189453
2021-05-07,27.196815490722656
2021-05-10,27.056438446044922
2021-05-11,26.924842834472656
2021-05-12,26.696739196777344
2021-05-13,26.76692771911621
2021-05-14,27.0827693939209
2021-05-17,27.23190689086914
2021-05-18,27.27577018737793
2021-05-19,27.17049217224121
2021-05-20,27.345958709716797
2021-05-21,27.319639205932617
2021-05-25,27.36350440979004
2021-05-26,27.609153747558594
2021-05-27,27.688108444213867
2021-05-28,27.78461265563965
2021-05-31,27.626699447631836
2021-06-01,27.95130729675293
2021-06-02,27.942529678344727
2021-06-03,27.924985885620117
2021-06-04,28.03026008605957
2021-06-07,28.065359115600586
2021-06-08,28.109222412109375
2021-06-09,28.03026008605957
2021-06-10,28.08289909362793
2021-06-11,28.19695472717285
2021-06-14,28.240819931030273
2021-06-15,28.346097946166992
2021-06-16,28.346097946166992
2021-06-17,28.22327423095703
2021-06-18,28.021488189697266
2021-06-21,28.249591827392578
2021-06-22,28.32855224609375
2021-06-23,28.249591827392578
2021-06-24,28.330238342285156
2021-06-25,28.35672378540039
2021-06-28,28.250782012939453
2021-06-29,28.31258201599121
2021-06-30,28.303752899169922
2021-07-02,28.38321304321289
2021-07-05,28.48914909362793
2021-07-06,28.50680160522461
2021-07-07,28.49797248840332
2021-07-08,28.180158615112305
2021-07-09,28.436182022094727
2021-07-12,28.418519973754883
2021-07-13,28.47149658203125
2021-07-14,28.29492950439453
2021-07-15,28.35672378540039
2021-07-16,28.065387725830078
2021-07-19,27.712255477905273
2021-07-20,28.003583908081055
2021-07-21,28.24195671081543
2021-07-22,28.22429656982422
2021-07-23,28.38321304321289
2021-07-26,28.339065551757812
2021-07-27,28.35672378540039
2021-07-28,28.436182022094727
2021-07-29,28.55095100402832
2021-07-30,28.533288955688477
2021-08-03,28.63041114807129
2021-08-04,28.568607330322266
2021-08-05,28.63041114807129
2021-08-06,28.789316177368164
2021-08-09,28.71868896484375
2021-08-10,28.80697250366211
2021-08-11,28.886428833007812
2021-08-12,28.851110458374023
2021-08-13,28.859939575195312
2021-08-16,28.824628829956055
2021-08-17,28.648059844970703
2021-08-18,28.577430725097656
2021-08-19,28.445011138916016
2021-08-20,28.612747192382812
2021-08-23,28.824628829956055
2021-08-24,28.91291046142578
2021-08-25,28.95705795288086
2021-08-26,28.868772506713867
2021-08-27,29.062992095947266
2021-08-30,29.001197814941406
2021-08-31,28.974706649780273
2021-09-01,29.142444610595703
2021-09-02,29.301355361938477
2021-09-03,29.319013595581055
2021-09-07,29.310184478759766
2021-09-08,29.213077545166016
2021-09-09,29.177759170532227
2021-09-10,29.080646514892578
2021-09-13,29.1159610748291
2021-09-14,28.983537673950195
2021-09-15,29.177759170532227
2021-09-16,29.062992095947266
2021-09-17,28.886428833007812
2021-09-20,28.445011138916016
2021-09-21,28.55095100402832
2021-09-22,28.78048324584961
2021-09-23,28.851110458374023
2021-09-24,28.774106979370117
2021-09-27,28.862947463989258
2021-09-28,28.489835739135742
2021-09-29,28.463180541992188
2021-09-30,28.32992935180664
2021-10-01,28.445417404174805
2021-10-04,28.321044921875
2021-10-05,28.49871253967285
2021-10-06,28.525367736816406
2021-10-07,28.854063034057617
2021-10-08,28.862947463989258
2021-10-12,28.880714416503906
2021-10-13,29.138343811035156
2021-10-14,29.422616958618164
2021-10-15,29.58251953125
2021-10-18,29.65359115600586
2021-10-19,29.804607391357422
2021-10-20,29.928987503051758
2021-10-21,29.973403930664062
2021-10-22,29.98228645324707
2021-10-25,30.08889389038086
2021-10-26,29.928987503051758
2021-10-27,29.64470672607422
2021-10-28,29.95563507080078
2021-10-29,29.760190963745117
2021-11-01,30.053348541259766
2021-11-02,29.95563507080078
2021-11-03,30.080005645751953
2021-11-04,30.186603546142578
2021-11-05,30.35539436340332
2021-11-08,30.488656997680664
2021-11-09,30.550838470458984
2021-11-10,30.364276885986328
2021-11-11,30.515308380126953
2021-11-12,30.817346572875977
2021-11-15,30.692975997924805
2021-11-16,30.728519439697266
2021-11-17,30.639678955078125
2021-11-18,30.639678955078125
2021-11-19,30.50642967224121
2021-11-22,30.328750610351562
2021-11-23,30.382043838500977
2021-11-24,30.50642967224121
2021-11-25,30.692975997924805
2021-11-26,29.928987503051758
2021-11-29,29.964519500732422
2021-11-30,29.316011428833008
2021-12-01,29.005084991455078
2021-12-02,29.431499481201172
2021-12-03,29.227176666259766
2021-12-06,29.58251953125
2021-12-07,29.99117088317871
2021-12-08,29.884563446044922
2021-12-09,29.671363830566406
2021-12-10,29.63582420349121
2021-12-13,29.404844284057617
2021-12-14,29.30712890625
2021-12-15,29.458158493041992
2021-12-16,29.44038200378418
2021-12-17,29.431499481201172
2021-12-20,29.147226333618164
2021-12-21,29.689128875732422
2021-12-22,29.902334213256836
2021-12-23,30.133310317993164
2021-12-24,30.151081085205078
2021-12-29,30.302101135253906
2021-12-30,29.866994857788086
2021-12-31,29.7523250579834
2022-01-04,29.78760528564453
2022-01-05,29.52298355102539
2022-01-06,29.56709098815918
2022-01-07,29.57591438293457
2022-01-10,29.55826759338379
2022-01-11,29.866994857788086
2022-01-12,30.025766372680664
2022-01-13,29.89345359802246
2022-01-14,29.981672286987305
2022-01-17,30.29039764404297
2022-01-18,29.866994857788086
2022-01-19,29.7523250579834
2022-01-20,29.56709098815918
2022-01-21,28.92317771911621
2022-01-24,28.887897491455078
2022-01-25,28.92317771911621
2022-01-26,28.940828323364258
2022-01-27,28.861434936523438
2022-01-28,29.143699645996094
2022-01-31,29.64647674560547
2022-02-01,29.964019775390625
2022-02-02,30.016942977905273
2022-02-03,29.64647674560547
2022-02-04,29.89345359802246
2022-02-07,29.849355697631836
2022-02-08,30.043411254882812
2022-02-09,30.369781494140625
2022-02-10,30.272748947143555
2022-02-11,30.281564712524414
2022-02-14,30.043411254882812
2022-02-15,30.246288299560547
2022-02-16,30.078697204589844
2022-02-17,29.7523250579834
2022-02-18,29.56709098815918
2022-02-22,29.41713523864746
2022-02-23,29.18779945373535
2022-02-24,29.22307777404785
2022-02-25,29.708223342895508
2022-02-28,29.72586441040039
2022-03-01,29.56709098815918
2022-03-02,29.928743362426758
2022-03-03,29.928743362426758
2022-03-04,30.14925765991211
2022-03-07,30.008127212524414
2022-03-08,29.911096572875977
2022-03-09,30.281564712524414
2022-03-10,30.413883209228516
2022-03-11,30.237459182739258
2022-03-14,29.866994857788086
2022-03-15,29.902284622192383
2022-03-16,30.281564712524414
2022-03-17,30.704965591430664
2022-03-18,30.775527954101562
2022-03-21,31.04014778137207
2022-03-22,31.137184143066406
2022-03-23,30.925487518310547
2022-03-24,30.95194435119629
2022-03-25,31.05668067932129
2022-03-28,31.02117156982422
2022-03-29,31.17207145690918
2022-03-30,31.18094825744629
2022-03-31,30.9412899017334
2022-04-01,31.00342559814453
2022-04-04,31.18094825744629
2022-04-05,30.97679901123047
2022-04-06,30.781530380249023
2022-04-07,30.834781646728516
2022-04-08,30.91465950012207
2022-04-11,30.79928207397461
2022-04-12,30.701648712158203
2022-04-13,30.870281219482422
2022-04-14,30.89691162109375
2022-04-18,30.91465950012207
2022-04-19,31.11881446838379
2022-04-20,31.092180252075195
2022-04-21,30.604007720947266
2022-04-22,29.982702255249023
2022-04-25,29.72529411315918
2022-04-26,29.27263069152832
2022-04-27,29.343637466430664
2022-04-28,29.85843849182129
2022-04-29,29.388015747070312
2022-05-02,29.281505584716797
2022-05-03,29.583288192749023
2022-05-04,29.982702255249023
2022-05-05,29.29926109313965
2022-05-06,29.201622009277344
2022-05-09,28.305160522460938
2022-05-10,28.127647399902344
2022-05-11,28.074386596679688
2022-05-12,27.923498153686523
2022-05-13,28.456052780151367
2022-05-16,28.624692916870117
2022-05-17,29.006351470947266
2022-05-18,28.429420471191406
2022-05-19,28.589187622070312
2022-05-20,28.598064422607422
2022-05-24,28.757829666137695
2022-05-25,28.87321662902832
2022-05-26,29.103988647460938
2022-05-27,29.414644241333008
2022-05-30,29.636539459228516
2022-05-31,29.396894454956055
2022-06-01,29.379138946533203
2022-06-02,29.840686798095703
2022-06-03,29.494525909423828
2022-06-06,29.52115249633789
2022-06-07,29.689796447753906
2022-06-08,29.476774215698242
2022-06-09,29.183874130249023
2022-06-10,28.77558135986328
2022-06-13,28.021129608154297
2022-06-14,27.74597930908203
2022-06-15,27.84361457824707
2022-06-16,26.982656478881836
2022-06-17,26.89389419555664
2022-06-20,27.24005699157715
2022-06-21,27.355440139770508
2022-06-22,27.000408172607422
2022-06-23,26.592117309570312
2022-06-24,27.109251022338867
2022-06-27,27.377660751342773
2022-06-28,27.3239803314209
2022-06-29,27.15398406982422
2022-06-30,26.849794387817383
2022-07-04,27.100305557250977
2022-07-05,26.8050537109375
2022-07-06,26.670848846435547
2022-07-07,27.136091232299805
2022-07-08,27.100305557250977
2022-07-11,26.8050537109375
2022-07-12,26.599275588989258
2022-07-13,26.518747329711914
2022-07-14,26.116140365600586
2022-07-15,26.187713623046875
2022-07-18,26.47402000427246
2022-07-19,26.983991622924805
2022-07-20,27.091360092163086
2022-07-21,27.145038604736328
2022-07-22,27.055570602416992
2022-07-25,27.23450469970703
2022-07-26,27.04661750793457
2022-07-27,27.45818328857422
2022-07-28,27.73553466796875
2022-07-29,28.10236167907715
2022-08-02,27.825008392333984
2022-08-03,27.86974334716797
2022-08-04,27.932369232177734
2022-08-05,27.9950008392334
2022-08-08,28.048681259155273
2022-08-09,27.91447639465332
2022-08-10,28.36182403564453
2022-08-11,28.522865295410156
2022-08-12,28.80916976928711
2022-08-15,28.80916976928711
2022-08-16,28.934425354003906
2022-08-17,28.80022430419922
2022-08-18,28.925485610961914
2022-08-19,28.701810836791992
2022-08-22,28.522865295410156
2022-08-23,28.54970932006836
2022-08-24,28.585494995117188
2022-08-25,28.82706642150879
2022-08-26,28.39760971069336
2022-08-29,28.326038360595703
2022-08-30,27.878684997558594
2022-08-31,27.619226455688477
2022-09-01,27.38660430908203
2022-09-02,27.565547943115234
2022-09-06,27.306081771850586
2022-09-07,27.520803451538086
2022-09-08,27.762378692626953
2022-09-09,28.281301498413086
2022-09-12,28.6033935546875
2022-09-13,28.11130714416504
2022-09-14,28.2365665435791
2022-09-15,28.003944396972656
2022-09-16,27.762378692626953
2022-09-19,28.01289176940918
2022-09-20,27.73553466796875
2022-09-21,27.45818328857422
2022-09-22,27.22555923461914
2022-09-23,26.47894859313965
2022-09-26,26.26228141784668
2022-09-27,26.25325584411621
2022-09-28,26.749786376953125
2022-09-29,26.45186424255371
2022-09-30,26.44283676147461
2022-10-03,27.074792861938477
2022-10-04,27.788000106811523
2022-10-05,27.598413467407227
2022-10-06,27.255352020263672
2022-10-07,26.686588287353516
2022-10-11,26.162967681884766
2022-10-12,26.14491844177246
2022-10-13,26.713674545288086
2022-10-14,26.32547378540039
2022-10-17,26.74076271057129
2022-10-18,27.0025691986084
2022-10-19,26.82200813293457
2022-10-20,26.677562713623047
2022-10-21,27.074792861938477
2022-10-24,27.165071487426758
2022-10-25,27.426876068115234
2022-10-26,27.697723388671875
2022-10-27,27.778974533081055
2022-10-28,27.97758674621582
2022-10-31,27.914390563964844
2022-11-01,28.0678653717041
2022-11-02,27.697723388671875
2022-11-03,27.652578353881836
2022-11-04,27.950502395629883
2022-11-07,28.10397720336914
2022-11-08,28.2664794921875
2022-11-09,27.806055068969727
2022-11-10,28.744962692260742
2022-11-11,28.907466888427734
2022-11-14,28.663715362548828
2022-11-15,28.772045135498047
2022-11-16,28.708847045898438
2022-11-17,28.61857032775879
2022-11-18,28.753990173339844
2022-11-21,28.744962692260742
2022-11-22,29.106081008911133
2022-11-23,29.205387115478516
2022-11-24,29.29566764831543
2022-11-25,29.34983253479004
2022-11-28,29.09705352783203
2022-11-29,29.214414596557617
2022-11-30,29.449142456054688
2022-12-01,29.584562301635742
2022-12-02,29.530391693115234
2022-12-05,29.16927719116211
2022-12-06,28.799131393432617
2022-12-07,28.790098190307617
2022-12-08,28.808156967163086
2022-12-09,28.76302146911621
2022-12-12,28.862323760986328
2022-12-13,28.88037872314453
2022-12-14,28.699825286865234
2022-12-15,28.29356575012207
2022-12-16,28.0678653717041
2022-12-19,27.715778350830078
2022-12-20,27.878278732299805
2022-12-21,28.257450103759766
2022-12-22,27.932449340820312
2022-12-23,28.167177200317383
2022-12-28,27.851198196411133
2022-12-29,28.184978485107422
2022-12-30,28.021270751953125
2023-01-03,28.130409240722656
2023-01-04,28.321401596069336
2023-01-05,28.239547729492188
2023-01-06,28.676097869873047
2023-01-09,28.721572875976562
2023-01-10,28.80342674255371
2023-01-11,28.99441909790039
2023-01-12,29.249074935913086
2023-01-13,29.467355728149414
2023-01-16,29.521923065185547
2023-01-17,29.58558464050293
2023-01-18,29.48554039001465
2023-01-19,29.440067291259766
2023-01-20,29.667442321777344
2023-01-23,29.867525100708008
2023-01-24,29.867525100708008
2023-01-25,29.831146240234375
2023-01-26,29.994853973388672
2023-01-27,30.01304817199707
2023-01-30,29.822053909301758
2023-01-31,30.085805892944336
2023-02-01,30.07670783996582
2023-02-02,30.067615509033203
2023-02-03,30.07670783996582
2023-02-06,29.89480972290039
2023-02-07,30.04033088684082
2023-02-08,29.976665496826172
2023-02-09,29.858430862426758
2023-02-10,29.876619338989258
2023-02-13,30.00394630432129
2023-02-14,30.031234741210938
2023-02-15,30.067615509033203
2023-02-16,29.89480972290039
2023-02-17,29.758392333984375
2023-02-21,29.376405715942383
2023-02-22,29.2763614654541
2023-02-23,29.294551849365234
2023-02-24,29.3309326171875
2023-02-27,29.4036922454834
2023-02-28,29.349117279052734
2023-03-01,29.421875
2023-03-02,29.54920768737793
2023-03-03,29.89480972290039
2023-03-06,29.803863525390625
2023-03-07,29.44916343688965
2023-03-08,29.54920768737793
2023-03-09,29.203603744506836
2023-03-10,28.748859405517578
2023-03-13,28.476011276245117
2023-03-14,28.64881706237793
2023-03-15,28.184978485107422
2023-03-16,28.439632415771484
2023-03-17,28.212265014648438
2023-03-20,28.41234588623047
2023-03-21,28.61243438720703
2023-03-22,28.437284469604492
2023-03-23,28.308895111083984
2023-03-24,28.38226318359375
2023-03-27,28.565670013427734
2023-03-28,28.62985610961914
2023-03-29,28.886629104614258
2023-03-30,29.051694869995117
2023-03-31,29.280956268310547
2023-04-03,29.565237045288086
2023-04-04,29.565237045288086
2023-04-05,29.400169372558594
2023-04-06,29.46436309814453
2023-04-10,29.583574295043945
2023-04-11,29.79449462890625
2023-04-12,29.831174850463867
2023-04-13,30.005413055419922
2023-04-14,30.023754119873047
2023-04-17,30.106285095214844
2023-04-18,30.179643630981445
2023-04-19,30.16130828857422
2023-04-20,30.08794593811035
2023-04-21,30.197994232177734
2023-04-24,30.197994232177734
2023-04-25,29.840349197387695
2023-04-26,29.739471435546875
2023-04-27,29.987075805664062
2023-04-28,30.133800506591797
2023-05-01,30.115459442138672
2023-05-02,29.79449462890625
2023-05-03,29.72113037109375
2023-05-04,29.565237045288086
2023-05-05,30.005413055419922
2023-05-08,30.051265716552734
2023-05-09,30.060434341430664
2023-05-10,29.959556579589844
2023-05-11,29.831174850463867
2023-05-12,29.840349197387695
2023-05-15,30.01458168029785
2023-05-16,29.583574295043945
2023-05-17,29.67527961730957
2023-05-18,29.6844482421875
2023-05-19,29.766984939575195
2023-05-23,29.47353172302246
2023-05-24,29.152572631835938
2023-05-25,28.93248176574707
2023-05-26,29.143400192260742
2023-05-29,29.216764450073242
2023-05-30,28.895803451538086
2023-05-31,28.657367706298828
2023-06-01,28.794923782348633
2023-06-02,29.326805114746094
2023-06-05,29.198421478271484
2023-06-06,29.37265968322754
2023-06-07,29.253442764282227
2023-06-08,29.207592010498047
2023-06-09,29.152572631835938
2023-06-12,29.198421478271484
2023-06-13,29.29012680053711
2023-06-14,29.35431671142578
2023-06-15,29.38182830810547
2023-06-16,29.308467864990234
2023-06-19,29.26261329650879
2023-06-20,28.987504959106445
2023-06-21,28.904972076416016
2023-06-22,28.739906311035156
2023-06-23,28.5014705657959
2023-06-26,28.739194869995117
2023-06-27,28.970439910888672
2023-06-28,29.081438064575195
2023-06-29,29.266433715820312
2023-06-30,29.60867691040039
2023-07-04,29.68267250061035
2023-07-05,29.553180694580078
2023-07-06,29.127687454223633
2023-07-07,29.155437469482422
2023-07-10,29.155437469482422
2023-07-11,29.247934341430664
2023-07-12,29.51618003845215
2023-07-13,29.830673217773438
2023-07-14,29.79367446899414
2023-07-17,29.75667381286621
2023-07-18,29.960172653198242
2023-07-19,30.135921478271484
2023-07-20,30.052671432495117
2023-07-21,30.21916389465332
2023-07-24,30.2746639251709
2023-07-25,30.246919631958008
2023-07-26,30.26541519165039
2023-07-27,30.01567268371582
2023-07-28,30.21916389465332
2023-07-31,30.357912063598633
2023-08-01,30.246919631958008
2023-08-02,29.775175094604492
2023-08-03,29.636428833007812
2023-08-04,29.79367446899414
2023-08-08,29.765926361083984
2023-08-09,29.867677688598633
2023-08-10,29.960172653198242
2023-08-11,30.052671432495117
2023-08-14,29.895423889160156
2023-08-15,29.321937561035156
2023-08-16,29.3311824798584
2023-08-17,29.2109317779541
2023-08-18,29.2109317779541
2023-08-21,29.18318748474121
2023-08-22,29.044437408447266
2023-08-23,29.312685012817383
2023-08-24,29.19243621826172
2023-08-25,29.25718116760254
2023-08-28,29.53468132019043
2023-08-29,29.93242073059082
2023-08-30,30.006420135498047
2023-08-31,29.96942138671875
2023-09-01,30.339412689208984
2023-09-05,30.145166397094727
2023-09-06,29.849170684814453
2023-09-07,29.747425079345703
2023-09-08,29.65492820739746
2023-09-11,29.81217384338379
2023-09-12,29.858423233032227
2023-09-13,29.960172653198242
2023-09-14,30.42266273498535
2023-09-15,30.4411563873291
2023-09-18,30.311664581298828
2023-09-19,29.913923263549805
2023-09-20,29.895423889160156
2023-09-21,29.284934997558594
2023-09-22,29.266433715820312
2023-09-25,29.305620193481445
2023-09-26,28.94175148010254
2023-09-27,28.755151748657227
2023-09-28,29.007061004638672
2023-09-29,28.960411071777344
2023-10-02,28.437929153442383
2023-10-03,28.195344924926758
2023-10-04,28.20467758178711
2023-10-05,28.391281127929688
2023-10-06,28.549890518188477
2023-10-10,28.913761138916016
2023-10-11,29.15633773803711
2023-10-12,28.923093795776367
2023-10-13,28.867111206054688
2023-10-16,29.100358963012695
2023-10-17,29.21232032775879
2023-10-18,28.8577823638916
2023-10-19,28.699169158935547
2023-10-20,28.3632869720459
2023-10-23,28.260658264160156
2023-10-24,28.176687240600586
2023-10-25,28.120708465576172
2023-10-26,28.018077850341797
2023-10-27,27.83147621154785
2023-10-30,28.018077850341797
2023-10-31,28.03673553466797
2023-11-01,28.33530044555664
2023-11-02,29.15633773803711
2023-11-03,29.454898834228516
2023-11-06,29.33361053466797
2023-11-07,29.081701278686523
2023-11-08,28.99772834777832
2023-11-09,29.100358963012695
2023-11-10,29.193660736083984
2023-11-13,29.28696060180664
2023-11-14,29.762794494628906
2023-11-15,29.800113677978516
2023-11-16,29.81877326965332
2023-11-17,29.986711502075195
2023-11-20,30.089344024658203
2023-11-21,29.912073135375977
2023-11-22,29.912073135375977
2023-11-23,29.930736541748047
2023-11-24,29.893415451049805
2023-11-27,29.800113677978516
2023-11-28,29.8094425201416
2023-11-29,29.940059661865234
2023-11-30,30.13599395751953
2023-12-01,30.443883895874023
2023-12-04,30.387903213500977
2023-12-05,30.34125328063965
2023-12-06,30.191974639892578
2023-12-07,30.210636138916016
2023-12-08,30.29460334777832
2023-12-11,30.275941848754883
2023-12-12,30.15465545654297
2023-12-13,30.742448806762695
2023-12-14,30.994359970092773
2023-12-15,30.611825942993164
2023-12-18,30.761106491088867
2023-12-19,31.078327178955078
2023-12-20,30.723791122436523
2023-12-21,30.9757022857666
2023-12-22,31.134307861328125
2023-12-27,31.348894119262695
2023-12-28,31.2625789642334
2023-12-29,31.309494018554688
2024-01-02,31.18752098083496
2024-01-03,31.112457275390625
2024-01-04,31.18752098083496
2024-01-05,31.27195930480957
2024-01-08,31.47837257385254
2024-01-09,31.36578941345215
2024-01-10,31.36578941345215
2024-01-11,31.27195930480957
2024-01-12,31.36578941345215
2024-01-15,31.497140884399414
2024-01-16,31.30011558532715
2024-01-17,30.943572998046875
2024-01-18,31.028011322021484
2024-01-19,31.253198623657227
2024-01-22,31.29072380065918
2024-01-23,31.450227737426758
2024-01-24,31.459611892700195
2024-01-25,31.581584930419922
2024-01-26,31.600351333618164
2024-01-29,31.722320556640625
2024-01-30,31.75985336303711
2024-01-31,31.487762451171875
2024-02-01,31.609731674194336
2024-02-02,31.562820434570312
2024-02-05,31.24381446838379
2024-02-06,31.375165939331055
2024-02-07,31.393930435180664
2024-02-08,31.309494018554688
2024-02-09,31.450227737426758
2024-02-12,31.53467559814453
2024-02-13,30.821596145629883
2024-02-14,31.281347274780273
2024-02-15,31.788002014160156
2024-02-16,31.825532913208008
2024-02-20,31.797374725341797
2024-02-21,31.73171043395996
2024-02-22,31.938127517700195
2024-02-23,32.08824157714844
2024-02-26,31.956886291503906
2024-02-27,31.956886291503906
2024-02-28,31.853679656982422
2024-02-29,32.03194808959961
2024-03-01,32.341575622558594
2024-03-04,32.294647216796875
2024-03-05,32.285274505615234
2024-03-06,32.40724182128906
2024-03-07,32.69810104370117
2024-03-08,32.61366271972656
2024-03-11,32.660579681396484
2024-03-12,32.77316665649414
2024-03-13,32.98896408081055
2024-03-14,32.81070327758789
2024-03-15,32.83884811401367
2024-03-18,32.82007598876953
2024-03-19,32.85761260986328
2024-03-20,33.13908386230469
2024-03-21,33.19538116455078
2024-03-22,33.03944396972656
2024-03-25,32.992191314697266
2024-03-26,32.9449348449707
2024-03-27,33.27571487426758
2024-03-28,33.370216369628906
2024-04-01,33.408016204833984
2024-04-02,33.237911224365234
2024-04-03,33.294612884521484
2024-04-04,33.20956039428711
2024-04-05,33.53087615966797
2024-04-08,33.54032897949219
2024-04-09,33.6915397644043
2024-04-10,33.45527648925781
2024-04-11,33.31351089477539
2024-04-12,32.98273849487305
2024-04-15,32.74647903442383
2024-04-16,32.59526443481445
2024-04-17,32.62361526489258
2024-04-18,32.68977355957031
2024-04-19,32.85988235473633
2024-04-22,32.95438766479492
2024-04-23,33.1717529296875
2024-04-24,32.98273849487305
2024-04-25,32.992191314697266
2024-04-26,33.14339828491211
2024-04-29,33.16230392456055
2024-04-30,32.77482986450195
2024-05-01,32.77482986450195
2024-05-02,32.916587829589844
2024-05-03,33.11505126953125
2024-05-06,33.578128814697266
2024-05-07,33.625389099121094
2024-05-08,33.56868362426758
2024-05-09,33.75769805908203
2024-05-10,33.644283294677734
2024-05-13,33.56868362426758
2024-05-14,33.58758544921875
2024-05-15,33.65373992919922
2024-05-16,33.682090759277344
2024-05-17,33.91835403442383
2024-05-21,33.937252044677734
2024-05-22,33.74824142456055
2024-05-23,33.53087615966797
2024-05-24,33.6915397644043
2024-05-27,33.79549789428711
2024-05-28,33.625389099121094
2024-05-29,33.08669662475586
2024-05-30,33.34186553955078
2024-05-31,33.66318893432617
2024-06-03,33.41747283935547
2024-06-04,33.228458404541016
2024-06-05,33.48362350463867
2024-06-06,33.5970344543457
2024-06-07,33.285160064697266
2024-06-10,33.370216369628906
2024-06-11,33.11505126953125
2024-06-12,33.228458404541016
2024-06-13,32.83153533935547
2024-06-14,32.74647903442383
2024-06-17,32.69921875
2024-06-18,32.73702621459961
2024-06-19,32.59526443481445
2024-06-20,32.67087173461914
2024-06-21,32.64251708984375
2024-06-24,33.077247619628906
2024-06-25,33.016300201416016
2024-06-26,33.016300201416016
2024-06-27,33.235328674316406
2024-06-28,33.187713623046875
2024-07-02,33.30199432373047
2024-07-03,33.73051834106445
2024-07-04,33.76861572265625
2024-07-05,33.48292922973633
2024-07-08,33.568634033203125
2024-07-09,33.4353141784668
2024-07-10,33.930511474609375
2024-07-11,34.2257194519043
2024-07-12,34.41617965698242
2024-07-15,34.530460357666016
2024-07-16,34.9208984375
2024-07-17,34.69234848022461
2024-07-18,34.50189208984375
2024-07-19,34.45427322387695
2024-07-22,34.72092056274414
2024-07-23,34.644737243652344
2024-07-24,34.359046936035156
2024-07-25,34.340003967285156
2024-07-26,34.644737243652344
2024-07-29,34.59712219238281
2024-07-30,34.69234848022461
2024-07-31,35.111358642578125
2024-08-01,34.549503326416016
2024-08-02,33.77814865112305
2024-08-06,33.387699127197266
2024-08-07,33.24485778808594
2024-08-08,33.77814865112305
2024-08-09,33.911468505859375
2024-08-12,34.0352668762207
2024-08-13,34.38761520385742
2024-08-14,34.58759689331055
2024-08-15,35.01613235473633
2024-08-16,35.06375503540039
2024-08-19,35.15897750854492
2024-08-20,35.05422592163086
2024-08-21,35.15897750854492
2024-08-22,35.03518295288086
2024-08-23,35.444671630859375
2024-08-26,35.52085876464844
2024-08-27,35.38753128051758
2024-08-28,35.19707107543945
2024-08-29,35.35895919799805
2024-08-30,35.52085876464844
2024-09-03,35.092315673828125
2024-09-04,35.092315673828125
2024-09-05,34.987571716308594
2024-09-06,34.682830810546875
2024-09-09,35.06375503540039
2024-09-10,35.05422592163086
2024-09-11,35.34943771362305
2024-09-12,35.758934020996094
2024-09-13,35.94938659667969
2024-09-16,36.15890121459961
2024-09-17,36.12080383300781
2024-09-18,35.997005462646484
2024-09-19,36.387447357177734
2024-09-20,36.396968841552734
2024-09-23,36.44458770751953
2024-09-24,36.54914855957031
2024-09-25,36.472408294677734
2024-09-26,36.67385482788086
2024-09-27,36.60670471191406
2024-09-30,36.63548278808594
2024-10-01,36.69303894042969
2024-10-02,36.664268493652344
2024-10-03,36.62589645385742
2024-10-04,36.92327880859375
2024-10-07,36.82734298706055
2024-10-08,36.77937698364258
2024-10-09,37.019203186035156
2024-10-10,37.14391326904297
2024-10-11,37.412513732910156
2024-10-15,37.36455154418945
2024-10-16,37.54681396484375
2024-10-17,37.738677978515625
2024-10-18,37.94972229003906
2024-10-21,37.796234130859375
2024-10-22,37.77704620361328
2024-10-23,37.55641174316406
2024-10-24,37.55641174316406
2024-10-25,37.431705474853516
2024-10-28,37.566001892089844
2024-10-29,37.55641174316406
2024-10-30,37.489261627197266
2024-10-31,36.961647033691406
2024-11-01,37.11513900756836
2024-11-04,37.13432312011719
2024-11-05,37.32617950439453
2024-11-06,37.69070816040039
2024-11-07,38.03606033325195
2024-11-08,37.90175247192383
2024-11-11,37.9305305480957
2024-11-12,38.13199234008789
2024-11-13,38.247100830078125
2024-11-14,38.323848724365234
2024-11-15,38.12239456176758
2024-11-18,38.247100830078125
2024-11-19,38.30466079711914
2024-11-20,38.34303283691406
2024-11-21,38.899417877197266
2024-11-22,38.985755920410156
2024-11-25,38.93778991699219
2024-11-26,38.92820358276367
2024-11-27,39.033721923828125
2024-11-28,39.15842819213867
2024-11-29,39.321510314941406
2024-12-02,39.225582122802734
2024-12-03,39.30232238769531
2024-12-04,39.31191635131836
2024-12-05,39.38866424560547
2024-12-06,39.39825439453125
2024-12-09,39.30232238769531
2024-12-10,39.11046600341797
2024-12-11,39.35029602050781
2024-12-12,38.99535369873047
2024-12-13,38.79389572143555
2024-12-16,38.621219635009766
2024-12-17,38.59244918823242
2024-12-18,37.70989227294922
2024-12-19,37.49885177612305
2024-12-20,37.77704620361328
2024-12-23,38.026466369628906
2024-12-24,38.12239456176758
2024-12-27,38.10321044921875
2024-12-30,37.82332229614258
2024-12-31,38.03565216064453
2025-01-02,38.296234130859375
2025-01-03,38.566471099853516
2025-01-06,38.460304260253906
2025-01-07,38.363792419433594
2025-01-08,38.52785873413086
2025-01-09,38.57612228393555
2025-01-10,38.141807556152344
2025-01-13,37.775062561035156
2025-01-14,37.842620849609375
2025-01-15,38.161109924316406
2025-01-16,38.25762939453125
2025-01-17,38.58576965332031
2025-01-20,38.75949478149414
2025-01-21,38.92356491088867
2025-01-22,38.971824645996094
2025-01-23,39.164852142333984
2025-01-24,39.213104248046875
2025-01-27,38.952518463134766
2025-01-28,39.164852142333984
2025-01-29,39.23240661621094
2025-01-30,39.782527923583984
2025-01-31,39.34822463989258
2025-02-03,38.88496017456055
2025-02-04,38.952518463134766
2025-02-05,39.4061279296875
2025-02-06,39.34822463989258
2025-02-07,39.20344924926758
2025-02-10,39.53159713745117
2025-02-11,39.512298583984375
2025-02-12,39.4061279296875
2025-02-13,39.59915542602539
2025-02-14,39.29030990600586
2025-02-18,39.57019805908203
2025-02-19,39.50264358520508
2025-02-20,39.34822463989258
2025-02-21,38.788448333740234
2025-02-24,38.798099517822266
2025-02-25,38.86566162109375
2025-02-26,39.07798767089844
2025-02-27,38.76914596557617
2025-02-28,39.174495697021484
2025-03-03,38.59542465209961
2025-03-04,37.91983413696289
2025-03-05,38.39274215698242
2025-03-06,37.94879150390625
2025-03-07,38.21902084350586
2025-03-10,37.64959716796875
2025-03-11,37.466217041015625
2025-03-12,37.74611282348633
2025-03-13,37.39866638183594
2025-03-14,37.95844268798828
2025-03-17,38.3251838684082
2025-03-18,38.209373474121094
2025-03-19,38.74019241333008
2025-03-20,38.74019241333008
2025-03-21,38.60507583618164
2025-03-24,39.12624740600586
2025-03-25,39.19379806518555
2025-03-26,38.93436813354492
2025-03-27,38.90522003173828
2025-03-28,38.3125114440918
2025-03-31,38.61372375488281
2025-04-01,38.78861999511719
2025-04-02,39.20642852783203
2025-04-03,37.70035934448242
2025-04-04,35.9416618347168
2025-04-07,35.40724563598633
2025-04-08,34.90198516845703
2025-04-09,36.76757049560547
2025-04-10,35.689029693603516
2025-04-11,36.58295822143555
2025-04-14,37.020198822021484
2025-04-15,37.31169891357422
2025-04-16,37.37971496582031
2025-04-17,37.52545928955078
2025-04-21,37.243682861328125
2025-04-22,37.690643310546875
2025-04-23,37.9529914855957
2025-04-24,38.36109161376953
2025-04-25,38.36109161376953
2025-04-28,38.487403869628906
2025-04-29,38.61372375488281
2025-04-30,38.535987854003906
2025-05-01,38.506839752197266
2025-05-02,38.846920013427734
2025-05-05,38.749755859375
2025-05-06,38.76919174194336
2025-05-07,39.03153610229492
2025-05-08,39.20642852783203
2025-05-09,39.371612548828125
2025-05-12,39.643680572509766
2025-05-13,39.77971267700195
2025-05-14,39.8865966796875
2025-05-15,40.236392974853516
2025-05-16,40.362709045410156
2025-05-20,40.479305267333984
2025-05-21,40.158660888671875
2025-05-22,40.16837692260742
2025-05-23,40.216957092285156
2025-05-26,40.5376091003418
2025-05-27,40.809669494628906
2025-05-28,40.858253479003906
2025-05-29,40.74165725708008
2025-05-30,40.683353424072266
2025-06-02,41.05258560180664
2025-06-03,41.101165771484375
2025-06-04,40.95542526245117
2025-06-05,40.95542526245117
2025-06-06,41.11088943481445
2025-06-09,41.023433685302734
2025-06-10,41.12060546875
2025-06-11,41.285789489746094
2025-06-12,41.4120979309082
2025-06-13,41.276065826416016
2025-06-16,41.37323760986328
2025-06-17,41.32464599609375
2025-06-18,41.36351776123047
2025-06-19,41.314937591552734
2025-06-20,41.276065826416016
2025-06-23,41.4606819152832
2025-06-24,41.60643005371094
2025-06-25,41.38337326049805
2025-06-26,41.66708755493164
2025-06-27,41.598602294921875
2025-06-30,41.872535705566406
2025-07-02,41.921451568603516
2025-07-03,42.175819396972656
2025-07-04,42.19538497924805
2025-07-07,42.15625
2025-07-08,41.98015213012695
2025-07-09,42.087772369384766
2025-07-10,42.2834358215332
2025-07-11,42.175819396972656
2025-07-14,42.459537506103516
2025-07-15,42.23451614379883
2025-07-16,42.371490478515625
2025-07-17,42.75303649902344
2025-07-18,42.645416259765625
2025-07-21,42.63563919067383
2025-07-22,42.72368240356445
2025-07-23,42.79216766357422
2025-07-24,42.762813568115234
2025-07-25,42.929134368896484
2025-07-28,42.81173324584961
2025-07-29,43.017189025878906
2025-07-30,42.77260208129883
2025-07-31,42.625850677490234
2025-08-01,42.22473907470703
2025-08-05,43.066097259521484
2025-08-06,43.61397171020508
2025-08-07,43.369388580322266
2025-08-08,43.3791618347168
2025-08-11,43.39873504638672
2025-08-12,43.643314361572266
2025-08-13,43.741146087646484
2025-08-14,43.61397171020508
2025-08-15,43.63352966308594
2025-08-18,43.662879943847656
2025-08-19,43.51613235473633
2025-08-20,43.61397171020508
2025-08-21,43.86832809448242
2025-08-22,44.30857849121094
2025-08-25,44.063995361328125
2025-08-26,44.337928771972656
2025-08-27,44.484683990478516
2025-08-28,44.484683990478516
2025-08-29,44.709693908691406
2025-09-02,44.7879638671875
2025-09-03,45.00318908691406
2025-09-04,45.24777603149414
2025-09-05,45.48257827758789
2025-09-08,45.443443298339844
2025-09-09,45.48257827758789
2025-09-10,45.697811126708984
2025-09-11,46.059791564941406
2025-09-12,45.8739013671875
2025-09-15,46.11848831176758
2025-09-16,45.9326057434082
2025-09-17,45.952178955078125
2025-09-18,46.14784240722656
2025-09-19,46.6174430847168
2025-09-22,46.94028854370117
2025-09-23,46.74462127685547
2025-09-24,46.647193908691406
2025-09-25,46.61766815185547
2025-09-26,46.647193908691406
2025-09-29,47.031002044677734
2025-09-30,47.1097297668457
2025-10-01,47.22782897949219
2025-10-02,47.326236724853516
2025-10-03,47.8281364440918
2025-10-06,47.91670608520508
2025-10-07,47.64115524291992
2025-10-08,47.86750030517578
2025-10-09,47.513214111328125
2025-10-10,46.853858947753906
2025-10-14,47.650997161865234
2025-10-15,48.10369110107422
2025-10-16,47.80845642089844
2025-10-17,47.25735092163086
2025-10-20,47.759246826171875
2025-10-21,46.93259048461914
2025-10-22,47.070369720458984
2025-10-23,47.404964447021484
2025-10-24,47.66083526611328
2025-10-27,47.572265625
2025-10-28,47.798614501953125
2025-10-29,47.34592056274414
2025-10-30,47.41481018066406
2025-10-31,47.572265625
2025-11-03,47.56243133544922
2025-11-04,46.804656982421875
2025-11-05,47.296714782714844
2025-11-06,46.952266693115234
2025-11-07,47.021156311035156
2025-11-10,47.66083526611328
2025-11-11,47.78877258300781
2025-11-12,48.43829345703125
2025-11-13,47.532901763916016
2025-11-14,47.68052291870117
2025-11-17,47.30655288696289
2025-11-18,47.25735092163086
2025-11-19,47.63131332397461
2025-11-20,47.06052017211914
2025-11-21,47.43449020385742
2025-11-24,48.10369110107422
2025-11-25,48.61543273925781
2025-11-26,49.05828094482422
2025-11-27,49.1763801574707
2025-11-28,49.41256332397461
2025-12-01,48.96971130371094
2025-12-02,48.86146545410156
2025-12-03,49.0681266784668
2025-12-04,49.57002258300781
2025-12-05,49.294471740722656
2025-12-08,49.09764862060547
2025-12-09,49.19606018066406
2025-12-10,49.57002258300781
2025-12-11,49.865257263183594
2025-12-12,49.69796371459961
2025-12-15,49.59954833984375
2025-12-16,49.28463363647461
2025-12-17,49.23542404174805
2025-12-18,49.579872131347656
2025-12-19,50.04240036010742
2025-12-22,50.43605041503906
2025-12-23,50.54430389404297
2025-12-24,50.485252380371094
2025-12-29,50.31795883178711
2025-12-30,50.27936553955078
2025-12-31,50.02207565307617
2026-01-02,50.32884216308594
2026-01-05,50.83351135253906
2026-01-06,51.150169372558594
2026-01-07,50.72465896606445
2026-01-08,51.09080123901367
2026-01-09,51.506412506103516
2026-01-12,51.91212844848633
2026-01-13,51.922027587890625
2026-01-14,51.991294860839844
2026-01-15,52.16941452026367
2026-01-16,52.15951919555664
2026-01-19,52.26837158203125
2026-01-20,51.69443130493164
2026-01-21,51.892337799072266
2026-01-22,52.10014724731445
2026-01-23,52.33763885498047
2026-01-26,52.28816223144531
2026-01-27,52.26837158203125
2026-01-28,52.416805267333984
2026-01-29,52.15951919555664
2026-01-30,50.477272033691406
2026-02-02,50.88298797607422
2026-02-03,51.16006851196289
2026-02-04,51.40745544433594
2026-02-05,50.55643844604492
2026-02-06,51.29860305786133
2026-02-09,52.1793098449707
2026-02-10,52.54544448852539
2026-02-11,52.58502960205078
2026-02-12,51.34808349609375
2026-02-13,52.27826690673828
2026-02-17,52.011085510253906
2026-02-18,52.79283142089844
2026-02-19,53.13917922973633
2026-02-20,53.505313873291016
2026-02-23,53.416255950927734
2026-02-24,53.71311950683594
2026-02-25,54.00009536743164
2026-02-26,54.59382629394531
2026-02-27,54.336544036865234
2026-03-02,54.67299270629883
2026-03-03,53.49542236328125
2026-03-04,53.723018646240234
2026-03-05,53.218345642089844
2026-03-06,52.37722396850586
2026-03-09,52.55533981323242
2026-03-10,52.69388198852539
2026-03-11,52.46628189086914
2026-03-12,52.011085510253906
2026-03-13,51.536102294921875
2026-03-16,52.090248107910156
2026-03-17,52.199100494384766
2026-03-18,51.17985916137695
2026-03-19,50.49706268310547
2026-03-20,49.5965690612793
2026-03-23,50.576229095458984
2026-03-24,50.60591506958008
2026-03-25,51.34808349609375
2026-03-26,50.554256439208984
2026-03-27,50.69352340698242
2026-03-30,50.67362594604492
2026-03-31,51.96683120727539
2026-04-01,52.3050537109375
2026-04-02,52.533851623535156
2026-04-06,52.643272399902344
2026-04-07,52.74275207519531
2026-04-08,53.39929962158203
2026-04-09,53.15060806274414
2026-04-10,53.518672943115234
2026-04-13,53.80715560913086
2026-04-14,54.13542938232422
2026-04-15,54.22496032714844
2026-04-16,54.0657958984375
2026-04-17,54.5532341003418
2026-04-20,54.5532341003418
2026-04-21,53.66788864135742
2026-04-22,53.92652893066406
2026-04-23,53.88673782348633
2026-04-24,53.84695053100586
2026-04-27,53.72757339477539
2026-04-28,53.3794059753418
2026-04-29,52.941707611083984
2026-04-30,53.95637512207031
2026-05-01,53.82705307006836
2026-05-04,53.4788818359375
2026-05-05,53.36946105957031
2026-05-06,53.99616241455078
2026-05-07,53.787261962890625
2026-05-08,54.18517303466797
2026-05-11,54.26475143432617
2026-05-12,54.48360061645508
2026-05-13,54.09564208984375
2026-05-14,54.443809509277344
2026-05-15,53.797210693359375
2026-05-19,53.65793991088867
2026-05-20,54.35428237915039
2026-05-21,54.74224090576172
2026-05-22,54.80192947387695
2026-05-25,55.45847702026367
2026-05-26,55.13019943237305
2026-05-27,54.76213455200195
2026-05-28,54.881507873535156
2026-05-29,55.1600456237793
2026-06-01,55.28936767578125
2026-06-02,55.98570251464844
2026-06-03,55.39878845214844
2026-06-04,56.075233459472656
2026-06-05,54.77208709716797
2026-06-08,54.92129898071289
2026-06-09,54.78203201293945
2026-06-10,54.38412094116211
2026-06-11,55.219730377197266
2026-06-12,55.657432556152344
2026-06-15,56.194610595703125
2026-06-16,56.40351104736328
2026-06-17,55.97575759887695
2026-06-18,55.72706604003906
2026-06-19,55.50821304321289
2026-06-22,55.79669952392578
2026-06-23,55.66737747192383
2026-06-24,55.35900115966797
2026-06-25,55.56999969482422
2026-06-26,55.7400016784668
2026-06-29,55.529998779296875
2026-06-30,55.599998474121094
2026-07-02,55.79999923706055
2026-07-03,56.279998779296875
2026-07-06,56.18000030517578
2026-07-07,56.27000045776367
2026-07-08,55.7400016784668
2026-07-09,56.189998626708984
2026-07-10,56.34000015258789
2026-07-13,56.29999923706055
2026-07-14,56.369998931884766
2026-07-15,56.5099983215332
2026-07-16,56.439998626708984
2026-07-17,56.29999923706055
2026-07-20,55.83000183105469
2026-07-21,56.470001220703125
2026-07-22,56.630001068115234
2026-07-23,56.189998626708984
2026-07-24,56.459999084472656
2026-07-27,56.810001373291016
2026-07-28,57.189998626708984
2026-07-29,56.400001525878906
2026-07-30,56.72999954223633
2026-07-31,56.29999923706055
2026-08-04,57.209999084472656
2026-08-05,57.75
2026-08-06,57.7400016784668
2026-08-07,58.130001068115234
2026-08-10,58.2400016784668
2026-08-11,58.29999923706055
2026-08-12,58.58000183105469
2026-08-13,58.7400016784668
2026-08-14,58.720001220703125
2026-08-17,58.61000061035156
2026-08-18,58.119998931884766
2026-08-19,58.209999084472656
2026-08-20,58.099998474121094
2026-08-21,58.56999969482422
2026-08-24,58.66999816894531
2026-08-25,59.099998474121094
2026-08-26,58.86000061035156
2026-08-27,58.90999984741211
2026-08-28,58.459999084472656
2026-08-31,58.02000045776367
2026-09-01,57.310001373291016
2026-09-02,57.7400016784668
2026-09-03,58.619998931884766
2026-09-04,58.41999816894531
2026-09-08,57.810001373291016
2026-09-09,57.470001220703125
2026-09-10,56.83000183105469
2026-09-11,57.18000030517578
2026-09-14,57.16999816894531
2026-09-15,57.02000045776367
2026-09-16,56.869998931884766
