date,equity_return_pct
2019-01-03,-1.0087424688722257
2019-01-04,1.639322889856154
2019-01-07,0.4795229528450129
2019-01-08,0.7375027861644234
2019-01-09,1.3781564565116255
2019-01-10,0.6372009270216861
2019-01-11,0.2532665539788814
2019-01-14,0.2526464007425844
2019-01-15,0.5039605658850865
2019-01-16,0.37610931020830574
2019-01-17,0.6661182603457494
2019-01-18,0.7030468680205626
2019-01-21,0.0
2019-01-22,-0.5338323517826926
2019-01-23,-0.0826036930899221
2019-01-24,0.4958774983981007
2019-01-25,0.45230346073650285
2019-01-28,0.1637012601603427
2019-01-29,0.7356091959595634
2019-01-30,-0.04058611888416719
2019-01-31,0.4870131870300387
2019-02-01,-0.2019064678921878
2019-02-04,0.526073697761098
2019-02-05,0.644147695932884
2019-02-06,0.07997977059202022
2019-02-07,-0.03994859325415767
2019-02-08,-0.43982490667855423
2019-02-11,-0.44175853322135916
2019-02-12,0.4840567619293079
2019-02-13,-0.08025936496758312
2019-02-14,0.5222503395771794
2019-02-15,0.9192563326687386
2019-02-19,0.5544541305718242
2019-02-20,0.6301665577497895
2019-02-21,-0.11738717696589962
2019-02-22,0.03918419637851667
2019-02-25,0.313341639714837
2019-02-26,0.039082974449611285
2019-02-27,0.0780351441631133
2019-02-28,-0.3900354295312658
2019-03-01,0.39156266264439576
2019-03-04,-0.1170115396676552
2019-03-05,0.312408470518899
2019-03-06,0.0
2019-03-07,-0.23355845897414795
2019-03-08,-0.3121737180544981
2019-03-11,0.7045332856582265
2019-03-12,0.15545754646639764
2019-03-13,0.15521625109073955
2019-03-14,-0.34871342931246385
2019-03-15,0.3110814304061904
2019-03-18,0.7364106585796115
2019-03-19,-0.3462893290968827
2019-03-20,-0.11580984751583534
2019-03-21,0.4638396786351029
2019-03-22,-0.9619167998082157
2019-03-25,-0.15406347985135183
2019-03-26,0.548600244304942
2019-03-27,-0.1558903085299601
2019-03-28,0.3122583604621365
2019-03-29,-0.3502298442566776
2019-04-01,0.7809645626316808
2019-04-02,0.23248551053551836
2019-04-03,0.0773124351023835
2019-04-04,0.23174021378356002
2019-04-05,0.46243564871368825
2019-04-08,0.1150745324858038
2019-04-09,-0.3448267896413504
2019-04-10,0.3460199591580393
2019-04-11,0.07662225229618791
2019-04-12,0.4211441213653577
2019-04-15,0.22872749027365025
2019-04-16,-0.07605968661080764
2019-04-17,0.26643360310070197
2019-04-18,0.3417201726005903
2019-04-22,-0.15137498284715223
2019-04-23,0.5684223161293689
2019-04-24,-0.45215539872183186
2019-04-25,-0.0757205388121518
2019-04-26,0.26518318677108965
2019-04-29,-0.03778436943073782
2019-04-30,-0.151177077874165
2019-05-01,-0.4920562334934542
2019-05-02,-0.53251483243274
2019-05-03,0.5735947425403509
2019-05-06,-0.07603077557916116
2019-05-07,-0.7610097983408726
2019-05-08,0.268383500674374
2019-05-09,-0.4971455939937419
2019-05-10,-0.15370678250004044
2019-05-13,-0.6158717996963103
2019-05-14,0.6583969114288157
2019-05-15,0.2308575348298314
2019-05-16,0.6910041364998731
2019-05-17,-0.1906327640990524
2019-05-21,0.2673672690025608
2019-05-22,-0.6856951638879449
2019-05-23,-1.0740260048696548
2019-05-24,0.504067154764809
2019-05-27,0.6172974255461483
2019-05-28,-0.4601660253909734
2019-05-29,-0.808908389936791
2019-05-30,-0.1941773103065425
2019-05-31,-0.2334625013602265
2019-06-03,-0.2730163243629624
2019-06-04,0.9777030417458255
2019-06-05,0.3098127086258007
2019-06-06,0.15448163728688513
2019-06-07,0.23129352286057614
2019-06-10,-0.2692271879324526
2019-06-11,0.23137379262534452
2019-06-12,-0.15389312671967303
2019-06-13,0.11561561427384515
2019-06-14,0.4618926925127109
2019-06-17,0.2681867678061334
2019-06-18,0.9552961387902847
2019-06-19,0.012182694780493719
2019-06-20,0.38153166965608776
2019-06-21,-0.38008153821728063
2019-06-24,0.1144577456791307
2019-06-25,-0.8765178424284037
2019-06-26,-0.384483071195163
2019-06-27,0.07721826740247906
2019-06-28,0.42419536033053706
2019-07-02,0.5376438593721833
2019-07-03,0.6875158370261536
2019-07-04,0.07589133707848195
2019-07-05,-0.2653441342780338
2019-07-08,-0.41811242314264696
2019-07-09,0.4580409487133119
2019-07-10,0.1519433826061345
2019-07-11,-0.1517128649472732
2019-07-12,-0.2659664651358695
2019-07-15,0.11430086627333136
2019-07-16,-0.07611357903536398
2019-07-17,-0.11423981514206982
2019-07-18,0.11437047175759663
2019-07-19,-0.07616279655423552
2019-07-22,0.19053897212744086
2019-07-23,0.34233714946467764
2019-07-24,0.3032741064810329
2019-07-25,-0.793660314741429
2019-07-26,0.3047672591985906
2019-07-29,-0.22788967400140248
2019-07-30,-0.1141875865370845
2019-07-31,-0.3811130084750203
2019-08-01,-0.11476427126535516
2019-08-02,-0.6893591664330678
2019-08-06,-0.7713296132520586
2019-08-07,0.7384461234796857
2019-08-08,0.8101682891360262
2019-08-09,-0.3826910239839276
2019-08-12,-0.5762550166378833
2019-08-13,0.6568671795098346
2019-08-14,-1.7658572094857439
2019-08-15,-0.19536084948441612
2019-08-16,0.861400013689595
2019-08-19,0.9705004855806276
2019-08-20,-0.5382462315335235
2019-08-21,0.4638391391247998
2019-08-22,-0.23083552689922016
2019-08-23,-1.2726481769685716
2019-08-26,0.46872214586795025
2019-08-27,0.42767681902387
2019-08-28,0.5420149527200602
2019-08-29,0.7701239829729367
2019-08-30,0.3438980509191669
2019-09-03,-0.30464242683838627
2019-09-04,0.38197764875032014
2019-09-05,0.761022005104417
2019-09-06,-0.22659876521654576
2019-09-09,-0.15139442369822564
2019-09-10,0.22744904021039236
2019-09-11,0.4160392699590343
2019-09-12,0.26367110508116465
2019-09-13,0.3380845710872826
2019-09-16,0.26206578211964704
2019-09-17,0.5227787635900816
2019-09-18,-0.1114475319494157
2019-09-19,0.33470707399738675
2019-09-20,0.14826056004808574
2019-09-23,-0.1110095226420249
2019-09-24,-0.46259918013925594
2019-09-25,0.0
2019-09-26,0.0
2019-09-27,-0.4878067575273426
2019-09-30,-0.11312591918035686
2019-10-01,-1.283505576004207
2019-10-02,-0.7265521047324031
2019-10-03,0.3081296802644795
2019-10-04,0.4608448378052632
2019-10-07,-0.22936540029565577
2019-10-08,-0.7279614770623111
2019-10-09,0.5789374354971288
2019-10-10,0.30698235122914586
2019-10-11,-0.15303888507522956
2019-10-15,0.07665421152296403
2019-10-16,0.03827154152282741
2019-10-17,0.03827436493415437
2019-10-18,-0.30604285368114326
2019-10-21,0.23024551933603643
2019-10-22,-0.07659549784801989
2019-10-23,-0.3448040719052914
2019-10-24,0.23069688935988264
2019-10-25,0.23012214101116868
2019-10-28,-0.153062529903214
2019-10-29,0.22994575564581066
2019-10-30,0.5736240774995904
2019-10-31,-0.15207315058642923
2019-11-01,0.685423578946498
2019-11-04,0.37823025831711377
2019-11-05,0.11303206294992485
2019-11-06,0.37637105001906423
2019-11-07,0.37494269855049556
2019-11-08,0.4109014567836189
2019-11-11,0.03723191177207319
2019-11-12,0.22310467310608928
2019-11-13,0.2968614994883989
2019-11-14,0.14797453679766814
2019-11-15,0.2955455082932712
2019-11-18,-0.03684483182317955
2019-11-19,-0.036858412243179206
2019-11-20,0.0
2019-11-21,-0.03685518150882139
2019-11-22,-0.2949838112278558
2019-11-25,0.5177742609535629
2019-11-26,0.03679576778992111
2019-11-27,0.3677635906911947
2019-11-28,0.21985966105741994
2019-11-29,-0.43877136342744816
2019-12-02,-0.44068829159336076
2019-12-03,-0.4057313285102282
2019-12-04,-0.07408214954858217
2019-12-05,-0.18534267971263008
2019-12-06,0.8169627700222559
2019-12-09,-0.22101016023131637
2019-12-10,0.0
2019-12-11,0.0
2019-12-12,0.07381919401805437
2019-12-13,0.25823551270660605
2019-12-16,0.3679240974584941
2019-12-17,0.10994082901607527
2019-12-18,-0.21969031469338818
2019-12-19,0.146788259484798
2019-12-20,0.25649039599153767
2019-12-23,0.10966944212364993
2019-12-24,0.36510324125971216
2019-12-27,-0.10915078695642455
2019-12-30,-0.2698928837688963
2019-12-31,-0.2206812841007877
2020-01-02,0.22116936349216854
2020-01-03,-0.2206812841007877
2020-01-06,0.29487856728078743
2020-01-07,0.3675040803027274
2020-01-08,0.0
2020-01-09,0.4760142584449678
2020-01-10,0.07290125702241745
2020-01-13,0.2913348487068479
2020-01-14,0.3267903692346197
2020-01-15,0.3257423268979487
2020-01-16,0.39681686738932687
2020-01-17,0.4311719921770818
2020-01-20,0.21468880943396051
2020-01-21,-0.07140962799782047
2020-01-22,0.10719503360974159
2020-01-23,0.1427440195066465
2020-01-24,-0.28510532378261955
2020-01-27,-0.6790662440379625
2020-01-28,0.3598421654214201
2020-01-29,0.03585438214630532
2020-01-30,-0.03584153138667112
2020-01-31,-0.9680683179502325
2020-02-03,0.2534340901578336
2020-02-04,0.7945018043582719
2020-02-05,0.8240760334413011
2020-02-06,0.497517925112434
2020-02-07,-0.5304148606523396
2020-02-10,0.5332432621582672
2020-02-11,0.2121595355753847
2020-02-12,0.3175655577505987
2020-02-13,-0.07032282119381339
2020-02-14,0.2463788363474162
2020-02-18,0.10534277926277369
2020-02-19,0.3156798826246421
2020-02-20,0.06991272632621559
2020-02-21,-0.48915799773247004
2020-02-24,-1.6151578419517865
2020-02-25,-2.1770261929414003
2020-02-26,-0.8026178621051816
2020-02-27,-1.6550263107815044
2020-02-28,-2.730001781706781
2020-03-02,1.6916645058613566
2020-03-03,-0.8695979882281213
2020-03-04,2.288350398384198
2020-03-05,-1.4168567229233209
2020-03-06,-2.1558044031701473
2020-03-09,-10.398149162516003
2020-03-10,3.192407331953273
2020-03-11,-4.682297149011694
2020-03-12,-12.105245429487066
2020-03-13,9.281442304268284
2020-03-16,-9.680375244637174
2020-03-17,2.729995081936054
2020-03-18,-6.889725284845117
2020-03-19,3.0655154995832268
2020-03-20,-2.461509649395721
2020-03-23,-5.520529305322497
2020-03-24,12.020093982369918
2020-03-25,4.1936171829060065
2020-03-26,2.1205413318914346
2020-03-27,-5.0495603904415765
2020-03-30,2.8827081843897817
2020-03-31,2.3188324513761405
2020-04-01,-3.3050255855437194
2020-04-02,1.6113291082167303
2020-04-03,-1.0571595507796183
2020-04-06,4.905311066356166
2020-04-07,0.18515251943977962
2020-04-08,2.3567564522049222
2020-04-09,1.8058747390430563
2020-04-13,-0.7095484810752617
2020-04-14,1.2952232536378006
2020-04-15,-1.9841432189680597
2020-04-16,-0.6297796814614398
2020-04-17,3.395202739262637
2020-04-20,0.17514959938540464
2020-04-21,-3.0157418779483858
2020-04-22,2.5236695337360837
2020-04-23,-0.26372921383769343
2020-04-24,1.145855115765415
2020-04-27,1.525059529988737
2020-04-28,1.0300636016298714
2020-04-29,2.973661447703968
2020-04-30,-2.805285440997396
2020-05-01,-1.1884739375157882
2020-05-04,0.7302468192081024
2020-05-05,0.5969958387202379
2020-05-06,0.16961906254899795
2020-05-07,0.0
2020-05-08,0.9309884292278081
2020-05-11,0.9224291746946944
2020-05-12,-1.6202682466755047
2020-05-13,-2.491550572717316
2020-05-14,0.2165252220288627
2020-05-15,0.9075340757499717
2020-05-19,1.670229318303318
2020-05-20,0.7582220974353016
2020-05-21,-0.6688909310877844
2020-05-22,0.08415081909565192
2020-05-25,1.2195238039137246
2020-05-26,0.41546557303595577
2020-05-27,0.827465378082648
2020-05-28,0.0
2020-05-29,-0.6565580576108343
2020-06-01,0.4956590373877745
2020-06-02,1.0686449653323882
2020-06-03,1.179361492882025
2020-06-04,-0.28135495747921846
2020-06-05,2.13621139018243
2020-06-08,0.7498299821079968
2020-06-09,-0.8617199282938914
2020-06-10,-0.829733541300981
2020-06-11,-4.143446757511016
2020-06-12,1.4962756591629711
2020-06-15,0.573291432934897
2020-06-16,1.099374127589492
2020-06-17,-0.5638610963554558
2020-06-18,0.32402436169378657
2020-06-19,-0.16147534501488314
2020-06-22,0.4043775256036053
2020-06-23,0.44299761296877627
2020-06-24,-1.957000431266387
2020-06-25,1.1138666043869705
2020-06-26,-1.754384692632316
2020-06-29,1.5365598096755084
2020-06-30,0.7770861278485475
2020-07-02,0.6087579960860179
2020-07-03,-0.2017034689232311
2020-07-06,0.6467376676509762
2020-07-07,-0.4819497711113341
2020-07-08,0.20178490652484893
2020-07-09,-0.32220568799343763
2020-07-10,0.969732649566013
2020-07-13,-0.5202051836477262
2020-07-14,1.769902962514447
2020-07-15,0.9090798119154808
2020-07-16,-0.235002296674669
2020-07-17,0.7066937450206145
2020-07-20,0.31192248107003717
2020-07-21,-0.11660936510328179
2020-07-22,0.07780728018513816
2020-07-23,-0.9331083053351286
2020-07-24,-0.1570017642097743
2020-07-27,1.0613257497651407
2020-07-28,-0.19447712279635487
2020-07-29,1.052217600480465
2020-07-30,0.038575704777787934
2020-07-31,-0.848124120989524
2020-08-04,1.2830552345141077
2020-08-05,0.8061448404751426
2020-08-06,0.49502986060256937
2020-08-07,-0.18945757781059225
2020-08-10,0.30372607884039393
2020-08-11,-0.6055959345046102
2020-08-12,0.5331461784055191
2020-08-13,-0.265155193973321
2020-08-14,0.0
2020-08-17,0.7975466542093468
2020-08-18,-0.18840351856233006
2020-08-19,-0.2642376441180927
2020-08-20,0.18925083194594183
2020-08-21,-0.5666716553626383
2020-08-24,0.6458755589396903
2020-08-25,0.0377518294875312
2020-08-26,0.9811436172844079
2020-08-27,-0.3363216785214118
2020-08-28,-0.07497740056184865
2020-08-31,-1.275813975552531
2020-09-01,0.9122087341663976
2020-09-02,0.3389734625604435
2020-09-03,-1.501503655428127
2020-09-04,-1.371929509041514
2020-09-08,-0.7728242377955552
2020-09-09,1.8302242846254924
2020-09-10,-1.1854718628327654
2020-09-11,0.23219160708680686
2020-09-14,0.9266577987886215
2020-09-15,0.3443071973616929
2020-09-16,-0.762478227462382
2020-09-17,-0.2689327568240807
2020-09-18,-0.34670308551111306
2020-09-21,-1.236959305888785
2020-09-22,0.9393517611073765
2020-09-23,-1.8999535388484756
2020-09-24,0.4673307977538288
2020-09-25,1.0313521833138939
2020-09-28,1.0993308394645407
2020-09-29,-0.15534078955430353
2020-09-30,-0.505625893750683
2020-10-01,0.43002612306612953
2020-10-02,0.0389087368813934
2020-10-05,1.3618677710072191
2020-10-06,-1.0748544061772614
2020-10-07,1.2029225732216764
2020-10-08,0.6902139462980461
2020-10-09,0.19038807093869625
2020-10-13,-0.3040604800860658
2020-10-14,-0.3812452858911186
2020-10-15,0.306163462480713
2020-10-16,-0.3433825832842796
2020-10-19,-0.9571355534970349
2020-10-20,-0.11595668009031224
2020-10-21,-0.23218259140537212
2020-10-22,0.3103029432706794
2020-10-23,0.30936860683659084
2020-10-26,-1.464919882322524
2020-10-27,-0.31297379941501724
2020-10-28,-2.747278502557182
2020-10-29,0.6053308061268581
2020-10-30,-0.5214546137900844
2020-11-02,0.685488256439748
2020-11-03,1.6019413106017621
2020-11-04,0.3153176433085436
2020-11-05,1.846761364074223
2020-11-06,0.0
2020-11-09,1.0802452080022285
2020-11-10,0.9160194911722375
2020-11-11,0.9455264641645922
2020-11-12,-1.0865150745431595
2020-11-13,0.6060560025228146
2020-11-16,1.2801201508057858
2020-11-17,0.29738323722567905
2020-11-18,-0.33359072274260493
2020-11-19,0.18596851835628314
2020-11-20,0.6310113063929146
2020-11-23,0.40575693974178595
2020-11-24,1.1021297392878049
2020-11-25,0.2906835218588366
2020-11-26,0.1811925429855199
2020-11-27,0.32547540177749745
2020-11-30,-0.9733220392758923
2020-12-01,0.3640358272862576
2020-12-02,0.3989869545541147
2020-12-03,0.21675642523142358
2020-12-04,0.7209931165616856
2020-12-07,0.3221208584968105
2020-12-08,0.3924155581310318
2020-12-09,-0.39088167761419657
2020-12-10,0.17838929038467288
2020-12-11,-0.28493344189286507
2020-12-14,-0.892839364860798
2020-12-15,0.7567695052835388
2020-12-16,0.2860932889528822
2020-12-17,0.5349457018599457
2020-12-18,-0.7803924444078292
2020-12-21,-0.07152139189231521
2020-12-22,0.25045673051906636
2020-12-23,0.21414985535250786
2020-12-24,0.24928144711156008
2020-12-29,-0.46182244318515586
2020-12-30,0.17787099810897544
2020-12-31,-0.7532258565936312
2021-01-04,0.5782440939637645
2021-01-05,1.006121193207976
2021-01-06,0.7470393825539601
2021-01-07,1.165264102648722
2021-01-08,0.034889721512487704
2021-01-11,-0.5233694877696426
2021-01-12,0.21045843457432323
2021-01-13,-0.14000329725959437
2021-01-14,0.035044141579243515
2021-01-15,-0.24527673754560775
2021-01-18,0.2810132004630539
2021-01-19,0.03501959157559131
2021-01-20,0.3151272981704256
2021-01-21,-0.5235673689811482
2021-01-22,-0.3859604903695746
2021-01-25,0.38745591712727734
2021-01-26,-0.6666548398732819
2021-01-27,-1.9780935815403078
2021-01-28,1.2612494516358153
2021-01-29,-1.6014064541827855
2021-02-01,1.952959448045699
2021-02-02,1.028739454485006
2021-02-03,0.21067243030818972
2021-02-04,0.7007830097295553
2021-02-05,0.5219125277893255
2021-02-08,1.073050822957411
2021-02-09,0.3767004307364319
2021-02-10,0.27295209202411463
2021-02-11,-0.3062352280655989
2021-02-12,0.37542975195252737
2021-02-16,0.20400311080184252
2021-02-17,-0.6107856370347386
2021-02-18,-0.5804192621808757
2021-02-19,0.6524910650867577
2021-02-22,0.2047215365189592
2021-02-23,-0.5107395786322133
2021-02-24,0.855572569813523
2021-02-25,-1.4251590594559271
2021-02-26,-0.9982993499677351
2021-03-01,1.5646794020611088
2021-03-02,0.5477730907818001
2021-03-03,-0.5107395786322133
2021-03-04,-0.9924614844031621
2021-03-05,1.4172160228541175
2021-03-08,0.37491041635071554
2021-03-09,0.7470127442471552
2021-03-10,0.5729855599494904
2021-03-11,0.8042975280323938
2021-03-12,0.09972229106451902
2021-03-15,0.5313926400850821
2021-03-16,-0.4294585080203306
2021-03-17,0.5640212685304569
2021-03-18,-0.6268445924102028
2021-03-19,-0.03321599582369883
2021-03-22,-0.13284997729497983
2021-03-23,-0.7316177527614709
2021-03-24,-0.23451246550009186
2021-03-25,0.13310208408023882
2021-03-26,0.6076977098411929
2021-03-29,-0.23490913622103982
2021-03-30,0.033638510185474146
2021-03-31,-0.1008669749695934
2021-04-01,1.5819789903191328
2021-04-05,0.2981963711889746
2021-04-06,0.36337944753597196
2021-04-07,0.16458680724995567
2021-04-08,0.525813794315555
2021-04-09,0.0
2021-04-12,-0.09807128835283008
2021-04-13,-0.032717778110713525
2021-04-14,-0.13094241031814668
2021-04-15,0.8521703551175319
2021-04-16,0.09752586152260712
2021-04-19,-0.7792349699004109
2021-04-20,-0.9489578473508953
2021-04-21,0.726787624126568
2021-04-22,-0.6231577170012326
2021-04-23,0.3960540963486636
2021-04-26,0.26298255247232394
2021-04-27,0.09836067910853341
2021-04-28,0.9171190403266971
2021-04-29,-0.42192931650189003
2021-04-30,-0.8148798301333304
2021-05-03,0.5586642070533276
2021-05-04,-0.1633821729701168
2021-05-05,0.6546551201079831
2021-05-06,-0.13008369431752875
2021-05-07,0.9443299004104011
2021-05-10,-0.5161525058903327
2021-05-11,-0.4863744791639535
2021-05-12,-0.8471865150620816
2021-05-13,0.26291046940796203
2021-05-14,1.1799698423331728
2021-05-17,0.5506729935149002
2021-05-18,0.16107317304134838
2021-05-19,-0.38597632409088645
2021-05-20,0.6457981561881709
2021-05-21,-0.09624641089956976
2021-05-25,0.1605628958961436
2021-05-26,0.89772616142203
2021-05-27,0.2859728964429209
2021-05-28,0.34854028262789605
2021-05-31,-0.5683477036911633
2021-06-01,1.17497875465149
2021-06-02,-0.03140324820951612
2021-06-03,-0.06278527007598234
2021-06-04,0.37698927000591187
2021-06-07,0.12521835128627146
2021-06-08,0.1562898102536847
2021-06-09,-0.28091252362707486
2021-06-10,0.1877935039016565
2021-06-11,0.4061390996871861
2021-06-14,0.15556716773796886
2021-06-15,0.3727866803932445
2021-06-16,0.0
2021-06-17,-0.43330025685799356
2021-06-18,-0.714963259076562
2021-06-21,0.8140311326476191
2021-06-22,0.2795099454308003
2021-06-23,-0.2787308649423115
2021-06-24,0.2854785137616611
2021-06-25,0.0934882467109377
2021-06-28,-0.3736037112844537
2021-06-29,0.21875501720076684
2021-06-30,-0.031184428238661965
2021-07-02,0.28074066476639903
2021-07-05,0.37323487743883277
2021-07-06,0.06196222828089848
2021-07-07,-0.0309719657208829
2021-07-08,-1.1152157348047975
2021-07-09,0.9085236548140863
2021-07-12,-0.062111180488721995
2021-07-13,0.18641578915894463
2021-07-14,-0.620153833951087
2021-07-15,0.21839347928491737
2021-07-16,-1.0273967535005202
2021-07-19,-1.2582482429052577
2021-07-20,1.051262068538783
2021-07-21,0.8512224846534355
2021-07-22,-0.06253157729841918
2021-07-23,0.5630484819897141
2021-07-26,-0.1555408522208701
2021-07-27,0.06231057128658346
2021-07-28,0.2802095097292012
2021-07-29,0.4036019387005485
2021-07-30,-0.06186150625018261
2021-08-03,0.34038204475355105
2021-08-04,-0.21586772690543876
2021-08-05,0.2163347237561286
2021-08-06,0.5550218209408486
2021-08-09,-0.24532438384186062
2021-08-10,0.30740797021211463
2021-08-11,0.27582325541359864
2021-08-12,-0.12226632387812852
2021-08-13,0.030602346603014752
2021-08-16,-0.12235211077713526
2021-08-17,-0.6125629094028473
2021-08-18,-0.24654067415126324
2021-08-19,-0.4633712087537156
2021-08-20,0.5896853147556502
2021-08-23,0.74051483469455
2021-08-24,0.30627152908202504
2021-08-25,0.15269127441865926
2021-08-26,-0.3048840331453917
2021-08-27,0.672767050238221
2021-08-30,-0.21262188284625338
2021-08-31,-0.09134507246967294
2021-09-01,0.5789116792203952
2021-09-02,0.545289708760377
2021-09-03,0.060264221311467914
2021-09-07,-0.030113962710598408
2021-09-08,-0.3313078212254905
2021-09-09,-0.12089919173762231
2021-09-10,-0.3328310960141412
2021-09-13,0.12143663971995178
2021-09-14,-0.4548137722075296
2021-09-15,0.6701096973286136
2021-09-16,-0.3933375209322798
2021-09-17,-0.6075192201702939
2021-09-20,-1.528114453481355
2021-09-21,0.3724374182696888
2021-09-22,0.8039390414312342
2021-09-23,0.24539967561036935
2021-09-24,-0.2668995327407053
2021-09-27,0.30875149203704044
2021-09-28,-1.2927013962071188
2021-09-29,-0.0935603749618652
2021-09-30,-0.4681528474618668
2021-10-01,0.40765386646048896
2021-10-04,-0.43723205229377893
2021-10-05,0.6273342607518773
2021-10-06,0.09353123270550157
2021-10-07,1.1522911826198134
2021-10-08,0.030790914683853643
2021-10-12,0.06155626530108815
2021-10-13,0.8920464736981382
2021-10-14,0.9755981651755619
2021-10-15,0.5434682198960594
2021-10-18,0.24024872080548043
2021-10-19,0.5092679485498852
2021-10-20,0.417318403363387
2021-10-21,0.1484060481757865
2021-10-22,0.029634680810874947
2021-10-25,0.35556806950005626
2021-10-26,-0.5314465460633744
2021-10-27,-0.9498509662198007
2021-10-28,1.048849454304368
2021-10-29,-0.6524452130416414
2021-11-01,0.9850661841242392
2021-11-02,-0.3251333884636387
2021-11-03,0.41518256801171827
2021-11-04,0.35438125127373876
2021-11-05,0.5591580285033704
2021-11-08,0.4390080810085184
2021-11-09,0.2039495304205996
2021-11-10,-0.6106594575237323
2021-11-11,0.4973986197917002
2021-11-12,0.9897923658072072
2021-11-15,-0.4035732753858712
2021-11-16,0.11580317846944244
2021-11-17,-0.28911410715209973
2021-11-18,0.0
2021-11-19,-0.43489125010831575
2021-11-22,-0.5824315195144703
2021-11-23,0.17571850826991753
2021-11-24,0.40940574768906224
2021-11-25,0.6114983880048719
2021-11-26,-2.489131373004372
2021-11-29,0.11872101479224462
2021-11-30,-2.1642531991329372
2021-12-01,-1.060602797664778
2021-12-02,1.4701370117402357
2021-12-03,-0.6942317535398201
2021-12-06,1.215796069007391
2021-12-07,1.381394683089865
2021-12-08,-0.35546273784723414
2021-12-09,-0.7134105066096685
2021-12-10,-0.11977753121877877
2021-12-13,-0.7793942825669142
2021-12-14,-0.3323104753205408
2021-12-15,0.5153339560320491
2021-12-16,-0.06034487614700046
2021-12-17,-0.030171220542807298
2021-12-20,-0.9658806129282715
2021-12-21,1.8591907714019085
2021-12-22,0.7181259457521127
2021-12-23,0.7724350316234752
2021-12-24,0.0589738300385223
2021-12-29,0.5008777284703392
2021-12-30,-1.4358947438123715
2021-12-31,-0.38393484296189717
2022-01-04,0.11857973315489989
2022-01-05,-0.88836189442415
2022-01-06,0.14940033773198635
2022-01-07,0.029841944136221876
2022-01-10,-0.05966608275335128
2022-01-11,1.0444700909108873
2022-01-12,0.531595212871494
2022-01-13,-0.4406641050087923
2022-01-14,0.2951103949082601
2022-01-17,1.0297136000304352
2022-01-18,-1.3978119113208454
2022-01-19,-0.38393484296189717
2022-01-20,-0.6225868716586702
2022-01-21,-2.1778039283635975
2022-01-24,-0.12197908543712943
2022-01-25,0.12212805612303868
2022-01-26,0.0610258126525931
2022-01-27,-0.2743300431961915
2022-01-28,0.9779995696453048
2022-01-31,1.7251656643340718
2022-02-01,1.0710987093339064
2022-02-02,0.17662250562962
2022-02-03,-1.2341904123031266
2022-02-04,0.8330731996799567
2022-02-07,-0.14751691451784232
2022-02-08,0.650116401897316
2022-02-09,1.0863288342623623
2022-02-10,-0.319503605963678
2022-02-11,0.02912112605384376
2022-02-14,-0.7864635130400033
2022-02-15,0.6752796576812159
2022-02-16,-0.5540881357437133
2022-02-17,-1.0850607803473689
2022-02-18,-0.6225868716586702
2022-02-22,-0.5071711301317117
2022-02-23,-0.77959931533651
2022-02-24,0.1208666668017111
2022-02-25,1.660145357031828
2022-02-28,0.059381092235866184
2022-03-01,-0.5341255011095947
2022-03-02,1.2231584582075072
2022-03-03,0.0
2022-03-04,0.7367977158780015
2022-03-07,-0.4681058783591485
2022-03-08,-0.3233478682666324
2022-03-09,1.2385642189540746
2022-03-10,0.43696056647091197
2022-03-11,-0.580077280088076
2022-03-14,-1.2251833816865343
2022-03-15,0.11815639495145192
2022-03-16,1.2683983686334832
2022-03-17,1.3982133450690881
2022-03-18,0.22980765915787682
2022-03-21,0.8598384653714541
2022-03-22,0.31261565627136445
2022-03-23,-0.6798836522377005
2022-03-24,0.08555025323393473
2022-03-25,0.3383836793469541
2022-03-28,-0.11433646069173298
2022-03-29,0.4864416121270754
2022-03-30,0.028476774632646418
2022-03-31,-0.7686050909489484
2022-04-01,0.20081805447824674
2022-04-04,0.5725904666237236
2022-04-05,-0.6547243032195671
2022-04-06,-0.6303705909401769
2022-04-07,0.17299746250973858
2022-04-08,0.2590511400687223
2022-04-11,-0.37321267001826364
2022-04-12,-0.31699882348525943
2022-04-13,0.549262057243971
2022-04-14,0.08626549729815469
2022-04-18,0.05744224292050237
2022-04-19,0.6603823932167519
2022-04-20,-0.0855887885306661
2022-04-21,-1.5700813747062559
2022-04-22,-2.0301441280613175
2022-04-25,-0.858522156870567
2022-04-26,-1.5228223475523772
2022-04-27,0.24257052825420455
2022-04-28,1.7543872193062748
2022-04-29,-1.5755102025172274
2022-05-02,-0.3624271991351957
2022-05-03,1.030625311116995
2022-05-04,1.3501341023946622
2022-05-05,-2.279451519383069
2022-05-06,-0.333247598128561
2022-05-09,-3.0699030572055253
2022-05-10,-0.6271404905749733
2022-05-11,-0.18935392094981962
2022-05-12,-0.5374594471496241
2022-05-13,1.907191654619167
2022-05-16,0.5926336235796636
2022-05-17,1.3333192959852358
2022-05-18,-1.988981621262198
2022-05-19,0.5619782191508493
2022-05-20,0.031049502540803076
2022-05-24,0.5586575411865136
2022-05-25,0.4012366866005035
2022-05-26,0.799259817143505
2022-05-27,1.0673986910696875
2022-05-30,0.7543698848606395
2022-05-31,-0.8086133153371144
2022-06-01,-0.06039926581380417
2022-06-02,1.5710053735831675
2022-06-03,-1.1600298981522261
2022-06-06,0.09027636855676313
2022-06-07,0.5712647954273953
2022-06-08,-0.7174930701546733
2022-06-09,-0.9936639718644336
2022-06-10,-1.3990355377888175
2022-06-13,-2.621847121953569
2022-06-14,-0.9819386403044805
2022-06-15,0.35188979303057977
2022-06-16,-3.092120446308222
2022-06-17,-0.3289605061483347
2022-06-20,1.2871427005082037
2022-06-21,0.42357895297002734
2022-06-22,-1.2978477602593075
2022-06-23,-1.5121655214506369
2022-06-24,1.9446879943720852
2022-06-27,0.990103816526422
2022-06-28,-0.1960738004953222
2022-06-29,-0.6221504317260651
2022-06-30,-1.1202395980812185
2022-07-04,0.9330096380449682
2022-07-05,-1.0894779237442198
2022-07-06,-0.5006700077873516
2022-07-07,1.7443853719955271
2022-07-08,-0.1318748331971764
2022-07-11,-1.0894779237442198
2022-07-12,-0.7676840500576043
2022-07-13,-0.3027460616659705
2022-07-14,-1.5181975193083175
2022-07-15,0.2740575615092222
2022-07-18,1.093285138774469
2022-07-19,1.9263097125787665
2022-07-20,0.397896911393425
2022-07-21,0.1981388619494595
2022-07-22,-0.3295924666827488
2022-07-25,0.6613576919869191
2022-07-26,-0.6898865752990258
2022-07-27,1.521690394441788
2022-07-28,1.0100864156950218
2022-07-29,1.3225885691399375
2022-08-02,-0.9869394249155228
2022-08-03,0.16077247562056307
2022-08-04,0.2247092276008722
2022-08-05,0.22422590269755016
2022-08-08,0.1917500207631484
2022-08-09,-0.4784712096157717
2022-08-10,1.6025650442681894
2022-08-11,0.5678099531371217
2022-08-12,1.0037717841868687
2022-08-15,0.0
2022-08-16,0.43477679405510283
2022-08-17,-0.4638110076933599
2022-08-18,0.43493170552990623
2022-08-19,-0.7732792360974461
2022-08-22,-0.6234642908051313
2022-08-23,0.09411405333994427
2022-08-24,0.1253451467671196
2022-08-25,0.845083936565949
2022-08-26,-1.4897690404424901
2022-08-29,-0.25203300850601407
2022-08-30,-1.5793008444817347
2022-08-31,-0.9306699433378585
2022-09-01,-0.8422471461308256
2022-09-02,0.6533983987706771
2022-09-06,-0.9412697755912136
2022-09-07,0.7863511194376338
2022-09-08,0.8777913824872918
2022-09-09,1.8691583006320123
2022-09-12,1.138886964917396
2022-09-13,-1.7203777222504324
2022-09-14,0.44558368905325274
2022-09-15,-0.8238329764613028
2022-09-16,-0.8626131409253057
2022-09-19,0.9023473080451705
2022-09-20,-0.9901052119985376
2022-09-21,-0.9999856960206333
2022-09-22,-0.8471939003039441
2022-09-23,-2.7423151717307137
2022-09-26,-0.81826200360956
2022-09-27,-0.034367058927087246
2022-09-28,1.8913103037015988
2022-09-29,-1.1137364994290078
2022-09-30,-0.034127957849483526
2022-10-03,2.389895252783858
2022-10-04,2.6342112699065945
2022-10-05,-0.682260827247605
2022-10-06,-1.2430477119588668
2022-10-07,-2.0867965032603353
2022-10-11,-1.9621114540028683
2022-10-12,-0.06898773996805163
2022-10-13,2.175398270154516
2022-10-14,-1.4531911707974632
2022-10-17,1.5775173831864997
2022-10-18,0.9790539292793277
2022-10-19,-0.6686810589976555
2022-10-20,-0.5385332022704192
2022-10-21,1.4890046462624706
2022-10-24,0.33344161097976777
2022-10-25,0.9637544330028724
2022-10-26,0.9875252284802238
2022-10-27,0.2933495409316311
2022-10-28,0.7149731639598311
2022-10-31,-0.22588146298759826
2022-11-01,0.5498053320833751
2022-11-02,-1.3187393417006144
2022-11-03,-0.1629918609429959
2022-11-04,1.0773825063810971
2022-11-07,0.5490949878713236
2022-11-08,0.5782181206682724
2022-11-09,-1.6288707737552865
2022-11-10,3.3766300935611504
2022-11-11,0.5653310387170762
2022-11-14,-0.843213024578382
2022-11-15,0.3779334659831157
2022-11-16,-0.21965101647097862
2022-11-17,-0.3144560908186822
2022-11-18,0.4731887163828885
2022-11-21,-0.031395576838832984
2022-11-22,1.2562838244615904
2022-11-23,0.34118680057606543
2022-11-24,0.309122876817014
2022-11-25,0.18489043200804467
2022-11-28,-0.8612621781005858
2022-11-29,0.4033434815429837
2022-11-30,0.803465901126521
2022-12-01,0.4598430863755443
2022-12-02,-0.18310430949831646
2022-12-05,-1.222857135475508
2022-12-06,-1.2689577300929566
2022-12-07,-0.031366234632546064
2022-12-08,0.06272565218812254
2022-12-09,-0.1566761042656184
2022-12-12,0.3452429084223274
2022-12-13,0.06255546957243396
2022-12-14,-0.6251768302976024
2022-12-15,-1.4155470727868602
2022-12-16,-0.7977092050230339
2022-12-19,-1.2544132452230294
2022-12-20,0.5863100051269443
2022-12-21,1.3600960629633674
2022-12-22,-1.1501418625745385
2022-12-23,0.8403411266696192
2022-12-28,-1.1217986156692006
2022-12-29,1.1984413968204155
2022-12-30,-0.5808332734431487
2023-01-03,0.38948443750332906
2023-01-04,0.6789533480024534
2023-01-05,-0.2890177108625491
2023-01-06,1.5458821952907709
2023-01-09,0.1585815696050208
2023-01-10,0.2849908914480448
2023-01-11,0.6630890034501125
2023-01-12,0.8782926022861348
2023-01-13,0.7462827207855183
2023-01-16,0.18517894017888725
2023-01-17,0.2156416950779727
2023-01-18,-0.3381520145838812
2023-01-19,-0.15422169020270493
2023-01-20,0.7723318981172289
2023-01-23,0.6744187003400404
2023-01-24,0.0
2023-01-25,-0.12180071951382043
2023-01-26,0.5487812363492051
2023-01-27,0.060657733571689576
2023-01-30,-0.6363707598134427
2023-01-31,0.8844192437071241
2023-02-01,-0.030240349920784837
2023-02-02,-0.030230472633496763
2023-02-03,0.030239614211802213
2023-02-06,-0.6047806762405128
2023-02-07,0.4867773546287424
2023-02-08,-0.2119330517845186
2023-02-09,-0.39442223622881967
2023-02-10,0.0609157147148931
2023-02-13,0.42617594677409887
2023-02-14,0.09094949248631412
2023-02-15,0.12114309696478198
2023-02-16,-0.5747239453720465
2023-02-17,-0.45632466030220975
2023-02-21,-1.2836265271150449
2023-02-22,-0.3405598746683558
2023-02-23,0.062133349229887
2023-02-24,0.12418953534205635
2023-02-27,0.24806448961416372
2023-02-28,-0.1856058279179118
2023-03-01,0.24790429046122053
2023-03-02,0.4327823681459009
2023-03-03,1.1695813951386747
2023-03-06,-0.30422069366810023
2023-03-07,-1.1901144568012056
2023-03-08,0.33971848029801244
2023-03-09,-1.169587849960252
2023-03-10,-1.5571514494158833
2023-03-13,-0.9490746238791425
2023-03-14,0.6068468805424665
2023-03-15,-1.61904966707902
2023-03-16,0.9035094023528201
2023-03-17,-0.7994737688555964
2023-03-20,0.7091981855343654
2023-03-21,0.7042308360519112
2023-03-22,-0.6121461572694775
2023-03-23,-0.45148248475601616
2023-03-24,0.2591696787241915
2023-03-27,0.646202273044949
2023-03-28,0.22469662416892966
2023-03-29,0.8968714128774424
2023-03-30,0.5714261943927879
2023-03-31,0.7891498218653537
2023-04-03,0.9708725848042166
2023-04-04,0.0
2023-04-05,-0.5583167571991399
2023-04-06,0.2183447475164968
2023-04-10,0.4045945147442165
2023-04-11,0.7129643354070181
2023-04-12,0.12311073577342402
2023-04-13,0.5840809348926612
2023-04-14,0.06112585225621636
2023-04-17,0.2748855956263174
2023-04-18,0.24366518663658798
2023-04-19,-0.060754005684826584
2023-04-20,-0.24323331654568792
2023-04-21,0.36575542343020295
2023-04-24,0.0
2023-04-25,-1.184333740977228
2023-04-26,-0.33805824849278965
2023-04-27,0.8325782475785193
2023-04-28,0.4892931270745082
2023-05-01,-0.06086542070626866
2023-05-02,-1.065780895188062
2023-05-03,-0.24623427490970684
2023-05-04,-0.5245201775948671
2023-05-05,1.4888296327797867
2023-05-08,0.1528146306405631
2023-05-09,0.030509945785350823
2023-05-10,-0.3355831811843957
2023-05-11,-0.42851678657166437
2023-05-12,0.03075422597271782
2023-05-15,0.5838821850161491
2023-05-16,-1.4359933110006606
2023-05-17,0.3099872968391981
2023-05-18,0.03089650711356473
2023-05-19,0.27804693122237545
2023-05-23,-0.985834531607499
2023-05-24,-1.0889739791034803
2023-05-25,-0.7549620709923821
2023-05-26,0.7290021928342716
2023-05-29,0.2517354094872637
2023-05-30,-1.0985507963540142
2023-05-31,-0.8251570012204223
2023-06-01,0.48000248124522304
2023-06-02,1.847135753571627
2023-06-05,-0.4377689147259223
2023-06-06,0.59673844041781
2023-06-07,-0.4058771668314032
2023-06-08,-0.15673626572310084
2023-06-09,-0.1883735524733865
2023-06-12,0.15727204255544525
2023-06-13,0.31407630146673693
2023-06-14,0.21915204166167435
2023-06-15,0.09372249046075698
2023-06-16,-0.24967963989837028
2023-06-19,-0.1564550173440482
2023-06-20,-0.9401359154589395
2023-06-21,-0.2847188221506536
2023-06-22,-0.571063569770891
2023-06-23,-0.8296329941329894
2023-06-26,0.8340773282221603
2023-06-27,0.8046329827248622
2023-06-28,0.38314279668498763
2023-06-29,0.6361296536792072
2023-06-30,1.1694051892461088
2023-07-04,0.2499118431866565
2023-07-05,-0.4362538650372949
2023-07-06,-1.4397544709442323
2023-07-07,0.09527023146755909
2023-07-10,0.0
2023-07-11,0.31725427562203645
2023-07-12,0.9171440755100013
2023-07-13,1.0654941761148784
2023-07-14,-0.12402921150721502
2023-07-17,-0.12418963685206785
2023-07-18,0.6838763015375893
2023-07-19,0.5866081851650495
2023-07-20,-0.27624854888340655
2023-07-21,0.5540022042039849
2023-07-24,0.1836583921085877
2023-07-25,-0.09164195276111231
2023-07-26,0.061148572871005946
2023-07-27,-0.8251745642778086
2023-07-28,0.6779498600006262
2023-07-31,0.4591396685527105
2023-08-01,-0.3656128636518208
2023-08-02,-1.5596448930789153
2023-08-03,-0.46597966646994005
2023-08-04,0.5305822670887972
2023-08-08,-0.09313422531697091
2023-08-09,0.3418382693027189
2023-08-10,0.3096824787114816
2023-08-11,0.3087391396825012
2023-08-14,-0.5232398180912923
2023-08-15,-1.9183080669845975
2023-08-16,0.03152901749414738
2023-08-17,-0.409975635952875
2023-08-18,0.0
2023-08-21,-0.09497914487558434
2023-08-22,-0.4754452417731647
2023-08-23,0.9235765203429391
2023-08-24,-0.4102278399371606
2023-08-25,0.2217867287839459
2023-08-28,0.9484856076810821
2023-08-29,1.3466859726313896
2023-08-30,0.2472215848269066
2023-08-31,-0.12330277524684741
2023-09-01,1.234562715495735
2023-09-05,-0.6402440749400107
2023-09-06,-0.9819010728990385
2023-09-07,-0.3408657699173978
2023-09-08,-0.31094076781947866
2023-09-11,0.5302512785955837
2023-09-12,0.1551359182708545
2023-09-13,0.3407729181541308
2023-09-14,1.5436829658514561
2023-09-15,0.060789065391309016
2023-09-18,-0.42538399127364235
2023-09-19,-1.312172469717865
2023-09-20,-0.061842019940561155
2023-09-21,-2.042081403043494
2023-09-22,-0.0631767894988422
2023-09-25,0.13389563635131108
2023-09-26,-1.2416345771786186
2023-09-27,-0.6447423597483404
2023-09-28,0.876049127416656
2023-09-29,-0.16082267987738152
2023-10-02,-1.80412466190486
2023-10-03,-0.8530305677558858
2023-10-04,0.033099991807872264
2023-10-05,0.6616049610972174
2023-10-06,0.558655277104636
2023-10-10,1.274507937239644
2023-10-11,0.8389659095391799
2023-10-12,-0.7999768158689413
2023-10-13,-0.19355671325124169
2023-10-16,0.8080051907275232
2023-10-17,0.3847422119032995
2023-10-18,-1.2136590311530027
2023-10-19,-0.5496375395585451
2023-10-20,-1.170355089478503
2023-10-23,-0.36183644013788596
2023-10-24,-0.29713045879777855
2023-10-25,-0.19867053407098823
2023-10-26,-0.36496454333648787
2023-10-27,-0.6660044268228416
2023-10-30,0.6704697852732755
2023-10-31,0.06659159284885252
2023-11-01,1.0649061140498794
2023-11-02,2.897577507808702
2023-11-03,1.0240006782535893
2023-11-06,-0.4117763236708205
2023-11-07,-0.8587734390341328
2023-11-08,-0.2887483442027716
2023-11-09,0.3539263972801354
2023-11-10,0.3206206947133472
2023-11-13,0.3195894703514668
2023-11-14,1.6247295145844332
2023-11-15,0.1253887075568283
2023-11-16,0.06261584058517844
2023-11-17,0.5631963156337738
2023-11-20,0.342260012658957
2023-11-21,-0.5891484012976567
2023-11-22,0.0
2023-11-23,0.06239422552760665
2023-11-24,-0.12469152119322091
2023-11-27,-0.31211479740101966
2023-11-28,0.03130472005541396
2023-11-29,0.4381737150414011
2023-11-30,0.6544218611022279
2023-12-01,1.0216684367155837
2023-12-04,-0.18388153943995622
2023-12-05,-0.15351481322541938
2023-12-06,-0.4919989275536052
2023-12-07,0.061809468396867295
2023-12-08,0.2779392280129578
2023-12-11,-0.06160007711342175
2023-12-12,-0.40060320110867353
2023-12-13,1.9492623653645014
2023-12-14,0.8194245192161276
2023-12-15,-1.2342052795048075
2023-12-18,0.487656464445152
2023-12-19,1.0312395230584581
2023-12-20,-1.1407823029761732
2023-12-21,0.8199221324158623
2023-12-22,0.5120322183442605
2023-12-27,0.6892276484524285
2023-12-28,-0.2753371608609889
2023-12-29,0.1500677675215556
2024-01-02,-0.38957205008628426
2024-01-03,-0.24068506596104378
2024-01-04,0.2412657566064791
2024-01-05,0.2707439428305314
2024-01-08,0.6600586392142782
2024-01-09,-0.35765241718342944
2024-01-10,0.0
2024-01-11,-0.29914792644223365
2024-01-12,0.3000455063528751
2024-01-15,0.41877304350876887
2024-01-16,-0.6255339168573681
2024-01-17,-1.13910949085253
2024-01-18,0.27287839054637164
2024-01-19,0.7257548648498702
2024-01-22,0.12006827670287823
2024-01-23,0.5097483132180392
2024-01-24,0.02983811548769033
2024-01-25,0.3877131038225734
2024-01-26,0.05942198037112156
2024-01-29,0.38597426254785017
2024-01-30,0.11831671119226783
2024-01-31,-0.8567133757043766
2024-02-01,0.3873543673088786
2024-02-02,-0.14840758570032753
2024-02-05,-1.010701711045825
2024-02-06,0.42040792131889937
2024-02-07,0.059806841773824004
2024-02-08,-0.2689577744982019
2024-02-09,0.4494921533662266
2024-02-12,0.2685127161011769
2024-02-13,-2.2612550755290006
2024-02-14,1.4916525639298461
2024-02-15,1.6196704538629536
2024-02-16,0.11806624093937401
2024-02-20,-0.08847672069781654
2024-02-21,-0.20650853081120024
2024-02-22,0.6505072714873883
2024-02-23,0.4700152172823824
2024-02-26,-0.40935644706089347
2024-02-27,0.0
2024-02-28,-0.3229558523945575
2024-02-29,0.5596478477114086
2024-03-01,0.9666209875618392
2024-03-04,-0.14510241031356896
2024-03-05,-0.02902249130860568
2024-03-06,0.37778001748944856
2024-03-07,0.897513043584719
2024-03-08,-0.25823617054017145
2024-03-11,0.14385676970143368
2024-03-12,0.3447182389165748
2024-03-13,0.6584576540260789
2024-03-14,-0.5403649620096762
2024-03-15,0.08577943662977372
2024-03-18,-0.05716438402152413
2024-03-19,0.11437091463954996
2024-03-20,0.8566393906443315
2024-03-21,0.1698818907608146
2024-03-22,-0.46975569899689873
2024-03-25,-0.14301891724507465
2024-03-26,-0.14323531673239298
2024-03-27,1.0040391060216924
2024-03-28,0.2839953873820633
2024-04-01,0.11327416875690499
2024-04-02,-0.5091741437916797
2024-04-03,0.17059333173343738
2024-04-04,-0.2554542097527035
2024-04-05,0.9675399540553187
2024-04-08,0.028191389271214895
2024-04-09,0.4508327422923175
2024-04-10,-0.7012540145051482
2024-04-11,-0.42374659353940913
2024-04-12,-0.9929076552367189
2024-04-15,-0.7163124447229996
2024-04-16,-0.461773613738492
2024-04-17,0.08697837115210216
2024-04-18,0.20279265231812893
2024-04-19,0.5203731217532814
2024-04-22,0.2876008776853567
2024-04-23,0.6595943068448795
2024-04-24,-0.5698053859713004
2024-04-25,0.02865989986151618
2024-04-26,0.4583113888148471
2024-04-29,0.057041946893665596
2024-04-30,-1.1684171912181962
2024-05-01,0.0
2024-05-02,0.432520826725713
2024-05-03,0.602928350194909
2024-05-06,1.3983899387529863
2024-05-07,0.14074722473260692
2024-05-08,-0.1686388659663085
2024-05-09,0.5630677596121458
2024-05-10,-0.33596711542890345
2024-05-13,-0.22470287076115092
2024-05-14,0.056307912346942324
2024-05-15,0.19696110659841448
2024-05-16,0.08424273242073621
2024-05-17,0.7014507407958614
2024-05-21,0.055716177249420795
2024-05-22,-0.5569414396556338
2024-05-23,-0.6440787896414335
2024-05-24,0.47915122757686834
2024-05-27,0.3085585598336049
2024-05-28,-0.5033475041501645
2024-05-29,-1.602040864946641
2024-05-30,0.77121302766745
2024-05-31,0.9637235036960679
2024-06-03,-0.7299251875693469
2024-06-04,-0.5656155859633194
2024-06-05,0.7679113397050852
2024-06-06,0.3387057248786629
2024-06-07,-0.9282795184564208
2024-06-10,0.2555382181317789
2024-06-11,-0.7646492227418977
2024-06-12,0.3424640176055149
2024-06-13,-1.1945274750733037
2024-06-14,-0.25906892276732485
2024-06-17,-0.14432172806776444
2024-06-18,0.11562192017082751
2024-06-19,-0.4330319402131133
2024-06-20,0.23195792737282783
2024-06-21,-0.0867887609663831
2024-06-24,1.33179230201097
2024-06-25,-0.1842578285646823
2024-06-26,0.0
2024-06-27,0.6633949641970949
2024-06-28,-0.1432663769813325
2024-07-02,0.3443464107880878
2024-07-03,1.2867818460608582
2024-07-04,0.1129463271408282
2024-07-05,-0.846011856885942
2024-07-08,0.25596566799384046
2024-07-09,-0.3971560314442901
2024-07-10,1.481060693790326
2024-07-11,0.8700369209460046
2024-07-12,0.5564826923383448
2024-07-15,0.33205516074881203
2024-07-16,1.1307062685809388
2024-07-17,-0.6544790297547509
2024-07-18,-0.5489867325915498
2024-07-19,-0.13801812910084754
2024-07-22,0.7739165970344741
2024-07-23,-0.21941618441286836
2024-07-24,-0.8246282995537313
2024-07-25,-0.05542344869300386
2024-07-26,0.8874002363467914
2024-07-29,-0.13743804992562003
2024-07-30,0.2752433780829344
2024-07-31,1.207788404963006
2024-08-01,-1.6002095557782536
2024-08-02,-2.232607131875042
2024-08-06,-1.1559233987585626
2024-08-07,-0.4278262439323721
2024-08-08,1.6041303784076533
2024-08-09,0.3946926047170951
2024-08-12,0.3650634307975631
2024-08-13,1.0352447915808582
2024-08-14,0.58155149249981
2024-08-15,1.2389859369173584
2024-08-16,0.13600211520110594
2024-08-19,0.2715695254213113
2024-08-20,-0.29793695476100224
2024-08-21,0.2988272716341056
2024-08-22,-0.3520994193701332
2024-08-23,1.1687927490752426
2024-08-26,0.21494664863175306
2024-08-27,-0.3753498332184191
2024-08-28,-0.5382127494804378
2024-08-29,0.45994771045470006
2024-08-30,0.4578742426885496
2024-09-03,-1.2064547584835217
2024-09-04,0.0
2024-09-05,-0.2984811788799946
2024-09-06,-0.8709975880368703
2024-09-09,1.0983077677087394
2024-09-10,-0.027176535313777617
2024-09-11,0.8421574980779223
2024-09-12,1.1584238218737886
2024-09-13,0.532601378921882
2024-09-16,0.5828044307695457
2024-09-17,-0.10536100465468046
2024-09-18,-0.34273426176689714
2024-09-19,1.0846510411439692
2024-09-20,0.026166947853023537
2024-09-23,0.13083195519412172
2024-09-24,0.28690364915064936
2024-09-25,-0.20996457624040676
2024-09-26,0.5523258337523096
2024-09-27,-0.18310078469239155
2024-09-30,0.07861422217145808
2024-10-01,0.15710493751830423
2024-10-02,-0.07840846004619761
2024-10-03,-0.10465786274057587
2024-10-04,0.8119456000510006
2024-10-07,-0.25982476266672716
2024-10-08,-0.13024562601440248
2024-10-09,0.6520670605683065
2024-10-10,0.3368794362782479
2024-10-11,0.7231345332992856
2024-10-15,-0.12819825222947223
2024-10-16,0.4877950172605283
2024-10-17,0.5109994521812711
2024-10-18,0.5592255023972648
2024-10-21,-0.40445133697322166
2024-10-22,-0.050766769989996074
2024-10-23,-0.5840437054290271
2024-10-24,0.0
2024-10-25,-0.3320505408327401
2024-10-28,0.3587771797535222
2024-10-29,-0.025528798495322302
2024-10-30,-0.17879800771707366
2024-10-31,-1.407375260554855
2024-11-01,0.41527363144029383
2024-11-04,0.051688106421798885
2024-11-05,0.5166551270013864
2024-11-06,0.9766031799824049
2024-11-07,0.9162793423298066
2024-11-08,-0.3531066576069941
2024-11-11,0.07592808853149613
2024-11-12,0.5311335989269583
2024-11-13,0.30186854377713956
2024-11-14,0.2006632989728585
2024-11-15,-0.5256626599446368
2024-11-18,0.3271207639081952
2024-11-19,0.15049498077446266
2024-11-20,0.10017590287030309
2024-11-21,1.45107206998909
2024-11-22,0.22195201862778013
2024-11-25,-0.1230346886588296
2024-11-26,-0.024619615671439554
2024-11-27,0.2710588502757849
2024-11-28,0.3194834162981053
2024-11-29,0.41646748945729506
2024-12-02,-0.24395856458804266
2024-12-03,0.1956383072973411
2024-12-04,0.02441067865763813
2024-12-05,0.1952280667297801
2024-12-06,0.024347484509701367
2024-12-09,-0.24349303874044992
2024-12-10,-0.4881553369411318
2024-12-11,0.6132118626990701
2024-12-12,-0.9020067386338426
2024-12-13,-0.5166204642002792
2024-12-16,-0.44511148781164467
2024-12-17,-0.07449388457754225
2024-12-18,-2.2868642282291574
2024-12-19,-0.5596422691919511
2024-12-20,0.741874522321706
2024-12-23,0.6602426369475278
2024-12-24,0.2522669111723941
2024-12-27,-0.050322422736970296
2024-12-30,-0.7345526788331558
2024-12-31,0.5613728557197772
2025-01-02,0.6850992566507674
2025-01-03,0.705648936839931
2025-01-06,-0.2752827432012883
2025-01-07,-0.2509388385677713
2025-01-08,0.42765927023982186
2025-01-09,0.12526922437536836
2025-01-10,-1.1258641410001657
2025-01-13,-0.9615301911878871
2025-01-14,0.1788436179690267
2025-01-15,0.8416147390339024
2025-01-16,0.25292626552599895
2025-01-17,0.8577119491778307
2025-01-20,0.45023108191100114
2025-01-21,0.42330306501534576
2025-01-22,0.12398590729782999
2025-01-23,0.49530012538872015
2025-01-24,0.12320257341336127
2025-01-27,-0.6645375057882319
2025-01-28,0.5451089880110782
2025-01-29,0.17248749882023962
2025-01-30,1.4022114746989223
2025-01-31,-1.0916935307018094
2025-02-03,-1.1773452794166417
2025-02-04,0.17373886528606608
2025-02-05,1.1645189693755942
2025-02-06,-0.14693981072750883
2025-02-07,-0.3679337300474317
2025-02-10,0.8370383077701327
2025-02-11,-0.04881804648493304
2025-02-12,-0.2687028041945094
2025-02-13,0.4898413177826244
2025-02-14,-0.7799295633879932
2025-02-18,0.7123592400918977
2025-02-19,-0.17072058566927062
2025-02-20,-0.39090787678406347
2025-02-21,-1.4226215064982228
2025-02-24,0.024881593610004415
2025-02-25,0.17413766166678446
2025-02-26,0.5463075654666083
2025-02-27,-0.7903214155325133
2025-02-28,1.0455472292457246
2025-03-03,-1.4781837892705818
2025-03-04,-1.7504419791374626
2025-03-05,1.247125760918233
2025-03-06,-1.1563400479729258
2025-03-07,0.7120894470955541
2025-03-10,-1.4898960333617928
2025-03-11,-0.48707062159257797
2025-03-12,0.7470617654413703
2025-03-13,-0.9204827084451583
2025-03-14,1.496781463908614
2025-03-17,0.9661649805669636
2025-03-18,-0.3021783135724876
2025-03-19,1.389237485321515
2025-03-20,0.0
2025-03-21,-0.3487762159434804
2025-03-24,1.3500078902468182
2025-03-25,0.1726479375308454
2025-03-26,-0.6619157735342496
2025-03-27,-0.07486471003371742
2025-03-28,-1.5234680260462818
2025-03-31,0.7861982925096545
2025-04-01,0.4529380314227227
2025-04-02,1.0771420400298881
2025-04-03,-3.841383262646514
2025-04-04,-4.664935667312187
2025-04-07,-1.4868989675214883
2025-04-08,-1.4269973799254654
2025-04-09,5.345212652357878
2025-04-10,-2.9334024181196905
2025-04-11,2.5047711734013545
2025-04-14,1.1952029629187733
2025-04-15,0.7874082280166839
2025-04-16,0.18229149094399766
2025-04-17,0.3899021805375824
2025-04-21,-0.7508940158425181
2025-04-22,1.200097345052975
2025-04-23,0.6960565063515833
2025-04-24,1.075277895627047
2025-04-25,0.0
2025-04-28,0.32927179740118717
2025-04-29,0.32821097957607126
2025-04-30,-0.2013167685467665
2025-05-01,-0.07563865215307608
2025-05-02,0.8831684537577766
2025-05-05,-0.25012061192791757
2025-05-06,0.05015743231748804
2025-05-07,0.6766825630458939
2025-05-08,0.44807979137369003
2025-05-09,0.42131871531942977
2025-05-12,0.6910258586544371
2025-05-13,0.3431369200026291
2025-05-14,0.2686897302487168
2025-05-15,0.8769770406211519
2025-05-16,0.3139348764079841
2025-05-20,0.28887115033000565
2025-05-21,-0.7921192731557669
2025-05-22,0.024194118330989056
2025-05-23,0.12094133096622883
2025-05-26,0.7973054931054158
2025-05-27,0.6711308346125877
2025-05-28,0.11905017849114241
2025-05-29,-0.2853676111822634
2025-05-30,-0.14310618893069726
2025-06-02,0.9075755724598178
2025-06-03,0.11833644328507198
2025-06-04,-0.3545897209911164
2025-06-05,0.0
2025-06-06,0.379593598081418
2025-06-09,-0.2127313485892568
2025-06-10,0.23686896663182022
2025-06-11,0.40170619842070376
2025-06-12,0.3059368434591203
2025-06-13,-0.32848397277323027
2025-06-16,0.23541919875773587
2025-06-17,-0.1174469695307212
2025-06-18,0.09406436328671663
2025-06-19,-0.11744690081284537
2025-06-20,-0.09408646703285006
2025-06-23,0.4472715244800307
2025-06-24,0.3515333846306312
2025-06-25,-0.536111348474122
2025-06-26,0.6855755635184257
2025-06-27,-0.16436296374081616
2025-06-30,0.6585159008526853
2025-07-02,0.1168208760536249
2025-07-03,0.606772472925643
2025-07-04,0.046390520812966685
2025-07-07,-0.09274706053112869
2025-07-08,-0.41772660014361973
2025-07-09,0.25635981242806416
2025-07-10,0.46489381863974444
2025-07-11,-0.25451201509443244
2025-07-14,0.6727032531612664
2025-07-15,-0.529966588242603
2025-07-16,0.3243184656133602
2025-07-17,0.9004781663304318
2025-07-18,-0.2517253698699706
2025-07-21,-0.02292642433653347
2025-07-22,0.2065014494021744
2025-07-23,0.16029812075386562
2025-07-24,-0.06859688831321042
2025-07-25,0.38893792738010635
2025-07-28,-0.2734765673074846
2025-07-29,0.47990530738255543
2025-07-30,-0.5685795611445887
2025-07-31,-0.34309674106256516
2025-08-01,-0.9410055081786828
2025-08-05,1.9925716611910005
2025-08-06,1.272171117299159
2025-08-07,-0.5607907748185759
2025-08-08,0.022534913943816903
2025-08-11,0.04512123066024998
2025-08-12,0.5635632350208475
2025-08-13,0.22416199939288006
2025-08-14,-0.29074313047623424
2025-08-15,0.044843319959064765
2025-08-18,0.06726542864705642
2025-08-19,-0.336092326708759
2025-08-20,0.22483467664631274
2025-08-21,0.5831993150438697
2025-08-22,1.0035723170947364
2025-08-25,-0.5519994958342656
2025-08-26,0.6216717490056478
2025-08-27,0.3309924991323099
2025-08-28,0.0
2025-08-29,0.5058143568268392
2025-09-02,0.17506261316828642
2025-09-03,0.4805425412166109
2025-09-04,0.5434880272767062
2025-09-05,0.5189254957642886
2025-09-08,-0.08604388917707873
2025-09-09,0.08611798844362362
2025-09-10,0.473220422570364
2025-09-11,0.792117673270476
2025-09-12,-0.40358453965605445
2025-09-15,0.5331723208417349
2025-09-16,-0.40305433929833656
2025-09-17,0.04261289198193019
2025-09-18,0.42579798520483436
2025-09-19,1.0176005052333625
2025-09-22,0.6925421851165847
2025-09-23,-0.4168429145115615
2025-09-24,-0.20842476739094673
2025-09-25,-0.06329589062470387
2025-09-26,0.06333597969714333
2025-09-29,0.8227893337755976
2025-09-30,0.16739537484908862
2025-10-01,0.2506896414625537
2025-10-02,0.2083681327042619
2025-10-03,1.0605105201079823
2025-10-06,0.18518313214401783
2025-10-07,-0.575062154304129
2025-10-08,0.4751040588787836
2025-10-09,-0.7401393254064415
2025-10-10,-1.3877300786877655
2025-10-14,1.7013288382504488
2025-10-15,0.9500198656309911
2025-10-16,-0.6137464161647066
2025-10-17,-1.1527364414691155
2025-10-20,1.0620483263510394
2025-10-21,-1.7308822824645742
2025-10-22,0.2935683592513394
2025-10-23,0.7108393848393124
2025-10-24,0.539755323258917
2025-10-27,-0.18583317018838752
2025-10-28,0.4758000780063165
2025-10-29,-0.9470859018109956
2025-10-30,0.14550275314348937
2025-10-31,0.33208072274462097
2025-11-03,-0.020672316993064488
2025-11-04,-1.5932203879210904
2025-11-05,1.0513009431471154
2025-11-06,-0.7282706445511766
2025-11-07,0.14672266702306924
2025-11-10,1.360406687676452
2025-11-11,0.26843280479704745
2025-11-12,1.3591495217736282
2025-11-13,-1.8691651346437133
2025-11-14,0.31056625896384027
2025-11-17,-0.78432451836975
2025-11-18,-0.10400665939367393
2025-11-19,0.7913317082963722
2025-11-20,-1.1983569463497656
2025-11-21,0.7946576671284511
2025-11-24,1.410789689824421
2025-11-25,1.0638302934141475
2025-11-26,0.9109210401181844
2025-11-27,0.2407324724225779
2025-11-28,0.4802776571752654
2025-12-01,-0.8962336508634539
2025-12-02,-0.22104653412806652
2025-12-03,0.42295338963864726
2025-12-04,1.0228552392673063
2025-12-05,-0.5558820188627744
2025-12-08,-0.39928031109133233
2025-12-09,0.2004404748974009
2025-12-10,0.7601470543991518
2025-12-11,0.5955911754556675
2025-12-12,-0.3354911972097696
2025-12-15,-0.19802697615747267
2025-12-16,-0.6349144577112331
2025-12-17,-0.09984774380090711
2025-12-18,0.6995940347899632
2025-12-19,0.9328951626467186
2025-12-22,0.7866330393804466
2025-12-23,0.21463512331574286
2025-12-24,-0.11683119386838303
2025-12-29,-0.3313711246277329
2025-12-30,-0.07669884298237006
2025-12-31,-0.511720630747059
2026-01-02,0.6132622567230461
2026-01-05,1.0027434921268341
2026-01-06,0.6229316283572262
2026-01-07,-0.8318846481130571
2026-01-08,0.721823035210889
2026-01-09,0.8134757275493287
2026-01-12,0.7876998661763501
2026-01-13,0.019069030109442053
2026-01-14,0.1334063328554791
2026-01-15,0.34259515924845996
2026-01-16,-0.018967674446845884
2026-01-19,0.20869131493812532
2026-01-20,-1.0980642015962827
2026-01-21,0.382839097258314
2026-01-22,0.400462683039704
2026-01-23,0.45583673024696125
2026-01-26,-0.09453354147719306
2026-01-27,-0.03784919677700671
2026-01-28,0.28398375692608724
2026-01-29,-0.490846533788436
2026-01-30,-3.225196834269406
2026-02-02,0.8037596447605377
2026-02-03,0.5445445460454446
2026-02-04,0.4835547323694511
2026-02-05,-1.6554349771552013
2026-02-06,1.4679922768065623
2026-02-09,1.7168241133506124
2026-02-10,0.7016854853820531
2026-02-11,0.075335005557009
2026-02-12,-2.3522780443748004
2026-02-13,1.8115250800261995
2026-02-17,-0.5110754665241912
2026-02-18,1.503037098678539
2026-02-19,0.6560508302284163
2026-02-20,0.6890107240305365
2026-02-23,-0.16644687399495206
2026-02-24,0.5557550798410915
2026-02-25,0.5342751700712078
2026-02-26,1.0994997739795842
2026-02-27,-0.47126621185116235
2026-03-02,0.6191940900866388
2026-03-03,-2.1538428476806426
2026-03-04,0.42545001591614007
2026-03-05,-0.9393980771512545
2026-03-06,-1.5805107495088122
2026-03-09,0.3400635452418532
2026-03-10,0.26361198649902384
2026-03-11,-0.43192888636637283
2026-03-12,-0.86759793949579
2026-03-13,-0.9132345742685732
2026-03-16,1.0752575152406907
2026-03-17,0.20896883856094117
2026-03-18,-1.952603250543472
2026-03-19,-1.3341116788120444
2026-03-20,-1.7832594095169907
2026-03-23,1.9752576694756163
2026-03-24,0.058695507063344365
2026-03-25,1.4665645814194495
2026-03-26,-1.5459721236629087
2026-03-27,0.27548020202987633
2026-03-30,-0.039250499078069545
2026-03-31,2.5520282732627297
2026-04-01,0.6508430393092013
2026-04-02,0.43742983969026206
2026-04-06,0.20828622494941662
2026-04-07,0.1889693986674601
2026-04-08,1.2448109371514748
2026-04-09,-0.4657206379114709
2026-04-10,0.6924942042743742
2026-04-13,0.539031799839762
2026-04-14,0.6100931548547628
2026-04-15,0.16538327273978304
2026-04-16,-0.2935261321551419
2026-04-17,0.9015648318947411
2026-04-20,0.0
2026-04-21,-1.6229018748108115
2026-04-22,0.48192745392880987
2026-04-23,-0.07378762914426185
2026-04-24,-0.07383503638835887
2026-04-27,-0.22169711572009865
2026-04-28,-0.6480237193579486
2026-04-29,-0.8199760867702466
2026-04-30,1.9165749590855485
2026-05-01,-0.23967891043342737
2026-05-04,-0.6468331708177177
2026-05-05,-0.204605580017303
2026-05-06,1.1742695963913752
2026-05-07,-0.38688018244026345
2026-05-08,0.7397868143053543
2026-05-11,0.14686379170052444
2026-05-12,0.4032989672748677
2026-05-13,-0.7120647721915785
2026-05-14,0.6436145426564011
2026-05-15,-1.1876443286133131
2026-05-19,-0.2588810473177494
2026-05-20,1.2977435761010403
2026-05-21,0.7137588974224895
2026-05-22,0.10903566811959475
2026-05-25,1.1980372820626473
2026-05-26,-0.5919340117664595
2026-05-27,-0.6676284217375095
2026-05-28,0.21798515070636793
2026-05-29,0.5075256876796885
2026-06-01,0.23444877635525607
2026-06-02,1.259437154265397
2026-06-03,-1.0483284769829182
2026-06-04,1.2210465719995067
2026-06-05,-2.3239249877515245
2026-06-08,0.27242322039000566
2026-06-09,-0.2535755168907139
2026-06-10,-0.7263532533502204
2026-06-11,1.536495251875447
2026-06-12,0.7926554077051895
2026-06-15,0.9651505915383884
2026-06-16,0.3717446378676881
2026-06-17,-0.7583808889612076
2026-06-18,-0.44428440007907577
2026-06-19,-0.3927229843195601
2026-06-22,0.5197185513579949
2026-06-23,-0.23177365884607948
2026-06-24,-0.5539623496928492
2026-06-25,0.3811458493401698
2026-06-26,0.30592403198881346
2026-06-29,-0.3767543825730635
2026-06-30,0.12605743987574858
2026-07-02,0.3597136122810207
2026-07-03,0.8602142451599404
2026-07-06,-0.17768030613013464
2026-07-07,0.1601996299376962
2026-07-08,-0.9418851519197968
2026-07-09,0.807314199303355
2026-07-10,0.26695413693711423
2026-07-13,-0.07099913989884188
2026-07-14,0.1243333850316386
2026-07-15,0.24835797818199
2026-07-16,-0.12387134472369166
2026-07-17,-0.24804995225883308
2026-07-20,-0.8348089029750372
2026-07-21,1.1463359639233284
2026-07-22,0.28333600841758955
2026-07-23,-0.7769776321865374
2026-07-24,0.4805133731313749
2026-07-27,0.6199119633259365
2026-07-28,0.6688914702202897
2026-07-29,-1.381355341493451
2026-07-30,0.5851028500522437
2026-07-31,-0.7579769234012379
2026-08-04,1.6163407810724895
2026-08-05,0.9438925435569567
2026-08-06,-0.01731311088000176
2026-08-07,0.6754405582116263
2026-08-10,0.18923208038936767
2026-08-11,0.10301778307799658
2026-08-12,0.4802788982133377
2026-08-13,0.2731304923368816
2026-08-14,-0.03404912698701246
2026-08-17,-0.18733073580519122
2026-08-18,-0.8360376614298337
2026-08-19,0.154852295667407
2026-08-20,-0.18897201869378932
2026-08-21,0.8089522083420952
2026-08-24,0.17073326727357063
2026-08-25,0.732913445706207
2026-08-26,-0.40608776643983324
2026-08-27,0.08494603557946956
2026-08-28,-0.763878397733897
2026-08-31,-0.7526490482375858
2026-09-01,-1.2237143724076804
2026-09-02,0.7503058713521193
2026-09-03,1.524068631515374
2026-09-04,-0.34118179219322364
2026-09-08,-1.0441575056032049
2026-09-09,-0.5881337908858364
2026-09-10,-1.1136234140497692
2026-09-11,0.6158691938134675
2026-09-14,-0.01749236827052192
2026-09-15,-0.26237137657129095
2026-09-16,-0.263068264950328
