date,tbill_outstanding
1998-10-13,
1998-10-27,
1998-11-10,
1998-11-24,
1998-12-08,
1998-12-22,
1999-01-05,
1999-01-19,
1999-02-02,
1999-02-16,
1999-03-02,
1999-03-16,
1999-03-30,
1999-04-13,
1999-04-27,
1999-05-11,
1999-05-25,
1999-06-08,
1999-06-22,
1999-07-06,
1999-07-20,
1999-08-03,
1999-08-17,
1999-08-31,
1999-09-14,
1999-09-28,
1999-10-12,
1999-10-26,
1999-11-09,
1999-11-23,
1999-12-07,
1999-12-21,
2000-01-05,
2000-01-18,
2000-02-01,
2000-02-15,
2000-02-29,
2000-03-14,
2000-03-28,
2000-04-11,
2000-04-25,
2000-05-09,
2000-05-23,
2000-06-06,
2000-06-20,
2000-07-04,
2000-07-18,
2000-08-01,
2000-08-15,
2000-08-29,
2000-09-12,
2000-09-26,
2000-10-10,
2000-10-24,
2000-11-07,
2000-11-21,
2000-12-05,
2000-12-19,
2001-01-03,
2001-01-16,
2001-01-30,
2001-02-13,
2001-02-27,
2001-03-13,
2001-03-27,
2001-04-10,
2001-04-24,
2001-05-08,
2001-05-22,
2001-06-05,
2001-06-19,
2001-07-03,
2001-07-17,
2001-07-31,
2001-08-14,
2001-08-28,
2001-09-13,
2001-09-25,
2001-10-09,
2001-10-23,
2001-11-06,
2001-11-20,
2001-12-04,
2001-12-18,
2002-01-03,
2002-01-15,
2002-01-29,
2002-02-12,
2002-02-26,
2002-03-12,
2002-03-26,
2002-04-09,
2002-04-23,
2002-05-07,
2002-05-21,
2002-06-04,
2002-06-18,
2002-07-02,
2002-07-16,
2002-07-30,
2002-08-13,
2002-08-27,
2002-09-10,
2002-09-24,
2002-10-08,
2002-10-22,
2002-11-05,
2002-11-19,
2002-12-03,
2002-12-17,
2002-12-30,
2003-01-14,
2003-01-28,
2003-02-11,
2003-02-25,
2003-03-11,
2003-03-25,
2003-04-08,
2003-04-22,
2003-05-06,
2003-05-20,
2003-06-03,
2003-06-17,
2003-07-02,
2003-07-15,
2003-07-29,
2003-08-12,
2003-08-26,
2003-09-09,
2003-09-23,
2003-10-07,
2003-10-21,
2003-11-04,
2003-11-18,
2003-12-02,
2003-12-16,
2003-12-29,
2004-01-13,
2004-01-27,
2004-02-10,
2004-02-24,
2004-03-09,
2004-03-23,
2004-04-06,
2004-04-20,
2004-05-04,
2004-05-18,
2004-06-01,
2004-06-15,
2004-06-29,
2004-07-13,
2004-07-27,
2004-08-10,
2004-08-24,
2004-09-07,
2004-09-21,
2004-10-05,
2004-10-19,
2004-11-02,
2004-11-16,
2004-11-30,
2004-12-14,
2004-12-29,
2005-01-11,
2005-01-25,
2005-02-08,
2005-02-22,
2005-03-08,
2005-03-22,
2005-04-05,
2005-04-19,
2005-05-03,
2005-05-17,
2005-05-31,
2005-06-14,
2005-06-28,
2005-07-12,
2005-07-26,
2005-08-09,
2005-08-23,
2005-09-06,
2005-09-20,
2005-10-04,
2005-10-18,
2005-11-01,
2005-11-15,
2005-11-29,
2005-12-13,
2005-12-28,
2006-01-10,
2006-01-24,
2006-02-07,
2006-02-21,
2006-03-07,
2006-03-21,
2006-04-04,
2006-04-18,
2006-05-02,
2006-05-16,
2006-05-30,
2006-06-13,
2006-06-27,
2006-07-11,
2006-07-25,
2006-08-08,
2006-08-22,
2006-09-05,
2006-09-19,
2006-10-03,
2006-10-17,
2006-10-31,
2006-11-14,
2006-11-28,
2006-12-12,
2006-12-27,
2007-01-09,
2007-01-23,
2007-02-06,
2007-02-20,
2007-03-06,
2007-03-20,
2007-04-03,
2007-04-17,
2007-05-01,
2007-05-15,
2007-05-29,
2007-06-12,
2007-06-26,
2007-07-10,
2007-07-24,
2007-08-07,
2007-08-21,
2007-09-04,
2007-09-18,
2007-10-02,
2007-10-16,
2007-10-30,
2007-11-13,
2007-11-27,
2007-12-11,
2007-12-21,
2008-01-08,
2008-01-22,
2008-02-05,
2008-02-19,
2008-03-04,
2008-03-18,
2008-04-01,
2008-04-15,
2008-04-29,
2008-05-13,
2008-05-27,
2008-06-10,
2008-06-25,
2008-07-08,
2008-07-22,
2008-08-05,
2008-08-19,
2008-09-02,
2008-09-16,
2008-09-30,
2008-10-14,
2008-10-28,
2008-11-12,
2008-11-25,
2008-12-09,
2008-12-23,
2009-01-06,
2009-01-20,
2009-02-03,
2009-02-17,
2009-03-03,
2009-03-17,
2009-03-31,
2009-04-14,
2009-04-28,
2009-05-12,
2009-05-26,
2009-06-09,
2009-06-23,
2009-07-07,
2009-07-21,
2009-08-04,
2009-08-18,
2009-09-01,
2009-09-15,
2009-09-29,
2009-10-13,
2009-10-27,
2009-11-10,
2009-11-24,
2009-12-08,
2009-12-22,
2010-01-05,
2010-01-19,
2010-02-02,
2010-02-16,
2010-03-02,
2010-03-16,
2010-03-30,
2010-04-13,
2010-04-27,
2010-05-11,
2010-05-25,
2010-06-08,
2010-06-22,
2010-07-06,
2010-07-20,
2010-08-03,
2010-08-17,
2010-08-31,
2010-09-14,
2010-09-28,
2010-10-12,
2010-10-26,
2010-11-09,
2010-11-23,
2010-12-07,
2010-12-21,
2011-01-05,
2011-01-18,
2011-02-01,
2011-02-15,
2011-03-01,
2011-03-15,
2011-03-29,
2011-04-12,
2011-04-26,
2011-05-10,
2011-05-24,
2011-06-07,
2011-06-21,
2011-07-05,
2011-07-19,
2011-08-02,
2011-08-16,
2011-08-30,
2011-09-13,
2011-09-27,
2011-10-11,
2011-10-25,
2011-11-08,
2011-11-22,
2011-12-06,
2011-12-20,
2012-01-04,
2012-01-17,
2012-01-31,
2012-02-14,
2012-02-28,
2012-03-13,
2012-03-27,
2012-04-10,
2012-04-24,
2012-05-08,
2012-05-22,
2012-06-05,
2012-06-19,
2012-07-03,
2012-07-17,
2012-07-31,
2012-08-14,
2012-08-28,
2012-09-11,
2012-09-25,
2012-10-09,
2012-10-23,
2012-11-06,
2012-11-20,
2012-12-04,
2012-12-18,
2013-01-03,
2013-01-15,
2013-01-29,
2013-02-12,
2013-02-26,
2013-03-12,
2013-03-26,
2013-04-09,
2013-04-23,
2013-05-07,
2013-05-21,
2013-06-04,
2013-06-18,
2013-07-02,
2013-07-16,
2013-07-30,
2013-08-13,
2013-08-27,
2013-09-10,
2013-09-24,
2013-10-08,
2013-10-22,
2013-11-05,
2013-11-19,
2013-12-03,
2013-12-17,
2013-12-30,
2014-01-14,
2014-01-28,
2014-02-11,
2014-02-25,
2014-03-11,
2014-03-25,
2014-04-08,
2014-04-22,
2014-05-06,
2014-05-20,
2014-06-03,
2014-06-17,
2014-07-02,
2014-07-15,
2014-07-29,
2014-08-12,
2014-08-26,
2014-09-09,
2014-09-23,
2014-10-07,
2014-10-21,
2014-11-04,
2014-11-18,
2014-12-02,
2014-12-16,
2014-12-29,
2015-01-13,
2015-01-27,
2015-02-10,
2015-02-24,
2015-03-10,
2015-03-24,
2015-04-07,
2015-04-21,
2015-05-05,
2015-05-19,
2015-06-02,
2015-06-16,
2015-06-30,
2015-07-14,
2015-07-28,
2015-08-11,
2015-08-25,
2015-09-08,
2015-09-22,
2015-10-06,
2015-10-20,
2015-11-03,
2015-11-17,
2015-12-01,
2015-12-15,
2015-12-29,
2016-01-12,
2016-01-26,
2016-02-09,
2016-02-23,
2016-03-08,
2016-03-22,
2016-04-05,
2016-04-19,
2016-05-03,
2016-05-17,
2016-05-31,
2016-06-14,
2016-06-28,
2016-07-12,
2016-07-26,
2016-08-09,
2016-08-23,
2016-09-06,
2016-09-20,
2016-10-04,
2016-10-18,
2016-11-01,
2016-11-15,
2016-11-29,
2016-12-13,
2016-12-28,
2017-01-10,
2017-01-24,
2017-02-07,
2017-02-21,
2017-03-07,
2017-03-21,
2017-04-04,
2017-04-18,
2017-05-02,
2017-05-16,
2017-05-30,
2017-06-13,
2017-06-27,
2017-07-11,
2017-07-25,
2017-08-08,
2017-08-22,
2017-09-05,
2017-09-19,
2017-10-03,
2017-10-17,
2017-10-31,
2017-11-14,
2017-11-28,
2017-12-12,
2017-12-27,
2018-01-09,
2018-01-23,
2018-02-06,
2018-02-20,
2018-03-06,
2018-03-20,
2018-04-03,
2018-04-17,
2018-05-01,
2018-05-15,
2018-05-29,
2018-06-12,
2018-06-26,
2018-07-10,
2018-07-24,
2018-08-07,
2018-08-21,
2018-09-04,
2018-09-18,
2018-10-02,
2018-10-16,
2018-10-30,
2018-11-13,
2018-11-27,
2018-12-11,
2018-12-21,
2019-01-08,
2019-01-22,
2019-02-05,
2019-02-19,
2019-03-05,
2019-03-19,
2019-04-02,
2019-04-16,
2019-04-30,
2019-05-14,
2019-05-28,
2019-06-11,
2019-06-25,
2019-07-09,
2019-07-23,
2019-08-06,
2019-08-20,
2019-09-03,
2019-09-17,
2019-10-01,
2019-10-15,
2019-10-29,
2019-11-12,
2019-11-26,
2019-12-10,
2019-12-23,
2020-01-07,
2020-01-21,
2020-02-04,
2020-02-18,
2020-03-03,
2020-03-17,
2020-03-31,
2020-04-07,
2020-04-14,
2020-04-21,
2020-04-28,
2020-05-05,
2020-05-12,
2020-05-19,
2020-05-26,
2020-06-02,
2020-06-09,
2020-06-16,
2020-06-23,
2020-06-30,
2020-07-07,
2020-07-14,
2020-07-21,
2020-07-28,
2020-08-04,
2020-08-11,
2020-08-18,
2020-08-25,
2020-09-01,
2020-09-08,
2020-09-15,
2020-09-22,
2020-09-29,
2020-10-06,
2020-10-13,
2020-10-20,
2020-10-27,
2020-11-03,
2020-11-10,
2020-11-24,
2020-12-08,
2020-12-22,
2021-01-05,
2021-01-19,
2021-02-02,
2021-02-16,
2021-03-02,
2021-03-16,
2021-03-30,
2021-04-13,
2021-04-27,
2021-05-11,
2021-05-25,
2021-06-08,
2021-06-22,
2021-07-06,
2021-07-20,
2021-08-03,
2021-08-17,
2021-08-31,
2021-09-14,
2021-09-28,
2021-10-12,
2021-10-26,
2021-11-09,
2021-11-23,
2021-12-07,
2021-12-21,
2022-01-05,
2022-01-18,
2022-02-01,14800.0
2022-02-15,17400.0
2022-03-01,14600.0
2022-03-15,17400.0
2022-03-29,14600.0
2022-04-12,17000.0
2022-04-26,15000.0
2022-05-10,15000.0
2022-05-24,15000.0
2022-06-07,14000.0
2022-06-21,14400.0
2022-07-05,14400.0
2022-07-19,15600.0
2022-08-02,15400.0
2022-08-16,15400.0
2022-08-30,15200.0
2022-09-13,15200.0
2022-09-27,15200.0
2022-10-11,16000.0
2022-10-25,15600.0
2022-11-08,16000.0
2022-11-22,15600.0
2022-12-06,16000.0
2022-12-20,15600.0
2023-01-04,16000.0
2023-01-17,15600.0
2023-01-31,17200.0
2023-02-14,16600.0
2023-02-28,17200.0
2023-03-14,16400.0
2023-03-28,17200.0
2023-04-11,18400.0
2023-04-25,20400.0
2023-05-09,18400.0
2023-05-23,21000.0
2023-06-06,18400.0
2023-06-20,19600.0
2023-07-04,18400.0
2023-07-19,21000.0
2023-08-01,20200.0
2023-08-15,23600.0
2023-08-29,22000.0
2023-09-12,23000.0
2023-09-26,20200.0
2023-10-10,20800.0
2023-10-24,19200.0
2023-11-07,22200.0
2023-11-21,19200.0
2023-12-05,21600.0
2023-12-19,19600.0
2024-01-03,20000.0
2024-01-16,21000.0
2024-01-30,20600.0
2024-02-13,23000.0
2024-02-27,22400.0
2024-03-12,22400.0
2024-03-26,24400.0
2024-04-09,23200.0
2024-04-23,22200.0
2024-05-07,23400.0
2024-05-21,22200.0
2024-06-04,22800.0
2024-06-18,22800.0
2024-07-02,20000.0
2024-07-16,20800.0
2024-07-30,21800.0
2024-08-13,24200.0
2024-08-27,23000.0
2024-09-10,22600.0
2024-09-24,20800.0
2024-10-08,21800.0
2024-10-22,22200.0
2024-11-05,24000.0
2024-11-19,23100.0
2024-12-03,21600.0
2024-12-17,23400.0
2024-12-30,22000.0
2025-01-14,22600.0
2025-01-28,22900.0
2025-02-11,22400.0
2025-02-25,23600.0
2025-03-11,22000.0
2025-03-25,22200.0
2025-04-08,23600.0
2025-04-22,24200.0
2025-05-06,26400.0
2025-05-20,27600.0
2025-06-03,25200.0
2025-06-17,23800.0
2025-06-30,22600.0
2025-07-15,25400.0
2025-07-29,24700.0
2025-08-12,28200.0
2025-08-26,26600.0
2025-09-09,25600.0
2025-09-23,24000.0
2025-10-07,24000.0
2025-10-21,24200.0
2025-11-04,25400.0
2025-11-18,22800.0
2025-12-02,21800.0
2025-12-16,20200.0
2025-12-30,19800.0
2026-01-13,21800.0
2026-01-27,21000.0
2026-02-10,25200.0
2026-02-24,21200.0
2026-03-10,22000.0
2026-03-24,21000.0
2026-04-07,26400.0
2026-04-21,25400.0
2026-05-05,29600.0
2026-05-19,27400.0
2026-06-02,26600.0
2026-06-16,23800.0
2026-06-30,22800.0
2026-07-14,27200.0
2026-07-28,25800.0
2026-08-11,28400.0
2026-08-25,24200.0
2026-09-08,24600.0
