date,tsx_return
2019-01-03,-0.9367708597870616
2019-01-04,1.504276480535438
2019-01-07,0.5372021273095884
2019-01-08,0.6970483426089524
2019-01-09,1.3659518344981691
2019-01-10,0.6673543089969591
2019-01-11,0.2395423579192757
2019-01-14,0.24298358823044985
2019-01-15,0.4727708903709438
2019-01-16,0.4319998992692531
2019-01-17,0.6610972710237029
2019-01-18,0.6087593890423904
2019-01-21,0.32933252700784177
2019-01-22,-0.7841527991914399
2019-01-23,-0.16739093546545014
2019-01-24,0.4767133797405343
2019-01-25,0.5582155762640983
2019-01-28,0.08134790426825855
2019-01-29,0.5494648547094583
2019-01-30,0.13904068746324327
2019-01-31,0.3616496481193776
2019-02-01,-0.2207109477732616
2019-02-04,0.6191032110122174
2019-02-05,0.6434973810388822
2019-02-06,0.061133494593912374
2019-02-07,-0.056639792857349214
2019-02-08,-0.4464038628178235
2019-02-11,-0.4119374339842885
2019-02-12,0.4701630617026664
2019-02-13,-0.09844851041141967
2019-02-14,0.44347049486677115
2019-02-15,0.9059645470979927
2019-02-19,0.6263350260079292
2019-02-20,0.5885514725643581
2019-02-21,-0.1890052168168843
2019-02-22,0.07561830321805019
2019-02-25,0.27477674389557727
2019-02-26,0.06788559895996027
2019-02-27,0.039827319730179056
2019-02-28,-0.46844842762943095
2019-03-01,0.4331508512250837
2019-03-04,-0.18794891606198627
2019-03-05,0.30178382603827103
2019-03-06,0.03480937043482957
2019-03-07,-0.22122414252432332
2019-03-08,-0.3755476267399471
2019-03-11,0.6876633116421837
2019-03-12,0.18936806714271448
2019-03-13,0.08241960578385665
2019-03-14,-0.386380127708974
2019-03-15,0.3282079522866299
2019-03-18,0.6877152816139098
2019-03-19,-0.3895097021086036
2019-03-20,-0.1266362358440687
2019-03-21,0.4762611758108548
2019-03-22,-0.9560088178342974
2019-03-25,-0.1454346326226208
2019-03-26,0.5558344226982204
2019-03-27,-0.1405132405544962
2019-03-28,0.14256934759027118
2019-03-29,-0.33054000572559916
2019-04-01,0.7825066485530829
2019-04-02,0.22060981945981606
2019-04-03,0.09837738559455023
2019-04-04,0.19471383724347646
2019-04-05,0.5186469224414791
2019-04-08,0.06770814596657182
2019-04-09,-0.4315199812202519
2019-04-10,0.36605626205123976
2019-04-11,0.019511832532725926
2019-04-12,0.49391749748468605
2019-04-15,0.2123721974454762
2019-04-16,-0.08053514123096406
2019-04-17,0.25451153172528773
2019-04-18,0.4146562888474703
2019-04-22,-0.21369063812567424
2019-04-23,0.555576632108723
2019-04-24,-0.4973207714875194
2019-04-25,-0.06270394974828841
2019-04-26,0.22562841383897414
2019-04-29,-0.07884918515063122
2019-04-30,-0.1186788957579954
2019-05-01,-0.46981394736302917
2019-05-02,-0.5568775375960122
2019-05-03,0.50880815806853
2019-05-06,-0.005458765421451073
2019-05-07,-0.8227495395913498
2019-05-08,0.2420899290267231
2019-05-09,-0.46105226521591103
2019-05-10,-0.1482691590516283
2019-05-13,-0.6393531639472871
2019-05-14,0.562572450365284
2019-05-15,0.20632877506217007
2019-05-16,0.7709278914912687
2019-05-17,-0.2560196083345345
2019-05-21,0.15058845720303804
2019-05-22,-0.6032910807232228
2019-05-23,-0.9971016656361131
2019-05-24,0.404590229300017
2019-05-27,0.7190400204097447
2019-05-28,-0.30097937029889277
2019-05-29,-1.0185611290075114
2019-05-30,-0.26221866960605134
2019-05-31,-0.32133477540768896
2019-06-03,-0.13468189789556106
2019-06-04,0.9384411804626236
2019-06-05,0.28763716543287465
2019-06-06,0.09313445134428999
2019-06-07,0.019720451022431362
2019-06-10,-0.09056863602058263
2019-06-11,0.20041563359975978
2019-06-12,-0.132930491080141
2019-06-13,0.07456375239947022
2019-06-14,0.38548820879229506
2019-06-17,0.31652511755424495
2019-06-18,0.9166257414314982
2019-06-19,0.050900968443889916
2019-06-20,0.3815453010524328
2019-06-21,-0.2980451546716889
2019-06-24,-0.011499815920212875
2019-06-25,-0.9211135371592016
2019-06-26,-0.3609952177290099
2019-06-27,-0.02758671390811207
2019-06-28,0.4568394016797983
2019-07-02,0.5438865651452351
2019-07-03,0.6368558190583906
2019-07-04,0.07662294418271376
2019-07-05,-0.28272151571604454
2019-07-08,-0.4775722403578819
2019-07-09,0.49929671839883394
2019-07-10,0.10940673642350074
2019-07-11,-0.21372787400608662
2019-07-12,-0.24080966311108565
2019-07-15,0.13768216115150889
2019-07-16,-0.05087815385999006
2019-07-17,-0.1102940871883118
2019-07-18,0.06066415400163283
2019-07-19,-0.05031361641106846
2019-07-22,0.20017105052245743
2019-07-23,0.3256804439327743
2019-07-24,0.2359396136011549
2019-07-25,-0.7440587816313737
2019-07-26,0.25958432865929026
2019-07-29,-0.23471526979613744
2019-07-30,-0.15825426935982545
2019-07-31,-0.3613484760296437
2019-08-01,-0.18041282215534027
2019-08-02,-0.6429737112261136
2019-08-06,-0.7509983212922178
2019-08-07,0.7164320586550588
2019-08-08,0.8564284670018685
2019-08-09,-0.3852613326373877
2019-08-12,-0.6333645501706675
2019-08-13,0.6959070893790553
2019-08-14,-1.8647370018871512
2019-08-15,-0.20815529083375583
2019-08-16,0.8574538934426279
2019-08-19,0.9554285907786619
2019-08-20,-0.5569139471847229
2019-08-21,0.5914921193110434
2019-08-22,-0.3415262222883797
2019-08-23,-1.3283316862521932
2019-08-26,0.38160445953971944
2019-08-27,0.5267461283841035
2019-08-28,0.5443818931757605
2019-08-29,0.693226911346323
2019-08-30,0.35154938737831376
2019-09-03,-0.26091795843724563
2019-09-04,0.30246332054608693
2019-09-05,0.7660132898176242
2019-09-06,-0.23831357324477498
2019-09-09,-0.24312331784485108
2019-09-10,0.25584066101072
2019-09-11,0.44625679305942967
2019-09-12,0.193853342838457
2019-09-13,0.23492701290990237
2019-09-16,0.4130124503169297
2019-09-17,0.49846875231005505
2019-09-18,-0.20493263002211437
2019-09-19,0.34582481665947906
2019-09-20,0.2449747732173213
2019-09-23,-0.1923111150045842
2019-09-24,-0.40847586256888
2019-09-25,-0.0833417628503641
2019-09-26,0.03634115864876719
2019-09-27,-0.5723485273683937
2019-09-30,-0.21385245385716622
2019-10-01,-1.2660151247426032
2019-10-02,-0.8311145342089321
2019-10-03,0.355588253325978
2019-10-04,0.4911747243264708
2019-10-07,-0.16778489622473192
2019-10-08,-0.7782385315252327
2019-10-09,0.5271903192893168
2019-10-10,0.2612886959281857
2019-10-11,-0.0456684976087085
2019-10-15,0.01950126728491597
2019-10-16,0.05359126294681715
2019-10-17,-0.005469206819963546
2019-10-18,-0.2995267926127476
2019-10-21,0.25279439957304195
2019-10-22,-0.16444864025336736
2019-10-23,-0.3391978121282335
2019-10-24,0.20445407515869984
2019-10-25,0.21503788025447612
2019-10-28,-0.1036301014965435
2019-10-29,0.18672530511061325
2019-10-30,0.5073716400309403
2019-10-31,-0.11030077111116032
2019-11-01,0.6728086529394606
2019-11-04,0.45619330760333643
2019-11-05,0.07258400705429935
2019-11-06,0.3818462960359037
2019-11-07,0.35950442671097704
2019-11-08,0.4260410456303987
2019-11-11,0.03199776328113302
2019-11-12,0.157554482337674
2019-11-13,0.28741178428741687
2019-11-14,0.08373168268662745
2019-11-15,0.33172354698618456
2019-11-18,-0.01996882065361527
2019-11-19,-0.08046483758871181
2019-11-20,-0.032916804298399605
2019-11-21,-0.0388194745129522
2019-11-22,-0.2611795822183738
2019-11-25,0.46063419076778356
2019-11-26,0.0176129721374485
2019-11-27,0.3797816215549421
2019-11-28,0.0812859837814095
2019-11-29,-0.4341393628209955
2019-12-02,-0.3444749559348481
2019-12-03,-0.5258709846008847
2019-12-04,0.03020070053600943
2019-12-05,-0.25092996315748684
2019-12-06,0.8430759368595053
2019-12-09,-0.2712220355062689
2019-12-10,-0.0011867916769214837
2019-12-11,-0.06548171984978035
2019-12-12,0.0430989009088556
2019-12-13,0.33161945520781
2019-12-16,0.31347685113018997
2019-12-17,0.11021568264386605
2019-12-18,-0.25299393697593153
2019-12-19,0.18788163457021945
2019-12-20,0.3188021016467424
2019-12-23,0.0601623276123453
2019-12-24,0.3006649795311178
2019-12-27,-0.069847851280469
2019-12-30,-0.405398425823178
2019-12-31,-0.2058602432605139
2020-01-02,0.21449188635993544
2020-01-03,-0.19824789839181234
2020-01-06,0.23086933468592363
2020-01-07,0.36596187995088236
2020-01-08,-0.0017406010670906191
2020-01-09,0.39491853958981693
2020-01-10,-0.006379873052986262
2020-01-13,0.3417586273172901
2020-01-14,0.34406188867432963
2020-01-15,0.3590110397836188
2020-01-16,0.39965986966754574
2020-01-17,0.4243641073083726
2020-01-20,0.2186934940771046
2020-01-21,-0.14263248444567056
2020-01-22,0.15706315136860827
2020-01-23,0.12443474189585135
2020-01-24,-0.3206255745446751
2020-01-27,-0.6991100396133487
2020-01-28,0.3348166296402555
2020-01-29,0.06228474182299326
2020-01-30,-0.12106791380187554
2020-01-31,-0.9839548855875346
2020-02-03,0.3539612625227395
2020-02-04,0.7646718116779416
2020-02-05,0.7931409595403061
2020-02-06,0.5999478402441971
2020-02-07,-0.5744051809094763
2020-02-10,0.48200056285576665
2020-02-11,0.20574276407610004
2020-02-12,0.31389136853670063
2020-02-13,-0.06561564085868499
2020-02-14,0.15263379047119052
2020-02-18,0.0554693440774745
2020-02-19,0.3757334485341879
2020-02-20,0.1043168818688045
2020-02-21,-0.5606277916694213
2020-02-24,-1.5736866716171138
2020-02-25,-2.1938474452358303
2020-02-26,-0.7888271619607368
2020-02-27,-1.9041303643489882
2020-02-28,-2.7175324550147706
2020-03-02,1.7844148953481742
2020-03-03,-0.7835366105466646
2020-03-04,2.167006010191841
2020-03-05,-1.3439017849161128
2020-03-06,-2.289476863597917
2020-03-09,-10.26769585587326
2020-03-10,3.0583801249059572
2020-03-11,-4.599514764354129
2020-03-12,-12.344690349727383
2020-03-13,9.655832471419433
2020-03-16,-9.885314796043797
2020-03-17,2.6277450116733325
2020-03-18,-7.597828886008817
2020-03-19,3.8314501203644546
2020-03-20,-2.6186286127316105
2020-03-23,-5.259115197347319
2020-03-24,11.957070039408645
2020-03-25,4.5191001868590375
2020-03-26,1.7657086927008514
2020-03-27,-5.111732604524255
2020-03-30,2.7648809420725673
2020-03-31,2.609961304502062
2020-04-01,-3.7551904610043985
2020-04-02,1.7194200812806093
2020-04-03,-1.2177617796762852
2020-04-06,5.057854590662014
2020-04-07,0.15743313510203638
2020-04-08,2.288807889453981
2020-04-09,1.7298908542034308
2020-04-13,-0.6402328099255228
2020-04-14,1.296542281029156
2020-04-15,-2.1026256314636838
2020-04-16,-0.42482631744571453
2020-04-17,3.3138402107289133
2020-04-20,0.19776887923985687
2020-04-21,-3.1150323623815757
2020-04-22,2.497116919475917
2020-04-23,-0.2596589173608499
2020-04-24,1.1879839864330721
2020-04-27,1.5373998831137214
2020-04-28,1.0667882303743381
2020-04-29,2.904386384653157
2020-04-30,-2.9379858652031965
2020-05-01,-1.085201570327965
2020-05-04,0.8529250219104112
2020-05-05,0.45167588589352103
2020-05-06,0.1289569421347947
2020-05-07,0.020228309928005395
2020-05-08,0.8959289476842436
2020-05-11,0.912702881768368
2020-05-12,-1.469887157219174
2020-05-13,-2.54011769910244
2020-05-14,0.04481769480160214
2020-05-15,0.8904401439957965
2020-05-19,1.6845500877437969
2020-05-20,0.753079233986087
2020-05-21,-0.7514483763091828
2020-05-22,0.19280759693949268
2020-05-25,1.084921048492471
2020-05-26,0.4822373991155038
2020-05-27,0.8179269599489558
2020-05-28,-0.06089447804805692
2020-05-29,-0.4579818101024369
2020-06-01,0.2856642039843704
2020-06-02,1.0383179092197325
2020-06-03,1.1737983563169019
2020-06-04,-0.30304280507836845
2020-06-05,2.1007297222678245
2020-06-08,0.7619529599685704
2020-06-09,-0.883887798107108
2020-06-10,-0.8361936186223606
2020-06-11,-4.142328483329316
2020-06-12,1.3666904531381308
2020-06-15,0.6757769658852775
2020-06-16,1.0162933350915226
2020-06-17,-0.5613607449916014
2020-06-18,0.3311984076955765
2020-06-19,-0.03617365499328784
2020-06-22,0.2759444415449286
2020-06-23,0.30869189629805227
2020-06-24,-1.737249546769415
2020-06-25,0.9918611705953984
2020-06-26,-1.6644953475436153
2020-06-29,1.3213522635624475
2020-06-30,0.8154804733507826
2020-07-02,0.6909365909753884
2020-07-03,-0.1638710140399624
2020-07-06,0.46740608033637443
2020-07-07,-0.4735265792430221
2020-07-08,0.2160892264595482
2020-07-09,-0.38773952077006957
2020-07-10,0.9326477586658832
2020-07-13,-0.47346545703290666
2020-07-14,1.7206517043729663
2020-07-15,0.9730634861080611
2020-07-16,-0.24154317705119555
2020-07-17,0.6178039876439279
2020-07-20,0.3733692765993668
2020-07-21,-0.12790767910106915
2020-07-22,0.050112042164207615
2020-07-23,-0.9424183744075609
2020-07-24,-0.13484605913169911
2020-07-27,1.026437287520987
2020-07-28,-0.24750484480461354
2020-07-29,1.0755980766177453
2020-07-30,0.028227640397604503
2020-07-31,-0.7981914004525859
2020-08-04,1.2294968352555502
2020-08-05,0.8162243974523475
2020-08-06,0.46965143885790983
2020-08-07,-0.2086941401536313
2020-08-10,0.36870258998458194
2020-08-11,-0.6533979705519277
2020-08-12,0.474636486937019
2020-08-13,-0.2727019706703082
2020-08-14,-0.09376833997545297
2020-08-17,0.8568176240838055
2020-08-18,-0.18011419662208317
2020-08-19,-0.29290825806517207
2020-08-20,0.17735223818100554
2020-08-21,-0.535325206799453
2020-08-24,0.6580692229606555
2020-08-25,-0.054729226593441815
2020-08-26,1.038062283737018
2020-08-27,-0.34842167957117587
2020-08-28,-0.15359781699190167
2020-08-31,-1.1457121578979934
2020-09-01,0.7908225929240453
2020-09-02,0.318413938119555
2020-09-03,-1.4917930852497263
2020-09-04,-1.4037436250547208
2020-09-08,-0.7306696263411072
2020-09-09,1.7646486498027913
2020-09-10,-1.2103555348974004
2020-09-11,0.22983939600380587
2020-09-14,0.8482022461087979
2020-09-15,0.43521233718037955
2020-09-16,-0.8252577671284289
2020-09-17,-0.30069281720153107
2020-09-18,-0.29359928317174155
2020-09-21,-1.340824713331068
2020-09-22,1.0080253031967468
2020-09-23,-2.0182295211287338
2020-09-24,0.601881493216827
2020-09-25,0.9621524720920593
2020-09-28,1.104232759527246
2020-09-29,-0.19269956573907399
2020-09-30,-0.555775895968913
2020-10-01,0.39140278044140775
2020-10-02,0.09144431207328552
2020-10-05,1.301904505782847
2020-10-06,-1.0609231920601925
2020-10-07,1.1837890657188321
2020-10-08,0.6464406767570763
2020-10-09,0.17116200217726085
2020-10-13,-0.3139565625812968
2020-10-14,-0.3355403009157154
2020-10-15,0.27711029991697167
2020-10-16,-0.3769421171444187
2020-10-19,-1.0019050298538668
2020-10-20,-0.004914586408455435
2020-10-21,-0.2648486163979169
2020-10-22,0.30313979322762474
2020-10-23,0.15172069091822227
2020-10-26,-1.3769542960281655
2020-10-27,-0.36505398253683374
2020-10-28,-2.710838783469005
2020-10-29,0.5395698102549362
2020-10-30,-0.5749620936813749
2020-11-02,0.7464461199556238
2020-11-03,1.5436156098194598
2020-11-04,0.3732935107841673
2020-11-05,1.872027079348304
2020-11-06,-0.09449135757596538
2020-11-09,1.185917583301066
2020-11-10,0.8466912077192301
2020-11-11,0.9551332800836088
2020-11-12,-1.144027966292438
2020-11-13,0.5632569564077539
2020-11-16,1.2845185594080544
2020-11-17,0.34517179261059905
2020-11-18,-0.3439844552999394
2020-11-19,0.11841465899469217
2020-11-20,0.6463637835768754
2020-11-23,0.4430339580565379
2020-11-24,1.0518048568253002
2020-11-25,0.22460433343336472
2020-11-26,0.22064894638689214
2020-11-27,0.2610687734371453
2020-11-30,-1.1858571948383911
2020-12-01,0.6201148585559979
2020-12-02,0.35439198203526256
2020-12-03,0.2292909578259117
2020-12-04,0.706977813541787
2020-12-07,0.35043884838195094
2020-12-08,0.32191059307908887
2020-12-09,-0.4484359055218601
2020-12-10,0.19020831486511458
2020-12-11,-0.2523710085848063
2020-12-14,-0.9202855814617106
2020-12-15,0.6849765157488141
2020-12-16,0.34787302216319205
2020-12-17,0.4866969392103515
2020-12-18,-0.6701492595110659
2020-12-21,-0.19218698744614127
2020-12-22,0.2948397409463732
2020-12-23,0.23415245335423052
2020-12-24,0.1722261613470666
2020-12-29,-0.4567660859160383
2020-12-30,0.013682584741570025
2020-12-31,-0.6406113464203611
2021-01-04,0.5414915536257947
2021-01-05,0.882593433601131
2021-01-06,0.823410769828925
2021-01-07,1.119019998604287
2021-01-08,0.0804322278849634
2021-01-11,-0.5963807522661568
2021-01-12,0.28604522707631475
2021-01-13,-0.2841216975630778
2021-01-14,0.13047551196474494
2021-01-15,-0.27341205608063524
2021-01-18,0.20046005151042046
2021-01-19,0.06965767280897595
2021-01-20,0.3202022494860568
2021-01-21,-0.547886303753109
2021-01-22,-0.39237578945555684
2021-01-25,0.3367698354215465
2021-01-26,-0.7070233964872163
2021-01-27,-1.9966927579131988
2021-01-28,1.3360507271759747
2021-01-29,-1.8134202077189188
2021-02-01,2.0505277729711002
2021-02-02,1.028684470820962
2021-02-03,0.23161705572183333
2021-02-04,0.7038418757953524
2021-02-05,0.5204544431049785
2021-02-08,1.071909232174062
2021-02-09,0.4271551736079182
2021-02-10,0.2672727579448475
2021-02-11,-0.3510753096643393
2021-02-12,0.36535213804165245
2021-02-16,0.17497525821494886
2021-02-17,-0.6364700216303865
2021-02-18,-0.5480395301904806
2021-02-19,0.6030456998191269
2021-02-22,0.17622882635299764
2021-02-23,-0.47022329216753755
2021-02-24,0.8423325236379675
2021-02-25,-1.4119938326706105
2021-02-26,-0.8955426715504755
2021-03-01,1.3249991294355334
2021-03-02,0.6666812531652244
2021-03-03,-0.5477287139258546
2021-03-04,-1.0643698565851123
2021-03-05,1.408501697887088
2021-03-08,0.41782700206736134
2021-03-09,0.7660632985249105
2021-03-10,0.48819726151685394
2021-03-11,0.8271782203049804
2021-03-12,0.03556017115728949
2021-03-15,0.5490337308868609
2021-03-16,-0.42628135311202353
2021-03-17,0.5780418002278243
2021-03-18,-0.7722638156658079
2021-03-19,0.09290473283252165
2021-03-22,-0.20632433767370228
2021-03-23,-0.7722458617896555
2021-03-24,-0.22228410729309145
2021-03-25,0.12238812542659794
2021-03-26,0.5442038385178094
2021-03-29,-0.17811072235713876
2021-03-30,-0.07265059373574578
2021-03-31,-0.026197452780629682
2021-04-01,1.5486135524260813
2021-04-05,0.19220338013834493
2021-04-06,0.4062628763169318
2021-04-07,0.13086196424421104
2021-04-08,0.5217223146304795
2021-04-09,-0.004682486292550969
2021-04-12,-0.13885593275431152
2021-04-13,0.01249101572504685
2021-04-14,-0.16663456157840484
2021-04-15,0.7834525785179292
2021-04-16,0.1521609677651803
2021-04-19,-0.7591241141129634
2021-04-20,-0.8518860576082532
2021-04-21,0.5383176956555991
2021-04-22,-0.5835000617260611
2021-04-23,0.3714935860681612
2021-04-26,0.3575424180946696
2021-04-27,0.023473444188981674
2021-04-28,0.9486281392565354
2021-04-29,-0.5222896594255344
2021-04-30,-0.7665162697188643
2021-05-03,0.5489678998717329
2021-05-04,-0.13115576673669027
2021-05-05,0.6394580922972626
2021-05-06,-0.10201193922005913
2021-05-07,0.9418859507023924
2021-05-10,-0.5689957354156339
2021-05-11,-0.4539863797024868
2021-05-12,-0.8622974927363303
2021-05-13,0.14653701030562516
2021-05-14,1.2066306507864777
2021-05-17,0.557658270932615
2021-05-18,0.16637171265683204
2021-05-19,-0.4618811159999292
2021-05-20,0.6489158984395171
2021-05-21,-0.08033167246584982
2021-05-25,0.18844810420666214
2021-05-26,0.927210524618638
2021-05-27,0.1463644406320519
2021-05-28,0.39343204642445784
2021-05-31,-0.6105077700183981
2021-06-01,1.2417008767928728
2021-06-02,-0.0240327455446554
2021-06-03,-0.14920900742416698
2021-06-04,0.44028416462806863
2021-06-07,0.03046333721763439
2021-06-08,0.15272847515039878
2021-06-09,-0.31695367831445775
2021-06-10,0.2359689481034266
2021-06-11,0.4434045269208653
2021-06-14,0.09583098831416059
2021-06-15,0.3651287862830088
2021-06-16,-0.0014867123634410007
2021-06-17,-0.43003311749295614
2021-06-18,-0.7168407000843868
2021-06-21,0.7840196019549328
2021-06-22,0.21977549198519686
2021-06-23,-0.17969094897125615
2021-06-24,0.2514293396671974
2021-06-25,0.07519711586259081
2021-06-28,-0.4201618202275048
2021-06-29,0.12756929781816417
2021-06-30,-0.026773043602201785
2021-07-02,0.3000158744195014
2021-07-05,0.2739054572801658
2021-07-06,0.09121613292901731
2021-07-07,-0.0463073429803007
2021-07-08,-1.1305747244601316
2021-07-09,0.9810020782110573
2021-07-12,-0.1229163324365734
2021-07-13,0.185832176487577
2021-07-14,-0.6092537739683102
2021-07-15,0.18116662074811885
2021-07-16,-0.9819766763363158
2021-07-19,-1.2959395561782272
2021-07-20,1.0959836704433012
2021-07-21,0.839406886644567
2021-07-22,-0.06265314254896293
2021-07-23,0.4522970052245334
2021-07-26,-0.11591007792706165
2021-07-27,0.04165827237787578
2021-07-28,0.28255028352328626
2021-07-29,0.40236668110000817
2021-07-30,-0.11815791351279525
2021-08-03,0.38495847932014104
2021-08-04,-0.17775384923155446
2021-08-05,0.22529000924793596
2021-08-06,0.49029663382493816
2021-08-09,-0.1855885563898374
2021-08-10,0.28525559518686183
2021-08-11,0.2844537316232021
2021-08-12,-0.16250068417339447
2021-08-13,-0.012182879874800268
2021-08-16,-0.16911516861017883
2021-08-17,-0.584867643874365
2021-08-18,-0.30200947366735287
2021-08-19,-0.42704557862559556
2021-08-20,0.6114131156774949
2021-08-23,0.6799782744972616
2021-08-24,0.34428365707532826
2021-08-25,0.1922346844828393
2021-08-26,-0.40365448284354066
2021-08-27,0.6847396922314841
2021-08-30,-0.24025464437913424
2021-08-31,-0.058750227603787675
2021-09-01,0.5183876748419802
2021-09-02,0.5099180360754518
2021-09-03,0.12647586087128904
2021-09-07,-0.0710844658492027
2021-09-08,-0.31143401296482853
2021-09-09,-0.1759731490285743
2021-09-10,-0.34870863571507815
2021-09-13,0.16139495219065214
2021-09-14,-0.5472632255121956
2021-09-15,0.6835884975136208
2021-09-16,-0.4431335395771674
2021-09-17,-0.5421739573532203
2021-09-20,-1.6393061346848259
2021-09-21,0.4455619402614852
2021-09-22,0.7765109817751581
2021-09-23,0.29605857718795203
2021-09-24,-0.2893239178415885
2021-09-27,0.29751539844893315
2021-09-28,-1.4137473524807653
2021-09-29,-0.07930961138193915
2021-09-30,-0.435551117547639
2021-10-01,0.40158645479941857
2021-10-04,-0.48930622187419726
2021-10-05,0.6537883647625309
2021-10-06,0.04111709605114644
2021-10-07,1.1118430280079084
2021-10-08,0.0004974603691421109
2021-10-12,0.1018736368936235
2021-10-13,0.8876033981934928
2021-10-14,0.9767945807163558
2021-10-15,0.5196913372300438
2021-10-18,0.273798301420225
2021-10-19,0.48414425021114926
2021-10-20,0.4799128313653034
2021-10-21,0.11422005062886598
2021-10-22,0.017908525461729496
2021-10-25,0.3233452033169604
2021-10-26,-0.5229120178002589
2021-10-27,-1.031950315252561
2021-10-28,1.1572417084228181
2021-10-29,-0.756694849038797
2021-11-01,0.9977629736157123
2021-11-02,-0.3624041041088155
2021-11-03,0.4492187499999911
2021-11-04,0.36209564692588625
2021-11-05,0.5327553237782334
2021-11-08,0.46933330420368957
2021-11-09,0.1762809361445461
2021-11-10,-0.6140434340920153
2021-11-11,0.5595944776048967
2021-11-12,0.8641460476322971
2021-11-15,-0.39231178365528585
2021-11-16,0.1572635369910591
2021-11-17,-0.29561463291533085
2021-11-18,-0.07158361427977988
2021-11-19,-0.3812824956672456
2021-11-22,-0.622589741359314
2021-11-23,0.15405586531054283
2021-11-24,0.4409456876176332
2021-11-25,0.3007129390132812
2021-11-26,-2.2546353420101584
2021-11-29,0.1093426029086686
2021-11-30,-2.312166059860987
2021-12-01,-0.9457908549128757
2021-12-02,1.4532431432900283
2021-12-03,-0.619878714719202
2021-12-06,1.1040348344653061
2021-12-07,1.4457512548353924
2021-12-08,-0.40306213892330467
2021-12-09,-0.7206789632964616
2021-12-10,-0.16678402248452295
2021-12-13,-0.6802083809563375
2021-12-14,-0.48148247162445035
2021-12-15,0.5840570869525052
2021-12-16,-0.14154824743295435
2021-12-17,-0.0029005220751443517
2021-12-20,-0.9691791755309431
2021-12-21,1.8828387423663218
2021-12-22,0.693906379669329
2021-12-23,0.7062177398714953
2021-12-24,0.05089249643572824
2021-12-29,0.5416939675642274
2021-12-30,-0.2347168674599609
2021-12-31,-0.3371691858126802
2022-01-04,0.06454953279353415
2022-01-05,-0.9267100569773756
2022-01-06,0.15446988886151924
2022-01-07,0.058374454048704116
2022-01-10,-0.05785870544713356
2022-01-11,0.960977171416344
2022-01-12,0.5649839920284228
2022-01-13,-0.476746903482117
2022-01-14,0.30338425480205267
2022-01-17,0.8423249518453968
2022-01-18,-1.2206634503772462
2022-01-19,-0.326212440653495
2022-01-20,-0.6932262153426016
2022-01-21,-2.0742458725344304
2022-01-24,-0.24294959811641537
2022-01-25,0.09576068601337973
2022-01-26,0.023798701495802987
2022-01-27,-0.2515101562327371
2022-01-28,0.9623258046547845
2022-01-31,1.7187514418818717
2022-02-01,1.0503196995462982
2022-02-02,0.19934427094550067
2022-02-03,-1.256414942689632
2022-02-04,0.8433696341376695
2022-02-07,-0.17111959889132278
2022-02-08,0.6672751701160884
2022-02-09,1.0618790500904307
2022-02-10,-0.33558290805372204
2022-02-11,0.07942504828002406
2022-02-14,-0.9109591909207571
2022-02-15,0.7029603530031681
2022-02-16,-0.5534214567624485
2022-02-17,-0.9694290573702857
2022-02-18,-0.7938192993973803
2022-02-22,-0.4779012063556243
2022-02-23,-0.7824905364830048
2022-02-24,0.08533070709715318
2022-02-25,1.657360852816625
2022-02-28,0.09665683040367412
2022-03-01,-0.5770050191754139
2022-03-02,1.1954562563974314
2022-03-03,-0.024460466162090633
2022-03-04,0.7152806403923462
2022-03-07,-0.4578925644383669
2022-03-08,-0.33983772975304527
2022-03-09,1.230214858468348
2022-03-10,0.411758152424313
2022-03-11,-0.5555560583284991
2022-03-14,-1.3093029930903777
2022-03-15,0.03304879769321367
2022-03-16,1.3262348598664708
2022-03-17,1.4085483422255463
2022-03-18,0.21726309504008778
2022-03-21,0.8735688034237077
2022-03-22,0.2966990127219127
2022-03-23,-0.6441904167661661
2022-03-24,0.025994528948669604
2022-03-25,0.309965852653149
2022-03-28,-0.12769125042013663
2022-03-29,0.49776790038669194
2022-03-30,-0.05070456710732918
2022-03-31,-0.8416415168055802
2022-04-01,0.2868899484304688
2022-04-04,0.6040158947524299
2022-04-05,-0.7009038960359093
2022-04-06,-0.648408479441287
2022-04-07,0.21250003249442262
2022-04-08,0.18090304646849464
2022-04-11,-0.383555156377946
2022-04-12,-0.34464380980243625
2022-04-13,0.5645744824853915
2022-04-14,0.08104780085171903
2022-04-18,0.10386843105676391
2022-04-19,0.6417306024126157
2022-04-20,-0.09264987147878934
2022-04-21,-1.581933203417396
2022-04-22,-2.143147432048975
2022-04-25,-0.8236415662059127
2022-04-26,-1.528179761970827
2022-04-27,0.2580781578467972
2022-04-28,1.816895348191272
2022-04-29,-1.7001937210485374
2022-05-02,-0.3361948812734772
2022-05-03,1.0298642510018885
2022-05-04,1.3379344391010184
2022-05-05,-2.307296583667684
2022-05-06,-0.30391298825059865
2022-05-09,-3.070771706462838
2022-05-10,-0.5480062883758241
2022-05-11,-0.2654528089950481
2022-05-12,-0.6966732692061939
2022-05-13,2.034109070062784
2022-05-16,0.53035157181478
2022-05-17,1.4084626844623083
2022-05-18,-1.901320625518521
2022-05-19,0.4004696112492878
2022-05-20,0.07778860486939987
2022-05-24,0.4386640545833709
2022-05-25,0.4811229617117663
2022-05-26,0.7280214278610142
2022-05-27,1.053956219299601
2022-05-30,0.8231918513325942
2022-05-31,-0.9087239874245756
2022-06-01,-0.0752633321530638
2022-06-02,1.5357061968537922
2022-06-03,-1.146366709192792
2022-06-06,0.13660142127103203
2022-06-07,0.5240361563276785
2022-06-08,-0.6488796609090741
2022-06-09,-1.0989592144590832
2022-06-10,-1.4058598022911983
2022-06-13,-2.6249390936910033
2022-06-14,-0.9831512223082761
2022-06-15,0.32278491636186235
2022-06-16,-3.0976565507160103
2022-06-17,-0.3872828015418994
2022-06-20,1.3369937897836914
2022-06-21,0.3841884389569117
2022-06-22,-1.3153493530963956
2022-06-23,-1.5096842276626
2022-06-24,1.8475126406700015
2022-06-27,1.0250296996835662
2022-06-28,-0.1848634669506355
2022-06-29,-0.7496325450197072
2022-06-30,-1.1384442422245233
2022-07-04,0.8880570717498593
2022-07-05,-1.0231866680584623
2022-07-06,-0.5548417471126998
2022-07-07,1.780594531203894
2022-07-08,-0.21139593445240745
2022-07-11,-1.0834289469158542
2022-07-12,-0.7344562632172313
2022-07-13,-0.33942796543043885
2022-07-14,-1.536914034671344
2022-07-15,0.35681180210045405
2022-07-18,1.0932594491559922
2022-07-19,1.839680443552516
2022-07-20,0.43827921777226386
2022-07-21,0.2218697188240082
2022-07-22,-0.4196633164979646
2022-07-25,0.6405744479123676
2022-07-26,-0.689893905886052
2022-07-27,1.4858212180289376
2022-07-28,1.0496173043068602
2022-07-29,1.2139837760732686
2022-08-02,-0.9526255942690298
2022-08-03,0.20814654349770034
2022-08-04,0.1591106511006135
2022-08-05,0.22015431054298595
2022-08-08,0.2502515805349992
2022-08-09,-0.4621359338988773
2022-08-10,1.5711251594907827
2022-08-11,0.5330409884280352
2022-08-12,0.9398825872157346
2022-08-15,0.003958553078198257
2022-08-16,0.443001656816322
2022-08-17,-0.4370972342131241
2022-08-18,0.4162248326385676
2022-08-19,-0.7599159011496326
2022-08-22,-0.6787195190228079
2022-08-23,0.052565969264750656
2022-08-24,0.18013149247131377
2022-08-25,0.7536954842362498
2022-08-26,-1.482230526117867
2022-08-29,-0.18719171155552328
2022-08-30,-1.629348637658834
2022-08-31,-0.9332267665471683
2022-09-01,-0.973066582334503
2022-09-02,0.6697131392495947
2022-09-06,-0.9480676469267646
2022-09-07,0.8025962539436993
2022-09-08,0.8918249498025554
2022-09-09,1.8559768260959064
2022-09-12,1.0817538248486525
2022-09-13,-1.710088664170406
2022-09-14,0.41077920095999865
2022-09-15,-0.8410197348195148
2022-09-16,-0.8910892275469262
2022-09-19,0.9104555189263008
2022-09-20,-0.9901707766283518
2022-09-21,-0.9510149167461068
2022-09-22,-0.947644094190625
2022-09-23,-2.74539533960122
2022-09-26,-0.8332882419782472
2022-09-27,-0.10421568928357106
2022-09-28,1.8625838721223253
2022-09-29,-1.110519146099953
2022-09-30,0.013005440891866726
2022-10-03,2.369308609265919
2022-10-04,2.5941190258911284
2022-10-05,-0.7015662104434495
2022-10-06,-1.3314181604247022
2022-10-07,-2.085991836371781
2022-10-11,-1.9716860928849278
2022-10-12,-0.05708189708318878
2022-10-13,2.2371311614518774
2022-10-14,-1.5429536724608006
2022-10-17,1.6075148588683197
2022-10-18,0.9516095738682173
2022-10-19,-0.6585674866213753
2022-10-20,-0.5092512069235777
2022-10-21,1.5161992481131925
2022-10-24,0.3043337608027219
2022-10-25,0.9440523812124457
2022-10-26,0.9572225022254743
2022-10-27,0.3749977966334139
2022-10-28,0.6154350782552998
2022-10-31,-0.23162214544839577
2022-11-01,0.4715285683534409
2022-11-02,-1.2332356188723748
2022-11-03,-0.18571759739586247
2022-11-04,1.0841401314358956
2022-11-07,0.49409045601969126
2022-11-08,0.5852909732409817
2022-11-09,-1.607299926465866
2022-11-10,3.339999810183114
2022-11-11,0.6057888136737466
2022-11-14,-0.9432375444397456
2022-11-15,0.3664327376905918
2022-11-16,-0.18405175251613448
2022-11-17,-0.3677742791111327
2022-11-18,0.48429831699803305
2022-11-21,-0.019022071957197628
2022-11-22,1.215894175704113
2022-11-23,0.30811464515332343
2022-11-24,0.3046933816410524
2022-11-25,0.1951483360645101
2022-11-28,-0.801130186673582
2022-11-29,0.28139952337973284
2022-11-30,0.8674701255409811
2022-12-01,0.3529954383509004
2022-12-02,-0.19390894862487684
2022-12-05,-1.1881382954076813
2022-12-06,-1.2454195065291995
2022-12-07,-0.08504167374207006
2022-12-08,-0.020026836743536336
2022-12-09,-0.11066848065820478
2022-12-12,0.36396073011475405
2022-12-13,0.018985206563137957
2022-12-14,-0.6582304854296228
2022-12-15,-1.4634225370782183
2022-12-16,-0.8025204904943961
2022-12-19,-1.2472162146144106
2022-12-20,0.5525790855483992
2022-12-21,1.3684186140945132
2022-12-22,-1.131261886373236
2022-12-23,0.811382121370996
2022-12-28,-1.1411444185341013
2022-12-29,1.0464620352401255
2022-12-30,-0.5183234953237914
2023-01-03,0.30384675411323503
2023-01-04,0.7457389716717611
2023-01-05,-0.4186065339869538
2023-01-06,1.5773945825384272
2023-01-09,0.21499209858941715
2023-01-10,0.210507989949682
2023-01-11,0.6342019723333925
2023-01-12,0.9293317536751555
2023-01-13,0.7367221955185244
2023-01-16,0.14833508899481096
2023-01-17,0.32956462717701474
2023-01-18,-0.39741308199926495
2023-01-19,-0.17078174271567548
2023-01-20,0.7954163676930026
2023-01-23,0.6262456373519409
2023-01-24,-0.009693867842852644
2023-01-25,-0.14542211467044597
2023-01-26,0.48981724178309705
2023-01-27,0.06763121663728722
2023-01-30,-0.6874430501580986
2023-01-31,0.9493478301116021
2023-02-01,-0.07849216051787344
2023-02-02,-0.05155976768174142
2023-02-03,0.08630687107222812
2023-02-06,-0.6233669701032674
2023-02-07,0.46584940328993074
2023-02-08,-0.21954161640530545
2023-02-09,-0.39507347252109026
2023-02-10,0.06941919808263197
2023-02-13,0.43711999787745537
2023-02-14,0.01256659967625584
2023-02-15,0.07534295808886426
2023-02-16,-0.5501824185384918
2023-02-17,-0.44258662428248163
2023-02-21,-1.2800246615933153
2023-02-22,-0.2927961312065408
2023-02-23,-0.025263638447547976
2023-02-24,0.15355505294998295
2023-02-27,0.20228491832194884
2023-02-28,-0.19200493272500951
2023-03-01,0.19089650461583396
2023-03-02,0.3820296079694474
2023-03-03,1.201740652664074
2023-03-06,-0.3245560568313266
2023-03-07,-1.1664786989728615
2023-03-08,0.3501763211757991
2023-03-09,-1.276881926867024
2023-03-10,-1.5522651319135106
2023-03-13,-0.9405862802129739
2023-03-14,0.5375433333429713
2023-03-15,-1.6014788618555431
2023-03-16,0.8266725096064853
2023-03-17,-0.7743527368340275
2023-03-20,0.6793027392731021
2023-03-21,0.6941811597096059
2023-03-22,-0.6212171364309738
2023-03-23,-0.37322036630291766
2023-03-24,0.2137709265718657
2023-03-27,0.6317422698254083
2023-03-28,0.16714030051814266
2023-03-29,0.9166944868370885
2023-03-30,0.5207296476819501
2023-03-31,0.7968526684970723
2023-04-03,0.887568530977445
2023-04-04,-0.012328449148513165
2023-04-05,-0.5731027500647801
2023-04-06,0.1840294950984367
2023-04-10,0.3916558921002622
2023-04-11,0.7205614759743906
2023-04-12,0.15865512026429496
2023-04-13,0.5387581806317154
2023-04-14,0.07488823275547674
2023-04-17,0.3017488335526064
2023-04-18,0.20685601564771616
2023-04-19,-0.01884696247584916
2023-04-20,-0.2422612307422023
2023-04-21,0.3029465910840079
2023-04-24,-0.07973634151769993
2023-04-25,-1.1452448266513815
2023-04-26,-0.3581288092214696
2023-04-27,0.7654671429598858
2023-04-28,0.554999818702151
2023-05-01,-0.10370164817192773
2023-05-02,-1.0065437661316734
2023-05-03,-0.2592190734705402
2023-05-04,-0.5723494056482314
2023-05-05,1.50112555947437
2023-05-08,0.21029704386135162
2023-05-09,0.002428929614373132
2023-05-10,-0.4197012527089927
2023-05-11,-0.39855589586611506
2023-05-12,0.009795470761808645
2023-05-15,0.5896314958581339
2023-05-16,-1.4503427002190872
2023-05-17,0.26825666456482544
2023-05-18,0.0034450382163431215
2023-05-19,0.2660478641739461
2023-05-23,-1.0078060316726978
2023-05-24,-1.0835936724411743
2023-05-25,-0.7707844628168536
2023-05-26,0.7393569101153075
2023-05-29,0.23945029381733374
2023-05-30,-1.1433332394330975
2023-05-31,-0.8485438311081173
2023-06-01,0.5114476987547967
2023-06-02,1.7908369338312635
2023-06-05,-0.4644287616939913
2023-06-06,0.6221276888467964
2023-06-07,-0.3585053153503881
2023-06-08,-0.2051672192980747
2023-06-09,-0.2537249788505336
2023-06-12,0.14679783657043366
2023-06-13,0.3468629389905997
2023-06-14,0.12355539792781034
2023-06-15,0.06145750703252517
2023-06-16,-0.2596442822621281
2023-06-19,-0.20625955459865342
2023-06-20,-0.9034705001121801
2023-06-21,-0.24349178310396624
2023-06-22,-0.6348300485892633
2023-06-23,-0.8309177240536814
2023-06-26,0.8708405995583535
2023-06-27,0.7443538533117744
2023-06-28,0.4348064062335011
2023-06-29,0.47580252317938054
2023-06-30,1.2157843641319
2023-07-04,0.24608717038419048
2023-07-05,-0.49987873262103966
2023-07-06,-1.4584292907247387
2023-07-07,0.10247382500656599
2023-07-10,-0.04286218546719622
2023-07-11,0.28300975848152277
2023-07-12,0.9668748083459411
2023-07-13,1.0303466731541144
2023-07-14,-0.0764390277872673
2023-07-17,-0.1742111074642394
2023-07-18,0.7405957558244358
2023-07-19,0.5624079167864338
2023-07-20,-0.2649860925431624
2023-07-21,0.5411760455892534
2023-07-24,0.1683884140406322
2023-07-25,-0.14867098088021669
2023-07-26,0.049142930564682885
2023-07-27,-0.856448976346702
2023-07-28,0.6568413363665426
2023-07-31,0.5224286124801969
2023-08-01,-0.45426401115292725
2023-08-02,-1.5326678934199034
2023-08-03,-0.4822387935992878
2023-08-04,0.5730455984479521
2023-08-08,-0.1482506424194452
2023-08-09,0.3429713018410441
2023-08-10,0.33340866359681254
2023-08-11,0.31804323625266306
2023-08-14,-0.573803933909045
2023-08-15,-1.9255278024198463
2023-08-16,-0.003523512032643783
2023-08-17,-0.4367051390810617
2023-08-18,0.03129976539471002
2023-08-21,-0.16903483298201794
2023-08-22,-0.4735994117989084
2023-08-23,0.9577962236063886
2023-08-24,-0.5231440754581929
2023-08-25,0.30340111464355335
2023-08-28,0.9543291456321601
2023-08-29,1.3248412563490852
2023-08-30,0.1966466400704192
2023-08-31,-0.18544325674596518
2023-09-01,1.2457781955802716
2023-09-05,-0.6405307605251154
2023-09-06,-0.9150710504707948
2023-09-07,-0.46917679648489363
2023-09-08,-0.28511874935424064
2023-09-11,0.5384965489247939
2023-09-12,0.19966915673288455
2023-09-13,0.27592595758234584
2023-09-14,1.4246353848582416
2023-09-15,0.2649772845412013
2023-09-18,-0.6279609698920829
2023-09-19,-1.3365688445847068
2023-09-20,-0.020778438954816014
2023-09-21,-2.0930294574086794
2023-09-22,-0.0586087512072786
2023-09-25,0.10414362676947064
2023-09-26,-1.2343080282744778
2023-09-27,-0.6146348654229139
2023-09-28,0.7959416482300918
2023-09-29,-0.25215249822589936
2023-10-02,-1.8632411760907797
2023-10-03,-0.8150242709695776
2023-10-04,0.07307956163764562
2023-10-05,0.5411141476272086
2023-10-06,0.56588962003985
2023-10-10,1.325461337894862
2023-10-11,0.8338028891252014
2023-10-12,-0.831993592286584
2023-10-13,-0.1912740875443797
2023-10-16,0.8112891062272531
2023-10-17,0.36695749986312975
2023-10-18,-1.2293912135165175
2023-10-19,-0.5238805883223563
2023-10-20,-1.20524871030242
2023-10-23,-0.36044064550927457
2023-10-24,-0.31606116135197704
2023-10-25,-0.2033002890211466
2023-10-26,-0.3831538475414398
2023-10-27,-0.7305864538168616
2023-10-30,0.6372302888117742
2023-10-31,0.08855806954595202
2023-11-01,1.088828251251761
2023-11-02,2.868603077991505
2023-11-03,1.011905460884055
2023-11-06,-0.4085770843938463
2023-11-07,-0.8524191163865158
2023-11-08,-0.2319233716001068
2023-11-09,0.2928857572537469
2023-11-10,0.34256515942316934
2023-11-13,0.27830379175253217
2023-11-14,1.595701563058971
2023-11-15,0.17080346394224843
2023-11-16,-0.023934615071896648
2023-11-17,0.6118813264041956
2023-11-20,0.35041592408913136
2023-11-21,-0.674190600844593
2023-11-22,0.01989060169069745
2023-11-23,0.013419602018505117
2023-11-24,-0.0676035826112309
2023-11-27,-0.3501966959969183
2023-11-28,0.02047433775753671
2023-11-29,0.396263048012635
2023-11-30,0.5970390390052094
2023-12-01,1.0703517985643396
2023-12-04,-0.20877807577145413
2023-12-05,-0.16804749310576073
2023-12-06,-0.4991247990287273
2023-12-07,0.021213075809289883
2023-12-08,0.2613605542816311
2023-12-11,-0.06443011767454099
2023-12-12,-0.4163694373009563
2023-12-13,1.95563464831916
2023-12-14,0.7237246721927271
2023-12-15,-1.201231799311686
2023-12-18,0.45544884144630426
2023-12-19,1.0517555840983128
2023-12-20,-1.1458897128598045
2023-12-21,0.8004467362748624
2023-12-22,0.5562056869999887
2023-12-27,0.6450835053287918
2023-12-28,-0.4115931194581979
2023-12-29,0.1385610646208013
2024-01-02,-0.41177179384646045
2024-01-03,-0.25632303889527863
2024-01-04,0.2536231170237935
2024-01-05,0.3171766987889013
2024-01-08,0.6557618056108216
2024-01-09,-0.49300536989118626
2024-01-10,0.08774207536597078
2024-01-11,-0.3382659755812423
2024-01-12,0.3432328800684781
2024-01-15,0.34159357482872466
2024-01-16,-0.5403158268693309
2024-01-17,-1.2082222926882102
2024-01-18,0.29813587219134075
2024-01-19,0.7216984727257625
2024-01-22,0.08514472173726251
2024-01-23,0.5271326830851075
2024-01-24,-0.04183026198929518
2024-01-25,0.36003013410792484
2024-01-26,0.11279189275643642
2024-01-29,0.35407225156003364
2024-01-30,0.13113514446745356
2024-01-31,-0.9704209846913447
2024-02-01,0.46284506308664763
2024-02-02,-0.16146260576360705
2024-02-05,-1.0111368819676114
2024-02-06,0.41107338823607176
2024-02-07,0.05487243556636656
2024-02-08,-0.2365355436684924
2024-02-09,0.4302185590572494
2024-02-12,0.27464193962674077
2024-02-13,-2.289333532842752
2024-02-14,1.4787485578090953
2024-02-15,1.5955404266873252
2024-02-16,0.15502453427758134
2024-02-20,-0.1792450463650841
2024-02-21,-0.21255854542241437
2024-02-22,0.6881563547915581
2024-02-23,0.4460979689445699
2024-02-26,-0.4151571962313749
2024-02-27,-0.02532505370468341
2024-02-28,-0.3522677436403998
2024-02-29,0.5639237034774647
2024-03-01,0.8837498581800274
2024-03-04,-0.09883252382071328
2024-03-05,-0.024147483613590204
2024-03-06,0.31636125848031327
2024-03-07,0.9289599396823167
2024-03-08,-0.2619897148761541
2024-03-11,0.14582734330075287
2024-03-12,0.28389092602345567
2024-03-13,0.637165541546425
2024-03-14,-0.6381364729460492
2024-03-15,0.08840547954716005
2024-03-18,-0.05492192130182039
2024-03-19,0.1071583878069271
2024-03-20,0.8467270462957366
2024-03-21,0.18870602418732396
2024-03-22,-0.4672421175275887
2024-03-25,-0.19013209031847333
2024-03-26,-0.13581429562512515
2024-03-27,0.8880757986309273
2024-03-28,0.27095544726996046
2024-04-01,0.08255867392972238
2024-04-02,-0.49673057382272345
2024-04-03,0.16942342859969095
2024-04-04,-0.2745018371961505
2024-04-05,0.9640918285266142
2024-04-08,-0.018413293432895106
2024-04-09,0.45596868163386706
2024-04-10,-0.7275852846852171
2024-04-11,-0.4009171613537643
2024-04-12,-0.9502427084766008
2024-04-15,-0.7296839326484061
2024-04-16,-0.44755260587071577
2024-04-17,0.060986367408122355
2024-04-18,0.24150600612937723
2024-04-19,0.4560446565319287
2024-04-22,0.2962279236307763
2024-04-23,0.6387125948701611
2024-04-24,-0.6269393318006466
2024-04-25,0.05349425242608952
2024-04-26,0.3828983095091054
2024-04-29,0.19299925410487528
2024-04-30,-1.3497411121746072
2024-05-01,0.0649317708213415
2024-05-02,0.4353691037418894
2024-05-03,0.5691244928392125
2024-05-06,1.4220345180758542
2024-05-07,0.13971387216693554
2024-05-08,-0.140868308503439
2024-05-09,0.5238353875811619
2024-05-10,-0.29898545879555316
2024-05-13,-0.22278629159098173
2024-05-14,-0.07142412152278954
2024-05-15,0.1865730289228651
2024-05-16,0.06731045140246916
2024-05-17,0.7426057793047169
2024-05-21,0.012458394136460882
2024-05-22,-0.5403122712152708
2024-05-23,-0.6533373677475196
2024-05-24,0.5409697179771689
2024-05-27,0.23520556555169936
2024-05-28,-0.48406044391616776
2024-05-29,-1.648766975290905
2024-05-30,0.7932195577221579
2024-05-31,0.8943597349193144
2024-06-03,-0.6843581163957002
2024-06-04,-0.6262236449939285
2024-06-05,0.7589374342721333
2024-06-06,0.3797679357642858
2024-06-07,-0.9991390262218736
2024-06-10,0.28536729790520354
2024-06-11,-0.8269218277450308
2024-06-12,0.33946089957628267
2024-06-13,-1.199821527970657
2024-06-14,-0.27191321388583267
2024-06-17,-0.2366051253251733
2024-06-18,0.10839586157791459
2024-06-19,-0.4368103131806911
2024-06-20,0.2997643658196436
2024-06-21,-0.12279091958977695
2024-06-24,1.3625635629368915
2024-06-25,-0.2750730502160459
2024-06-26,0.024785508984104254
2024-06-27,0.6804602456051967
2024-06-28,-0.30260611909521673
2024-07-02,0.3565583759880253
2024-07-03,1.229392760685477
2024-07-04,0.09134744423138219
2024-07-05,-0.831684948750222
2024-07-08,0.30418246237362556
2024-07-09,-0.37783256358286943
2024-07-10,1.3959361177271257
2024-07-11,0.8675555359807907
2024-07-12,0.573987841018897
2024-07-15,0.34489257834036113
2024-07-16,1.071133938313329
2024-07-17,-0.6270870236022907
2024-07-18,-0.5443847226972998
2024-07-19,-0.1601650446772518
2024-07-22,0.8034182957843194
2024-07-23,-0.257505408245462
2024-07-24,-0.7635780357044708
2024-07-25,-0.13957671478392886
2024-07-26,0.9147239085721903
2024-07-29,-0.1542909456563324
2024-07-30,0.1979824498602678
2024-07-31,1.253473527769322
2024-08-01,-1.6771446656857703
2024-08-02,-2.1810291966549156
2024-08-06,-1.1166262804433336
2024-08-07,-0.44769369899176903
2024-08-08,1.5748805327681525
2024-08-09,0.3855966695218038
2024-08-12,0.3926243935029383
2024-08-13,0.9790606873576024
2024-08-14,0.6269322322196569
2024-08-15,1.198151224736388
2024-08-16,0.09508390839043646
2024-08-19,0.26806269593537824
2024-08-20,-0.3417487094229399
2024-08-21,0.36592161743780327
2024-08-22,-0.36415670817878665
2024-08-23,1.079108450895272
2024-08-26,0.270119907069688
2024-08-27,-0.38117264122660144
2024-08-28,-0.5717970765262259
2024-08-29,0.43455701128551905
2024-08-30,0.5110288182111677
2024-09-03,-1.3008507976154493
2024-09-04,-0.007374281219485468
2024-09-05,-0.22785666391735848
2024-09-06,-0.9000247238532544
2024-09-09,1.078945209295168
2024-09-10,-0.10465714543076432
2024-09-11,0.9046589933914273
2024-09-12,1.136952848226036
2024-09-13,0.39871868887670914
2024-09-16,0.5660065894466992
2024-09-17,-0.10294611459378267
2024-09-18,-0.3594082710013047
2024-09-19,1.1601145122059453
2024-09-20,0.004607372483400596
2024-09-23,0.11437704851895436
2024-09-24,0.24063914541716525
2024-09-25,-0.19329677288570934
2024-09-26,0.5350159941064581
2024-09-27,-0.32038211808792516
2024-09-30,0.18199261985398785
2024-10-01,0.1399960368499764
2024-10-02,-0.1348106458558762
2024-10-03,-0.1379058475838857
2024-10-04,0.8106505674113862
2024-10-07,-0.2487359103942821
2024-10-08,-0.12529392860077815
2024-10-09,0.6330891707342357
2024-10-10,0.3195075702146388
2024-10-11,0.6949894951111313
2024-10-15,-0.13117301317381314
2024-10-16,0.49960764237060307
2024-10-17,0.5264432737929647
2024-10-18,0.5346185779955936
2024-10-21,-0.3996342783764706
2024-10-22,-0.13591050320224118
2024-10-23,-0.4702350091281393
2024-10-24,-0.08952697345816496
2024-10-25,-0.35802306987539056
2024-10-28,0.4169443022003172
2024-10-29,-0.012617631386746542
2024-10-30,-0.22309864996571394
2024-10-31,-1.431790611312056
2024-11-01,0.40691821606031464
2024-11-04,0.0037121551419883048
2024-11-05,0.5433717018504369
2024-11-06,1.0234567362385594
2024-11-07,0.8458666286149219
2024-11-08,-0.3481459662964759
2024-11-11,0.12076379134093873
2024-11-12,0.5393424361978205
2024-11-13,0.26481563214701964
2024-11-14,0.24290375265116904
2024-11-15,-0.6347381603727498
2024-11-18,0.34631880413413807
2024-11-19,0.13572697210149087
2024-11-20,0.10275248271645054
2024-11-21,1.414731367203892
2024-11-22,0.21110707522546956
2024-11-25,-0.1332337285133045
2024-11-26,-0.020860675819789343
2024-11-27,0.32749791638013726
2024-11-28,0.21656688385678358
2024-11-29,0.4091060348033748
2024-12-02,-0.22496576243761224
2024-12-03,0.17740486088098084
2024-12-04,0.02145445674435198
2024-12-05,0.1513220224958367
2024-12-06,0.04595319801401487
2024-12-09,-0.2584497334007785
2024-12-10,-0.4725764574562641
2024-12-11,0.6014610587276925
2024-12-12,-0.9626740024276992
2024-12-13,-0.5367756169391669
2024-12-16,-0.5028885412105666
2024-12-17,-0.10935611461452277
2024-12-18,-2.240071482742856
2024-12-19,-0.582724312314209
2024-12-20,0.7602210478677485
2024-12-23,0.6077359295920681
2024-12-24,0.3951706382075981
2024-12-27,-0.2028445877951146
2024-12-30,-0.7089770227958869
2024-12-31,0.4358170919978033
2025-01-02,0.6878853711311805
2025-01-03,0.7048758936460731
2025-01-06,-0.29393271282429634
2025-01-07,-0.27960379059270846
2025-01-08,0.48856524180418415
2025-01-09,0.08662554857259419
2025-01-10,-1.2192250237797908
2025-01-13,-0.9342750630822572
2025-01-14,0.2131487895883799
2025-01-15,0.8162366912448205
2025-01-16,0.2295282065520654
2025-01-17,0.8922941087411651
2025-01-20,0.25092005969724607
2025-01-21,0.6000558017932756
2025-01-22,0.11826937807333238
2025-01-23,0.4843632711415857
2025-01-24,0.13525303098333996
2025-01-27,-0.7040099780120546
2025-01-28,0.5152428122492392
2025-01-29,0.2116516109679667
2025-01-30,1.31510243951809
2025-01-31,-1.0663281329816865
2025-02-03,-1.1408674723457524
2025-02-04,0.1489577138368503
2025-02-05,1.1487629696023127
2025-02-06,-0.13805653611460578
2025-02-07,-0.3587288154261903
2025-02-10,0.848959814658512
2025-02-11,-0.10561485084100708
2025-02-12,-0.26803099969961997
2025-02-13,0.5296712554190508
2025-02-14,-0.8377951290931329
2025-02-18,0.6498460459319233
2025-02-19,-0.08811937327113384
2025-02-20,-0.4374414185189801
2025-02-21,-1.4388107556031926
2025-02-24,0.017102561935811167
2025-02-25,0.20952880015370212
2025-02-26,0.4935739986708487
2025-02-27,-0.7904216957542287
2025-02-28,1.0557890716340612
2025-03-03,-1.5433098652214094
2025-03-04,-1.7182884938846454
2025-03-05,1.216021411566004
2025-03-06,-1.153162633453353
2025-03-07,0.7110347431256159
2025-03-10,-1.527140049474196
2025-03-11,-0.5434626743522575
2025-03-12,0.7221219230358455
2025-03-13,-0.9011949878166114
2025-03-14,1.4469209987897136
2025-03-17,0.9436543006827947
2025-03-18,-0.31873989310140516
2025-03-19,1.4696759711808838
2025-03-20,-0.03590062818308315
2025-03-21,-0.3659157612816988
2025-03-24,1.3440919934117002
2025-03-25,0.1398998232361004
2025-03-26,-0.7040406899307405
2025-03-27,0.0
2025-03-28,-1.5973085312823598
2025-03-31,0.639361474704403
2025-04-01,0.4647367562957694
2025-04-02,1.0941363262217063
2025-04-03,-3.8384272755884186
2025-04-04,-4.693910800461964
2025-04-07,-1.4400586371181578
2025-04-08,-1.5424642243924813
2025-04-09,5.4210023957062425
2025-04-10,-3.001220589939735
2025-04-11,2.489258614642398
2025-04-14,1.181539649815666
2025-04-15,0.8438622781932859
2025-04-16,0.16162768664338412
2025-04-17,0.3567458028976178
2025-04-21,-0.7601451038588558
2025-04-22,1.2374561289404618
2025-04-23,0.6858356732905468
2025-04-24,1.0411633754513705
2025-04-25,-0.06874936811243071
2025-04-28,0.3565270203961912
2025-04-29,0.30606724500807925
2025-04-30,-0.13186508774045702
2025-05-01,-0.18557349466740147
2025-05-02,0.9513800607419354
2025-05-05,-0.31160737470786737
2025-05-06,0.08495489109743293
2025-05-07,0.746755740145133
2025-05-08,0.36922083807424677
2025-05-09,0.41022887759791793
2025-05-12,0.688153915284917
2025-05-13,0.33174256220278586
2025-05-14,0.29511614684916143
2025-05-15,0.7978982193246997
2025-05-16,0.2872879259581129
2025-05-20,0.32226836500657274
2025-05-21,-0.8305331440046304
2025-05-22,0.0572803403259492
2025-05-23,0.10056470952271024
2025-05-26,0.8438964089064971
2025-05-27,0.653678412552372
2025-05-28,0.055198142296997155
2025-05-29,-0.27736180731257054
2025-05-30,-0.13544138832788377
2025-06-02,0.8171903596057017
2025-06-03,0.14248213033840607
2025-06-04,-0.3693233742428803
2025-06-05,0.05051760891032764
2025-06-06,0.32950359517107675
2025-06-09,-0.2016672111905482
2025-06-10,0.19146338122140172
2025-06-11,0.37045834871243244
2025-06-12,0.34535090671181656
2025-06-13,-0.4185498363944662
2025-06-16,0.2422209814363807
2025-06-17,-0.10237355054424357
2025-06-18,0.0697024261256951
2025-06-19,-0.2131017381186373
2025-06-20,-0.02151117674759062
2025-06-23,0.42192795912896486
2025-06-24,0.4103783518116133
2025-06-25,-0.5700105183340631
2025-06-26,0.6990029220818927
2025-06-27,-0.22315796482506034
2025-06-30,0.6174021096029492
2025-07-02,0.046913514706559134
2025-07-03,0.612591756833436
2025-07-04,0.06140202962643393
2025-07-07,-0.11311863536196398
2025-07-08,-0.43190182381678266
2025-07-09,0.2553605200512177
2025-07-10,0.40782579466289715
2025-07-11,-0.21785445954742855
2025-07-14,0.649808144447106
2025-07-15,-0.5323773357393202
2025-07-16,0.365565263871237
2025-07-17,0.8614163835487743
2025-07-18,-0.2661870806305422
2025-07-21,0.010983378487217088
2025-07-22,0.17351975189443536
2025-07-23,0.19002791677400488
2025-07-24,-0.1608512012761576
2025-07-25,0.4460699535299595
2025-07-28,-0.3237022765928299
2025-07-29,0.49077918250743924
2025-07-30,-0.6169244921555239
2025-07-31,-0.40262776306174697
2025-08-01,-0.8782176823158072
2025-08-05,2.0343859113972407
2025-08-06,1.2723957701288535
2025-08-07,-0.5716134048047716
2025-08-08,-0.00937118372261736
2025-08-11,0.05944082563080766
2025-08-12,0.526014453935475
2025-08-13,0.2582243926952721
2025-08-14,-0.27649513651410995
2025-08-15,-0.03761283851554387
2025-08-18,0.06235469934241511
2025-08-19,-0.35454769603102676
2025-08-20,0.1973137836688732
2025-08-21,0.6334548274177232
2025-08-22,0.9898244718788529
2025-08-25,-0.576001994134101
2025-08-26,0.6034810121535727
2025-08-27,0.3285107148993216
2025-08-28,0.006333419793902451
2025-08-29,0.4561284594458037
2025-09-02,0.17889201412593092
2025-09-03,0.47456905710097086
2025-09-04,0.5721460442449811
2025-09-05,0.4658309681882633
2025-09-08,-0.07882932171082713
2025-09-09,0.1216106760097535
2025-09-10,0.4005105826136335
2025-09-11,0.7830866876668674
2025-09-12,-0.4219941162972751
2025-09-15,0.5026643223315697
2025-09-16,-0.3934653299242252
2025-09-17,0.022172798320418963
2025-09-18,0.4494991244085922
2025-09-19,1.0691442124874717
2025-09-22,0.6402749454922807
2025-09-23,-0.4786554645515584
2025-09-24,-0.19654010029224178
2025-09-25,-0.08401384548173407
2025-09-26,0.09854964768598595
2025-09-29,0.7076290479469893
2025-09-30,0.16982703786416753
2025-10-01,0.2827798716001917
2025-10-02,0.17570386312366626
2025-10-03,1.031476871826853
2025-10-06,0.1975642101309516
2025-10-07,-0.5902062091435734
2025-10-08,0.49519725458122554
2025-10-09,-0.7606058619106904
2025-10-10,-1.3845378572018507
2025-10-14,1.6840336880018514
2025-10-15,0.9339913672460787
2025-10-16,-0.58197032486208
2025-10-17,-1.150080673778986
2025-10-20,1.0226361015161833
2025-10-21,-1.7345892433005217
2025-10-22,0.3151656014552806
2025-10-23,0.6780535011506439
2025-10-24,0.5525646528659944
2025-10-27,-0.2546653525333009
2025-10-28,0.47529192882362903
2025-10-29,-0.9036855871689897
2025-10-30,0.11344980847003416
2025-10-31,0.270715460253812
2025-11-03,0.047587765639200974
2025-11-04,-1.6426001385343336
2025-11-05,1.093765188176965
2025-11-06,-0.780309235221821
2025-11-07,0.14597138782936891
2025-11-10,1.3519580679026255
2025-11-11,0.30577694421354273
2025-11-12,1.3755621384853312
2025-11-13,-1.8619678705877551
2025-11-14,0.240964353221651
2025-11-17,-0.8253533419616543
2025-11-18,-0.1319954641251675
2025-11-19,0.8053547870923605
2025-11-20,-1.227940632442126
2025-11-21,0.8496439337601691
2025-11-24,1.4711236256723215
2025-11-25,0.9681575993750302
2025-11-26,0.9048389504737964
2025-11-27,0.11513178705955252
2025-11-28,0.5337022657131429
2025-12-01,-0.895394907416569
2025-12-02,-0.16880051534395868
2025-12-03,0.35813759392981925
2025-12-04,1.0176332516326658
2025-12-05,-0.5279920350105161
2025-12-08,-0.45159395255709445
2025-12-09,0.23869230229387473
2025-12-10,0.7889413684314617
2025-12-11,0.5391996609139582
2025-12-12,-0.4210230077485444
2025-12-15,-0.13956114191097102
2025-12-16,-0.6971927977174941
2025-12-17,-0.044461472981049965
2025-12-18,0.6108812499999949
2025-12-19,1.0015628900974294
2025-12-22,0.7693045746440363
2025-12-23,0.18312320927222903
2025-12-24,-0.18372060918040445
2025-12-29,-0.3225056698961337
2025-12-30,-0.09499077800160238
2025-12-31,-0.4817000914342673
2026-01-02,0.5379518843251052
2026-01-05,1.055720548157013
2026-01-06,0.58038485412788
2026-01-07,-0.8377819606875003
2026-01-08,0.7564830463972827
2026-01-09,0.7236285203086945
2026-01-12,0.8027462292199417
2026-01-13,-0.013082344028103599
2026-01-14,0.14025252108720299
2026-01-15,0.341465336533342
2026-01-16,0.03543298612318502
2026-01-19,0.15253486654795978
2026-01-20,-1.0295827226436183
2026-01-21,0.3090024101639388
2026-01-22,0.46025057836018846
2026-01-23,0.4311792205443421
2026-01-26,-0.15597893724543788
2026-01-27,0.00936037257350808
2026-01-28,0.24082114297274693
2026-01-29,-0.4822748679454647
2026-01-30,-3.3092991322179244
2026-02-02,0.8157012565194854
2026-02-03,0.6360298666895803
2026-02-04,0.5650136227162816
2026-02-05,-1.7714819257262482
2026-02-06,1.4890025080526614
2026-02-09,1.7009047496227447
2026-02-10,0.7070765019727476
2026-02-11,-0.007822648116728725
2026-02-12,-2.3723272730476364
2026-02-13,1.8739959983718135
2026-02-17,-0.5354637081224967
2026-02-18,1.4989319042976845
2026-02-19,0.6148626254611989
2026-02-20,0.6623009376395261
2026-02-23,-0.12123900347452699
2026-02-24,0.5740631430136256
2026-02-25,0.4618796097981548
2026-02-26,1.097945662775257
2026-02-27,-0.4695379977972314
2026-03-02,0.5861991300232905
2026-03-03,-2.1898490405451
2026-03-04,0.46766456999209893
2026-03-05,-0.9807601967550705
2026-03-06,-1.5659053295150271
2026-03-09,0.31919514744032096
2026-03-10,0.2452550538394771
2026-03-11,-0.4535475389557231
2026-03-12,-0.8429978809173955
2026-03-13,-0.9095484177003677
2026-03-16,1.0288238366725988
2026-03-17,0.15939052579863056
2026-03-18,-1.8719075665640572
2026-03-19,-1.4164685396644727
2026-03-20,-1.6876459248940545
2026-03-23,1.8085804810112904
2026-03-24,0.18127960503062646
2026-03-25,1.380644693419053
2026-03-26,-1.5289063118689938
2026-03-27,0.22955458643669768
2026-03-30,-0.08072047469432908
2026-03-31,2.6087434098262197
2026-04-01,0.579833984375
2026-04-02,0.45572916666667407
2026-04-06,0.2229078687197461
2026-04-07,0.16725935748296283
2026-04-08,1.1526184655885618
2026-04-09,-0.42504398228672136
2026-04-10,0.6514831293359835
2026-04-13,0.5442768334565029
2026-04-14,0.6588090152569892
2026-04-15,0.15717827764587522
2026-04-16,-0.30390204136900856
2026-04-17,0.8636786147370401
2026-04-20,0.03988557264797965
2026-04-21,-1.6056438263969741
2026-04-22,0.43421520117159496
2026-04-23,-0.12429096971575682
2026-04-24,-0.025939614144787626
2026-04-27,-0.2533685890234949
2026-04-28,-0.6916348087816493
2026-04-29,-0.7917459573803409
2026-04-30,1.9385756039913105
2026-05-01,-0.2152305827545664
2026-05-04,-0.7444433571722531
2026-05-05,-0.21403792438023928
2026-05-06,1.2360461140683787
2026-05-07,-0.36843020637999935
2026-05-08,0.6533414712095675
2026-05-11,0.1792887300509527
2026-05-12,0.44465635447468177
2026-05-13,-0.7270215741581709
2026-05-14,0.6665482446809312
2026-05-15,-1.2691097423422781
2026-05-19,-0.2725094817782492
2026-05-20,1.2465519075749665
2026-05-21,0.7250765857927277
2026-05-22,0.17988764004126523
2026-05-25,0.7351089750810225
2026-05-26,-0.2041835868163866
2026-05-27,-0.6977479761363425
2026-05-28,0.3068619801037453
2026-05-29,0.7283287978053776
2026-06-01,-0.09837218525338143
2026-06-02,1.2511957197226309
2026-06-03,-1.0463611936479045
2026-06-04,1.194205889113964
2026-06-05,-2.2818503705475113
2026-06-08,0.18945826129279641
2026-06-09,-0.1943228762051552
2026-06-10,-0.7567148481819719
2026-06-11,1.5232193411373718
2026-06-12,0.7683499055420207
2026-06-15,0.9665811056269291
2026-06-16,0.3231695419793734
2026-06-17,-0.747394681832958
2026-06-18,-0.443559660525894
2026-06-19,-0.0011505627536489982
2026-06-22,0.09522971193822727
2026-06-23,-0.21370308986164988
2026-06-24,-0.5476986078488233
2026-06-25,0.3284699523482981
2026-06-26,0.3724534842261873
2026-06-29,-0.44653864708404933
2026-06-30,0.0953348514670882
2026-07-02,0.3147121632670613
2026-07-03,0.8024822724746583
2026-07-06,-0.09929838377473743
2026-07-07,0.17124919392403903
2026-07-08,-0.9548509787496662
2026-07-09,0.7576732544572584
2026-07-10,0.2977252631354732
2026-07-13,-0.1489905519454937
2026-07-14,0.19232791460672694
2026-07-15,0.27094525488031707
2026-07-16,-0.2145910675806384
2026-07-17,-0.2159036534505998
2026-07-20,-0.8609304974833698
2026-07-21,1.1693285587212277
2026-07-22,0.3279698801368136
2026-07-23,-0.8240143916031673
2026-07-24,0.5012469849315027
2026-07-27,0.5626379840278029
2026-07-28,0.5105632526686721
2026-07-29,-1.163362060629225
2026-07-30,0.48678601281770817
2026-07-31,-0.7877564020403849
2026-08-04,1.6337317343473767
2026-08-05,0.9630766780030164
2026-08-06,-0.027935442219673146
2026-08-07,0.6777075467200744
2026-08-10,0.21192694071574536
2026-08-11,0.04826790023919614
2026-08-12,0.5104826281909114
2026-08-13,0.2651217868247402
2026-08-14,-0.07889159854420624
2026-08-17,-0.16989336439590108
2026-08-18,-0.8181543333096841
2026-08-19,0.09322051921218932
2026-08-20,-0.10000149159860028
2026-08-21,0.7006681961368333
2026-08-24,0.25642226354116726
2026-08-25,0.6632328986329039
2026-08-26,-0.38937143555336506
2026-08-27,0.055961674423388175
2026-08-28,-0.7612533367071128
2026-08-31,-0.7752892293678482
2026-09-01,-1.2263431197529706
2026-09-02,0.7422111767488859
2026-09-03,1.5003490467506264
2026-09-04,-0.32566388365030674
2026-09-08,-1.0700042460401016
2026-09-09,-0.5993394549064779
2026-09-10,-1.114838953926689
2026-09-11,0.5384937730572137
2026-09-14,0.014006583094050562
2026-09-15,-0.3372269098802616
2026-09-16,-0.25527449830486937
