date,Coverage,Outstanding after,Outstanding prior,Avg yield,Allotment ratio,Amount,Term days,Maturity date,ISIN,Auction key
1998-10-13,1.946,,,4.671,,3300.0,98,1999-01-21,CA1350Z7NS93,HIST_TBILL_3
1998-10-27,1.755,,,4.744,,3300.0,98,1999-02-04,CA1350Z7NT76,HIST_TBILL_6
1998-11-10,1.507,,,4.862,,3300.0,98,1999-02-18,CA1350Z7NU40,HIST_TBILL_9
1998-11-24,2.12,,,4.815,,3100.0,98,1999-03-04,CA1350Z7NV23,HIST_TBILL_12
1998-12-08,1.579,,,4.69,,3300.0,98,1999-03-18,CA1350Z7NW06,HIST_TBILL_15
1998-12-22,1.723,,,4.697,,3300.0,99,1999-04-01,CA1350Z7NX88,HIST_TBILL_18
1999-01-05,1.815,,,4.607,,3600.0,98,1999-04-15,CA1350Z7NY61,HIST_TBILL_21
1999-01-19,1.566,,,4.658,,3800.0,98,1999-04-29,CA1350Z7NZ37,HIST_TBILL_24
1999-02-02,1.843,,,4.74,,4000.0,98,1999-05-13,CA1350Z7PA67,HIST_TBILL_27
1999-02-16,1.481,,,4.835,,4200.0,98,1999-05-27,CA1350Z7PB41,HIST_TBILL_30
1999-03-02,1.924,,,4.992,,4400.0,98,1999-06-10,CA1350Z7PC24,HIST_TBILL_33
1999-03-16,1.918,,,4.885,,4400.0,97,1999-06-23,CA1350Z7PD07,HIST_TBILL_36
1999-03-30,1.697,,,4.749,,4200.0,98,1999-07-08,CA1350Z7PE89,HIST_TBILL_39
1999-04-13,1.909,,,4.461,,3700.0,98,1999-07-22,CA1350Z7PF54,HIST_TBILL_42
1999-04-27,2.171,,,4.601,,3600.0,98,1999-08-05,CA1350Z7PG38,HIST_TBILL_45
1999-05-11,2.411,,,4.3,,3200.0,98,1999-08-19,CA1350Z7PH11,HIST_TBILL_48
1999-05-25,1.965,,,4.42,,2800.0,98,1999-09-02,CA1350Z7PJ76,HIST_TBILL_51
1999-06-08,1.883,,,4.541,,2800.0,98,1999-09-16,CA1350Z7PK40,HIST_TBILL_54
1999-06-22,1.824,,,4.622,,3100.0,99,1999-09-30,CA1350Z7PP37,HIST_TBILL_57
1999-07-06,1.853,,,4.606,,3500.0,98,1999-10-14,CA1350Z7PL23,HIST_TBILL_60
1999-07-20,1.845,,,4.636,,4000.0,98,1999-10-28,CA1350Z7PU22,HIST_TBILL_63
1999-08-03,1.73,,,4.761,,4100.0,97,1999-11-10,CA1350Z7PM06,HIST_TBILL_66
1999-08-17,1.527,,,4.838,,4200.0,98,1999-11-25,CA1350Z7PW87,HIST_TBILL_69
1999-08-31,1.851,,,4.834,,4200.0,98,1999-12-09,CA1350Z7PN88,HIST_TBILL_72
1999-09-14,1.646,,,4.737,,4200.0,98,1999-12-23,CA1350Z7AF10,HIST_TBILL_75
1999-09-28,1.799,,,4.687,,4000.0,98,2000-01-06,CA1350Z7PQ10,HIST_TBILL_78
1999-10-12,2.007,,,4.735,,3800.0,98,2000-01-20,CA1350Z7AH75,HIST_TBILL_81
1999-10-26,1.71,,,4.85,,3600.0,98,2000-02-03,CA1350Z7PR92,HIST_TBILL_84
1999-11-09,1.694,,,4.897,,3600.0,99,2000-02-17,CA1350Z7AK05,HIST_TBILL_87
1999-11-23,2.159,,,4.815,,3600.0,98,2000-03-02,CA1350Z7PS75,HIST_TBILL_90
1999-12-07,2.179,,,4.709,,3900.0,98,2000-03-16,CA1350Z7AM60,HIST_TBILL_93
1999-12-21,1.523,,,4.93,,3200.0,98,2000-03-30,CA1350Z7PT58,HIST_TBILL_96
2000-01-05,1.531,,,4.993,,3600.0,98,2000-04-13,CA1350Z7AQ74,HIST_TBILL_99
2000-01-18,1.796,,,5.076,,3800.0,98,2000-04-27,CA1350Z7PV05,HIST_TBILL_102
2000-02-01,1.872,,,5.207,,3800.0,98,2000-05-11,CA1350Z7AS31,HIST_TBILL_105
2000-02-15,1.971,,,5.101,,3800.0,98,2000-05-25,CA1350Z7PX60,HIST_TBILL_108
2000-02-29,1.919,,,5.051,,4000.0,98,2000-06-08,CA1350Z7AU86,HIST_TBILL_111
2000-03-14,1.83,,,5.16,,4200.0,98,2000-06-22,CA1350Z7AG92,HIST_TBILL_114
2000-03-28,1.776,,,5.277,,4200.0,98,2000-07-06,CA1350Z7AY09,HIST_TBILL_117
2000-04-11,1.82,,,5.351,,3800.0,98,2000-07-20,CA1350Z7AJ32,HIST_TBILL_120
2000-04-25,1.929,,,5.449,,3400.0,98,2000-08-03,CA1350Z7A209,HIST_TBILL_123
2000-05-09,1.956,,,5.663,,3000.0,98,2000-08-17,CA1350Z7AL87,HIST_TBILL_126
2000-05-23,2.234,,,5.751,,3000.0,98,2000-08-31,CA1350Z7A530,HIST_TBILL_129
2000-06-06,2.228,,,5.607,,2900.0,98,2000-09-14,CA1350Z7AN44,HIST_TBILL_132
2000-06-20,2.237,,,5.551,,2900.0,98,2000-09-28,CA1350Z7A878,HIST_TBILL_135
2000-07-04,1.949,,,5.551,,2900.0,98,2000-10-12,CA1350Z7AR57,HIST_TBILL_138
2000-07-18,2.077,,,5.625,,2900.0,98,2000-10-26,CA1350Z7BB96,HIST_TBILL_141
2000-08-01,1.735,,,5.647,,3200.0,98,2000-11-09,CA1350Z7AT14,HIST_TBILL_144
2000-08-15,1.863,,,5.656,,3200.0,98,2000-11-23,CA1350Z7BD52,HIST_TBILL_147
2000-08-29,2.332,,,5.622,,3500.0,98,2000-12-07,CA1350Z7AV69,HIST_TBILL_150
2000-09-12,2.3,,,5.599,,3200.0,98,2000-12-21,CA1350Z7BF01,HIST_TBILL_153
2000-09-26,2.367,,,5.564,,3200.0,98,2001-01-04,CA1350Z7AZ73,HIST_TBILL_156
2000-10-10,2.05,,,5.62,,3200.0,98,2001-01-18,CA1350Z7BH66,HIST_TBILL_159
2000-10-24,1.903,,,5.619,,3200.0,98,2001-02-01,CA1350Z7A381,HIST_TBILL_162
2000-11-07,1.945,,,5.677,,3200.0,98,2001-02-15,CA1350Z7BK95,HIST_TBILL_165
2000-11-21,2.37,,,5.736,,3200.0,98,2001-03-01,CA1350Z7A613,HIST_TBILL_168
2000-12-05,2.311,,,5.549,,3200.0,98,2001-03-15,CA1350Z7BP82,HIST_TBILL_171
2000-12-19,1.787,,,5.557,,3200.0,98,2001-03-29,CA1350Z7A951,HIST_TBILL_174
2001-01-03,2.062,,,5.445,,3500.0,98,2001-04-12,CA1350Z7BR49,HIST_TBILL_177
2001-01-16,1.909,,,5.235,,3800.0,98,2001-04-26,CA1350Z7BC79,HIST_TBILL_180
2001-01-30,1.63,,,5.142,,4100.0,98,2001-05-10,CA1350Z7BV50,HIST_TBILL_183
2001-02-13,1.564,,,5.13,,4100.0,98,2001-05-24,CA1350Z7BE36,HIST_TBILL_186
2001-02-27,1.6,,,4.804,,4100.0,98,2001-06-07,CA1350Z7BW34,HIST_TBILL_189
2001-03-13,1.972,,,4.664,,4100.0,98,2001-06-21,CA1350Z7BG83,HIST_TBILL_192
2001-03-27,1.453,,,4.604,,4100.0,98,2001-07-05,CA1350Z7BY99,HIST_TBILL_195
2001-04-10,1.452,,,4.493,,4100.0,98,2001-07-19,CA1350Z7BJ23,HIST_TBILL_198
2001-04-24,1.544,,,4.41,,3800.0,98,2001-08-02,CA1350Z7B298,HIST_TBILL_201
2001-05-08,1.942,,,4.313,,3800.0,98,2001-08-16,CA1350Z7BL78,HIST_TBILL_204
2001-05-22,1.862,,,4.401,,3500.0,98,2001-08-30,CA1350Z7B454,HIST_TBILL_207
2001-06-05,1.851,,,4.317,,3200.0,98,2001-09-13,CA1350Z7BQ65,HIST_TBILL_210
2001-06-19,2.221,,,4.242,,3200.0,98,2001-09-27,CA1350Z7B603,HIST_TBILL_213
2001-07-03,1.909,,,4.364,,3200.0,98,2001-10-11,CA1350Z7BS22,HIST_TBILL_216
2001-07-17,1.91,,,4.164,,3500.0,98,2001-10-25,CA1350Z7B868,HIST_TBILL_219
2001-07-31,2.056,,,4.029,,3800.0,98,2001-11-08,CA1350Z7BU77,HIST_TBILL_222
2001-08-14,1.825,,,3.95,,3800.0,98,2001-11-22,CA1350Z7CA05,HIST_TBILL_225
2001-08-28,1.754,,,3.805,,3800.0,98,2001-12-06,CA1350Z7BX17,HIST_TBILL_228
2001-09-13,1.657,,,3.348,,3800.0,98,2001-12-20,CA1350Z7CC60,HIST_TBILL_231
2001-09-25,1.802,,,3.039,,4100.0,98,2002-01-03,CA1350Z7BZ64,HIST_TBILL_234
2001-10-09,1.842,,,2.955,,4100.0,98,2002-01-17,CA1350Z7CE27,HIST_TBILL_237
2001-10-23,1.852,,,2.54,,4400.0,98,2002-01-31,CA1350Z7B371,HIST_TBILL_240
2001-11-06,1.805,,,2.281,,4400.0,98,2002-02-14,CA1350Z7CG74,HIST_TBILL_243
2001-11-20,1.753,,,2.207,,4400.0,98,2002-02-28,CA1350Z7B520,HIST_TBILL_246
2001-12-04,1.831,,,2.048,,4400.0,98,2002-03-14,CA1350Z7CJ14,HIST_TBILL_249
2001-12-18,2.065,,,1.996,,4100.0,98,2002-03-28,CA1350Z7B785,HIST_TBILL_252
2002-01-03,1.799,,,1.911,,4100.0,98,2002-04-11,CA1350Z7CL69,HIST_TBILL_255
2002-01-15,1.81,,,1.901,,4400.0,98,2002-04-25,CA1350Z7B942,HIST_TBILL_258
2002-01-29,1.935,,,1.966,,4400.0,98,2002-05-09,CA1350Z7CN26,HIST_TBILL_261
2002-02-12,1.903,,,2.001,,4400.0,98,2002-05-23,CA1350Z7CB87,HIST_TBILL_264
2002-02-26,1.747,,,2.07,,4400.0,98,2002-06-06,CA1350Z7CQ56,HIST_TBILL_267
2002-03-12,1.881,,,2.152,,4100.0,98,2002-06-20,CA1350Z7CD44,HIST_TBILL_270
2002-03-26,2.005,,,2.343,,4100.0,98,2002-07-04,CA1350Z7CS13,HIST_TBILL_273
2002-04-09,1.797,,,2.375,,4400.0,98,2002-07-18,CA1350Z7CF91,HIST_TBILL_276
2002-04-23,2.233,,,2.41,,4700.0,98,2002-08-01,CA1350Z7CU68,HIST_TBILL_279
2002-05-07,1.959,,,2.467,,4700.0,98,2002-08-15,CA1350Z7CH57,HIST_TBILL_282
2002-05-21,2.113,,,2.622,,4700.0,98,2002-08-29,CA1350Z7CW25,HIST_TBILL_285
2002-06-04,1.916,,,2.671,,4700.0,98,2002-09-12,CA1350Z7CK86,HIST_TBILL_288
2002-06-18,1.852,,,2.738,,4700.0,98,2002-09-26,CA1350Z7CY80,HIST_TBILL_291
2002-07-02,2.068,,,2.752,,4400.0,98,2002-10-10,CA1350Z7CM43,HIST_TBILL_294
2002-07-16,1.746,,,2.827,,4400.0,98,2002-10-24,CA1350Z7C288,HIST_TBILL_297
2002-07-30,1.777,,,2.849,,4700.0,98,2002-11-07,CA1350Z7CP73,HIST_TBILL_300
2002-08-13,1.792,,,2.815,,4400.0,98,2002-11-21,CA1350Z7C445,HIST_TBILL_303
2002-08-27,2.085,,,2.996,,4400.0,98,2002-12-05,CA1350Z7CR30,HIST_TBILL_306
2002-09-10,2.163,,,2.832,,4400.0,98,2002-12-19,CA1350Z7C692,HIST_TBILL_309
2002-09-24,1.873,,,2.826,,4400.0,99,2003-01-03,CA1350Z7CT95,HIST_TBILL_312
2002-10-08,1.903,,,2.812,,4700.0,98,2003-01-16,CA1350Z7C858,HIST_TBILL_315
2002-10-22,2.216,,,2.805,,4700.0,98,2003-01-30,CA1350Z7CV42,HIST_TBILL_318
2002-11-05,2.136,,,2.734,,5000.0,98,2003-02-13,CA1350Z7DA95,HIST_TBILL_321
2002-11-19,2.116,,,2.734,,4700.0,98,2003-02-27,CA1350Z7CX08,HIST_TBILL_324
2002-12-03,2.453,,,2.73,,4400.0,98,2003-03-13,CA1350Z7DC51,HIST_TBILL_327
2002-12-17,2.358,,,2.701,,4100.0,98,2003-03-27,CA1350Z7CZ55,HIST_TBILL_330
2002-12-30,1.607,,,2.669,,3800.0,97,2003-04-10,CA1350Z7DE18,HIST_TBILL_333
2003-01-14,2.547,,,2.694,,4100.0,98,2003-04-24,CA1350Z7C361,HIST_TBILL_336
2003-01-28,2.018,,,2.813,,4700.0,98,2003-05-08,CA1350Z7DH49,HIST_TBILL_339
2003-02-11,2.513,,,2.829,,4100.0,98,2003-05-22,CA1350Z7C510,HIST_TBILL_342
2003-02-25,2.272,,,2.861,,4700.0,98,2003-06-05,CA1350Z7DK77,HIST_TBILL_345
2003-03-11,2.294,,,3.001,,4700.0,98,2003-06-19,CA1350Z7C775,HIST_TBILL_348
2003-03-25,1.932,,,3.142,,4700.0,98,2003-07-03,CA1350Z7DM34,HIST_TBILL_351
2003-04-08,2.17,,,3.19,,4100.0,98,2003-07-17,CA1350Z7C932,HIST_TBILL_354
2003-04-22,2.147,,,3.241,,4700.0,98,2003-07-31,CA1350Z7DP64,HIST_TBILL_357
2003-05-06,2.2,,,3.218,,4700.0,98,2003-08-14,CA1350Z7DB78,HIST_TBILL_360
2003-05-20,2.077,,,3.197,,5000.0,98,2003-08-28,CA1350Z7DR21,HIST_TBILL_363
2003-06-03,1.827,,,3.155,,5000.0,98,2003-09-11,CA1350Z7DD35,HIST_TBILL_366
2003-06-17,2.14,,,3.127,,5000.0,98,2003-09-25,CA1350Z7DT86,HIST_TBILL_369
2003-07-02,2.071,,,3.077,,5000.0,98,2003-10-09,CA1350Z7DG65,HIST_TBILL_372
2003-07-15,2.123,,,2.869,,5300.0,98,2003-10-23,CA1350Z7DV33,HIST_TBILL_375
2003-07-29,1.878,,,2.808,,5300.0,98,2003-11-06,CA1350Z7DJ05,HIST_TBILL_378
2003-08-12,2.041,,,2.819,,5300.0,98,2003-11-20,CA1350Z7DX98,HIST_TBILL_381
2003-08-26,1.936,,,2.7,,5300.0,98,2003-12-04,CA1350Z7DL50,HIST_TBILL_384
2003-09-09,2.269,,,2.654,,5000.0,98,2003-12-18,CA1350Z7DZ47,HIST_TBILL_387
2003-09-23,1.929,,,2.597,,5300.0,96,2003-12-30,CA1350Z7DN17,HIST_TBILL_390
2003-10-07,2.161,,,2.595,,5000.0,98,2004-01-15,CA1350Z7D435,HIST_TBILL_393
2003-10-21,1.955,,,2.651,,5300.0,98,2004-01-29,CA1350Z7DQ48,HIST_TBILL_396
2003-11-04,1.75,,,2.665,,5600.0,98,2004-02-12,CA1350Z7D765,HIST_TBILL_399
2003-11-18,1.909,,,2.714,,5900.0,98,2004-02-26,CA1350Z7DS04,HIST_TBILL_402
2003-12-02,1.93,,,2.681,,5300.0,98,2004-03-11,CA1350Z7EA86,HIST_TBILL_405
2003-12-16,2.404,,,2.641,,5000.0,98,2004-03-25,CA1350Z7DU59,HIST_TBILL_408
2003-12-29,1.948,,,2.59,,4400.0,100,2004-04-08,CA1350Z7ED26,HIST_TBILL_411
2004-01-13,2.16,,,2.472,,3800.0,98,2004-04-22,CA1350Z7DW16,HIST_TBILL_414
2004-01-27,2.41,,,2.26,,3800.0,98,2004-05-06,CA1350Z7EF73,HIST_TBILL_417
2004-02-10,2.25,,,2.233,,4400.0,98,2004-05-20,CA1350Z7DY71,HIST_TBILL_420
2004-02-24,1.983,,,2.133,,5000.0,98,2004-06-03,CA1350Z7EH30,HIST_TBILL_423
2004-03-09,2.044,,,2.1,,5600.0,98,2004-06-17,CA1350Z7D351,HIST_TBILL_426
2004-03-23,2.101,,,1.99,,5600.0,97,2004-06-30,CA1350Z7EP55,HIST_TBILL_429
2004-04-06,2.16,,,2.011,,4700.0,98,2004-07-15,CA1350Z7D500,HIST_TBILL_432
2004-04-20,1.856,,,1.944,,4700.0,98,2004-07-29,CA1350Z7EQ39,HIST_TBILL_435
2004-05-04,1.778,,,1.933,,5000.0,98,2004-08-12,CA1350Z7D849,HIST_TBILL_438
2004-05-18,1.971,,,2.018,,5000.0,98,2004-08-26,CA1350Z7ET77,HIST_TBILL_441
2004-06-01,1.987,,,2.017,,5000.0,98,2004-09-09,CA1350Z7EB69,HIST_TBILL_444
2004-06-15,1.868,,,2.047,,5300.0,98,2004-09-23,CA1350Z7EV24,HIST_TBILL_447
2004-06-29,1.895,,,2.042,,5600.0,99,2004-10-07,CA1350Z7EE09,HIST_TBILL_450
2004-07-13,2.039,,,2.039,,5000.0,98,2004-10-21,CA1350Z7EY62,HIST_TBILL_453
2004-07-27,2.03,,,2.084,,5600.0,98,2004-11-04,CA1350Z7EG56,HIST_TBILL_456
2004-08-10,2.004,,,2.035,,5600.0,98,2004-11-18,CA1350Z7E268,HIST_TBILL_459
2004-08-24,2.208,,,2.14,,5000.0,98,2004-12-02,CA1350Z7EJ95,HIST_TBILL_462
2004-09-07,2.341,,,2.331,,4700.0,98,2004-12-16,CA1350Z7E599,HIST_TBILL_465
2004-09-21,2.004,,,2.412,,4700.0,98,2004-12-30,CA1350Z7EN08,HIST_TBILL_468
2004-10-05,1.811,,,2.502,,5600.0,98,2005-01-13,CA1350Z7E839,HIST_TBILL_471
2004-10-19,2.265,,,2.583,,6200.0,98,2005-01-27,CA1350Z7ER12,HIST_TBILL_474
2004-11-02,2.012,,,2.613,,6200.0,98,2005-02-10,CA1350Z7FB50,HIST_TBILL_477
2004-11-16,2.129,,,2.695,,5600.0,98,2005-02-24,CA1350Z7EU41,HIST_TBILL_480
2004-11-30,2.163,,,2.556,,5000.0,98,2005-03-10,CA1350Z7FD17,HIST_TBILL_483
2004-12-14,2.352,,,2.434,,4100.0,98,2005-03-24,CA1350Z7EW07,HIST_TBILL_486
2004-12-29,2.192,,,2.477,,3800.0,98,2005-04-07,CA1350Z7FG48,HIST_TBILL_489
2005-01-11,2.232,,,2.496,,4400.0,98,2005-04-21,CA1350Z7EZ38,HIST_TBILL_492
2005-01-25,2.253,,,2.437,,5300.0,98,2005-05-05,CA1350Z7FK59,HIST_TBILL_495
2005-02-08,1.814,,,2.456,,5900.0,98,2005-05-19,CA1350Z7E342,HIST_TBILL_498
2005-02-22,2.039,,,2.464,,6500.0,98,2005-06-02,CA1350Z7FN98,HIST_TBILL_501
2005-03-08,2.18,,,2.463,,6500.0,98,2005-06-16,CA1350Z7E672,HIST_TBILL_504
2005-03-22,1.709,,,2.546,,6500.0,98,2005-06-30,CA1350Z7FS85,HIST_TBILL_507
2005-04-05,2.023,,,2.546,,5600.0,98,2005-07-14,CA1350Z7E912,HIST_TBILL_510
2005-04-19,2.214,,,2.461,,4700.0,98,2005-07-28,CA1350Z7FU32,HIST_TBILL_513
2005-05-03,2.053,,,2.463,,4700.0,98,2005-08-11,CA1350Z7FC34,HIST_TBILL_516
2005-05-17,1.993,,,2.458,,5600.0,98,2005-08-25,CA1350Z7FY53,HIST_TBILL_519
2005-05-31,2.063,,,2.451,,5600.0,98,2005-09-08,CA1350Z7FE99,HIST_TBILL_522
2005-06-14,2.235,,,2.459,,5000.0,98,2005-09-22,CA1350Z7F257,HIST_TBILL_525
2005-06-28,1.799,,,2.473,,5900.0,98,2005-10-06,CA1350Z7FH21,HIST_TBILL_528
2005-07-12,2.14,,,2.563,,5900.0,98,2005-10-20,CA1350Z7F588,HIST_TBILL_531
2005-07-26,2.011,,,2.581,,5900.0,98,2005-11-03,CA1350Z7FL33,HIST_TBILL_534
2005-08-09,1.725,,,2.634,,5300.0,98,2005-11-17,CA1350Z7F745,HIST_TBILL_537
2005-08-23,1.926,,,2.758,,5300.0,98,2005-12-01,CA1350Z7FP47,HIST_TBILL_540
2005-09-06,1.78,,,2.736,,5600.0,98,2005-12-15,CA1350Z7GA68,HIST_TBILL_543
2005-09-20,2.179,,,2.813,,5300.0,98,2005-12-29,CA1350Z7FT68,HIST_TBILL_546
2005-10-04,2.456,,,2.925,,4400.0,98,2006-01-12,CA1350Z7GF55,HIST_TBILL_549
2005-10-18,2.194,,,3.025,,4700.0,98,2006-01-26,CA1350Z7FV15,HIST_TBILL_552
2005-11-01,2.121,,,3.12,,5600.0,98,2006-02-09,CA1350Z7GK41,HIST_TBILL_555
2005-11-15,2.31,,,3.233,,6500.0,98,2006-02-23,CA1350Z7FZ29,HIST_TBILL_558
2005-11-29,1.945,,,3.304,,6800.0,98,2006-03-09,CA1350Z7GN89,HIST_TBILL_561
2005-12-13,2.309,,,3.386,,5600.0,98,2006-03-23,CA1350Z7F331,HIST_TBILL_564
2005-12-28,2.01,,,3.395,,4700.0,98,2006-04-06,CA1350Z7GS76,HIST_TBILL_567
2006-01-10,1.97,,,3.434,,4100.0,98,2006-04-20,CA1350Z7F661,HIST_TBILL_570
2006-01-24,2.118,,,3.49,,4100.0,98,2006-05-04,CA1350Z7GW88,HIST_TBILL_573
2006-02-07,2.118,,,3.626,,4100.0,98,2006-05-18,CA1350Z7F828,HIST_TBILL_576
2006-02-21,1.997,,,3.712,,5900.0,98,2006-06-01,CA1350Z7GZ10,HIST_TBILL_579
2006-03-07,2.187,,,3.775,,6500.0,98,2006-06-15,CA1350Z7GB42,HIST_TBILL_582
2006-03-21,2.187,,,3.788,,6800.0,98,2006-06-29,CA1350Z7G651,HIST_TBILL_585
2006-04-04,2.498,,,3.896,,5300.0,98,2006-07-13,CA1350Z7GG39,HIST_TBILL_588
2006-04-18,2.262,,,3.974,,4700.0,98,2006-07-27,CA1350Z7HA59,HIST_TBILL_591
2006-05-02,2.376,,,4.105,,4100.0,98,2006-08-10,CA1350Z7GL24,HIST_TBILL_594
2006-05-16,2.343,,,4.098,,4100.0,98,2006-08-24,CA1350Z7HE71,HIST_TBILL_597
2006-05-30,2.308,,,4.175,,5300.0,98,2006-09-07,CA1350Z7GP38,HIST_TBILL_600
2006-06-13,2.124,,,4.212,,5000.0,98,2006-09-21,CA1350Z7HG20,HIST_TBILL_603
2006-06-27,1.943,,,4.3,,6200.0,98,2006-10-05,CA1350Z7GT59,HIST_TBILL_606
2006-07-11,2.206,,,4.208,,5000.0,98,2006-10-19,CA1350Z7HM97,HIST_TBILL_609
2006-07-25,2.015,,,4.157,,5000.0,98,2006-11-02,CA1350Z7GX61,HIST_TBILL_612
2006-08-08,2.007,,,4.161,,4100.0,98,2006-11-16,CA1350Z7HR84,HIST_TBILL_615
2006-08-22,2.138,,,4.129,,4400.0,98,2006-11-30,CA1350Z7G248,HIST_TBILL_618
2006-09-05,2.035,,,4.142,,5600.0,98,2006-12-14,CA1350Z7HW79,HIST_TBILL_621
2006-09-19,1.926,,,4.165,,6200.0,98,2006-12-28,CA1350Z7G735,HIST_TBILL_624
2006-10-03,1.93,,,4.158,,6200.0,98,2007-01-11,CA1350Z7H311,HIST_TBILL_627
2006-10-17,1.895,,,4.156,,5000.0,98,2007-01-25,CA1350Z7HB33,HIST_TBILL_630
2006-10-31,1.899,,,4.169,,5900.0,98,2007-02-08,CA1350Z7H725,HIST_TBILL_633
2006-11-14,2.119,,,4.179,,6800.0,98,2007-02-22,CA1350Z7HF47,HIST_TBILL_636
2006-11-28,2.017,,,4.177,,6800.0,98,2007-03-08,CA1350Z7JB15,HIST_TBILL_639
2006-12-12,2.14,,,4.177,,5300.0,98,2007-03-22,CA1350Z7HH03,HIST_TBILL_642
2006-12-27,2.015,,,4.161,,4100.0,98,2007-04-05,CA1350Z7JD70,HIST_TBILL_645
2007-01-09,2.097,,,4.167,,3800.0,98,2007-04-19,CA1350Z7HN70,HIST_TBILL_648
2007-01-23,1.89,,,4.156,,4400.0,98,2007-05-03,CA1350Z7JG02,HIST_TBILL_651
2007-02-06,2.174,,,4.169,,4700.0,98,2007-05-17,CA1350Z7HS67,HIST_TBILL_654
2007-02-20,1.818,,,4.184,,6500.0,98,2007-05-31,CA1350Z7JK14,HIST_TBILL_657
2007-03-06,2.03,,,4.189,,7100.0,98,2007-06-14,CA1350Z7HX52,HIST_TBILL_660
2007-03-20,2.11,,,4.173,,6200.0,98,2007-06-28,CA1350Z7JR66,HIST_TBILL_663
2007-04-03,2.366,,,4.169,,4400.0,98,2007-07-12,CA1350Z7H493,HIST_TBILL_666
2007-04-17,2.213,,,4.168,,3800.0,98,2007-07-26,CA1350Z7JU95,HIST_TBILL_669
2007-05-01,2.029,,,4.166,,3800.0,98,2007-08-09,CA1350Z7H808,HIST_TBILL_672
2007-05-15,2.011,,,4.164,,3800.0,98,2007-08-23,CA1350Z7JY18,HIST_TBILL_675
2007-05-29,2.046,,,4.286,,4400.0,98,2007-09-06,CA1350Z7JC97,HIST_TBILL_678
2007-06-12,2.084,,,4.349,,4700.0,98,2007-09-20,CA1350Z7J390,HIST_TBILL_681
2007-06-26,1.909,,,4.418,,5600.0,98,2007-10-04,CA1350Z7JE53,HIST_TBILL_684
2007-07-10,2.022,,,4.512,,5300.0,98,2007-10-18,CA1350Z7J705,HIST_TBILL_687
2007-07-24,2.085,,,4.562,,4400.0,98,2007-11-01,CA1350Z7JH84,HIST_TBILL_690
2007-08-07,2.009,,,4.609,,4700.0,98,2007-11-15,CA1350Z7J960,HIST_TBILL_693
2007-08-21,2.195,,,4.009,,4700.0,98,2007-11-29,CA1350Z7JL96,HIST_TBILL_696
2007-09-04,1.857,,,4.081,,5000.0,98,2007-12-13,CA1350Z7KC78,HIST_TBILL_699
2007-09-18,1.999,,,4.105,,4400.0,98,2007-12-27,CA1350Z7JS40,HIST_TBILL_702
2007-10-02,1.9,,,4.015,,4100.0,98,2008-01-10,CA1350Z7KJ22,HIST_TBILL_705
2007-10-16,2.25,,,3.987,,4100.0,98,2008-01-24,CA1350Z7JV78,HIST_TBILL_708
2007-10-30,2.092,,,3.968,,5300.0,98,2008-02-07,CA1350Z7KP81,HIST_TBILL_711
2007-11-13,2.104,,,4.015,,6500.0,98,2008-02-21,CA1350Z7JZ82,HIST_TBILL_714
2007-11-27,2.13,,,3.92,,6800.0,98,2008-03-06,CA1350Z7KT04,HIST_TBILL_717
2007-12-11,2.114,,,3.884,,4400.0,98,2008-03-20,CA1350Z7J473,HIST_TBILL_720
2007-12-21,1.995,,,3.862,,4100.0,98,2008-04-03,CA1350Z7KW33,HIST_TBILL_723
2008-01-08,2.207,,,3.748,,3800.0,98,2008-04-17,CA1350Z7J887,HIST_TBILL_726
2008-01-22,2.267,,,3.455,,4100.0,98,2008-05-01,CA1350Z7KY98,HIST_TBILL_729
2008-02-05,2.033,,,3.312,,4700.0,98,2008-05-15,CA1350Z7KA13,HIST_TBILL_732
2008-02-19,2.04,,,3.239,,5300.0,98,2008-05-29,CA1350Z7K455,HIST_TBILL_735
2008-03-04,2.364,,,2.936,,5600.0,98,2008-06-12,CA1350Z7KD51,HIST_TBILL_738
2008-03-18,2.155,,,2.025,,5900.0,98,2008-06-26,CA1350Z7K869,HIST_TBILL_741
2008-04-01,1.909,,,1.977,,4400.0,98,2008-07-10,CA1350Z7KK94,HIST_TBILL_744
2008-04-15,1.866,,,2.493,,5600.0,98,2008-07-24,CA1350Z7LD43,HIST_TBILL_747
2008-04-29,1.808,,,2.702,,7100.0,98,2008-08-07,CA1350Z7KQ64,HIST_TBILL_750
2008-05-13,1.987,,,2.708,,7100.0,98,2008-08-21,CA1350Z7LH56,HIST_TBILL_753
2008-05-27,2.197,,,2.727,,7400.0,98,2008-09-04,CA1350Z7KU76,HIST_TBILL_756
2008-06-10,1.901,,,2.827,,6500.0,98,2008-09-18,CA1350Z7LL68,HIST_TBILL_759
2008-06-25,2.11,,,2.691,,5300.0,98,2008-10-02,CA1350Z7KX16,HIST_TBILL_762
2008-07-08,2.168,,,2.432,,4400.0,98,2008-10-16,CA1350Z7LQ55,HIST_TBILL_765
2008-07-22,1.919,,,2.417,,6200.0,98,2008-10-30,CA1350Z7KZ63,HIST_TBILL_768
2008-08-05,1.746,,,2.471,,6800.0,98,2008-11-13,CA1350Z7LV41,HIST_TBILL_771
2008-08-19,2.188,,,2.518,,5300.0,98,2008-11-27,CA1350Z7K521,HIST_TBILL_774
2008-09-02,1.943,,,2.408,,5000.0,98,2008-12-11,CA1350Z7LY89,HIST_TBILL_777
2008-09-16,2.442,,,2.161,,5000.0,97,2008-12-24,CA1350Z7K943,HIST_TBILL_780
2008-09-30,1.87,,,1.877,,6200.0,98,2009-01-08,CA1350Z7L362,HIST_TBILL_783
2008-10-14,1.66,,,1.644,,8000.0,98,2009-01-22,CA1350Z7LE26,HIST_TBILL_786
2008-10-28,1.887,,,2.215,,8600.0,98,2009-02-05,CA1350Z7L776,HIST_TBILL_789
2008-11-12,1.817,,,1.914,,8600.0,98,2009-02-19,CA1350Z7LJ13,HIST_TBILL_792
2008-11-25,1.885,,,1.835,,9200.0,98,2009-03-05,CA1350Z7MA94,HIST_TBILL_795
2008-12-09,1.886,,,1.303,,9800.0,98,2009-03-19,CA1350Z7LM42,HIST_TBILL_798
2008-12-23,1.751,,,0.945,,9800.0,99,2009-04-02,CA1350Z7ME17,HIST_TBILL_801
2009-01-06,1.766,,,0.942,,10400.0,98,2009-04-16,CA1350Z7LR39,HIST_TBILL_804
2009-01-20,1.876,,,0.927,,10400.0,98,2009-04-30,CA1350Z7MH48,HIST_TBILL_807
2009-02-03,1.811,,,0.902,,10400.0,98,2009-05-14,CA1350Z7LW24,HIST_TBILL_810
2009-02-17,2.271,,,0.801,,9800.0,98,2009-05-28,CA1350Z7MK76,HIST_TBILL_813
2009-03-03,1.963,,,0.531,,9200.0,98,2009-06-11,CA1350Z7LZ54,HIST_TBILL_816
2009-03-17,2.206,,,0.458,,8600.0,98,2009-06-25,CA1350Z7MN16,HIST_TBILL_819
2009-03-31,2.087,,,0.416,,9200.0,98,2009-07-09,CA1350Z7L446,HIST_TBILL_822
2009-04-14,2.126,,,0.42,,9800.0,98,2009-07-23,CA1350Z7MQ47,HIST_TBILL_825
2009-04-28,2.207,,,0.247,,8000.0,98,2009-08-06,CA1350Z7L859,HIST_TBILL_828
2009-05-12,2.087,,,0.197,,6800.0,98,2009-08-20,CA1350Z7MS03,HIST_TBILL_831
2009-05-26,1.877,,,0.197,,7400.0,98,2009-09-03,CA1350Z7MB77,HIST_TBILL_834
2009-06-09,2.054,,,0.232,,9200.0,98,2009-09-17,CA1350Z7MU58,HIST_TBILL_837
2009-06-23,1.859,,,0.243,,10100.0,98,2009-10-01,CA1350Z7MF81,HIST_TBILL_840
2009-07-07,1.866,,,0.244,,10400.0,98,2009-10-15,CA1350Z7MW15,HIST_TBILL_843
2009-07-21,1.81,,,0.241,,10400.0,98,2009-10-29,CA1350Z7MJ04,HIST_TBILL_846
2009-08-04,1.851,,,0.255,,9200.0,98,2009-11-12,CA1350Z7MY70,HIST_TBILL_849
2009-08-18,1.972,,,0.238,,7400.0,98,2009-11-26,CA1350Z7ML59,HIST_TBILL_852
2009-09-01,2.002,,,0.234,,7400.0,98,2009-12-10,CA1350Z7M279,HIST_TBILL_855
2009-09-15,1.964,,,0.227,,8000.0,98,2009-12-24,CA1350Z7MP63,HIST_TBILL_858
2009-09-29,1.871,,,0.222,,8600.0,98,2010-01-07,CA1350Z7M501,HIST_TBILL_861
2009-10-13,1.842,,,0.23,,9200.0,98,2010-01-21,CA1350Z7MR20,HIST_TBILL_864
2009-10-27,1.916,,,0.232,,9200.0,98,2010-02-04,CA1350Z7M840,HIST_TBILL_867
2009-11-10,1.942,,,0.229,,9200.0,98,2010-02-18,CA1350Z7MT85,HIST_TBILL_870
2009-11-24,1.956,,,0.228,,7700.0,98,2010-03-04,CA1350Z7NB68,HIST_TBILL_873
2009-12-08,1.895,,,0.221,,7400.0,98,2010-03-18,CA1350Z7MV32,HIST_TBILL_876
2009-12-22,1.935,,,0.202,,8000.0,98,2010-04-01,CA1350Z7ND25,HIST_TBILL_879
2010-01-05,1.96,,,0.203,,8000.0,98,2010-04-15,CA1350Z7MX97,HIST_TBILL_882
2010-01-19,2.066,,,0.179,,6800.0,98,2010-04-29,CA1350Z7NH39,HIST_TBILL_885
2010-02-02,1.98,,,0.175,,7400.0,98,2010-05-13,CA1350Z7MZ46,HIST_TBILL_888
2010-02-16,2.076,,,0.17,,6800.0,98,2010-05-27,CA1350Z7NM24,HIST_TBILL_891
2010-03-02,2.027,,,0.188,,7100.0,98,2010-06-10,CA1350Z7M352,HIST_TBILL_894
2010-03-16,1.97,,,0.229,,7400.0,97,2010-06-23,CA1350Z7NQ38,HIST_TBILL_897
2010-03-30,2.006,,,0.289,,8000.0,98,2010-07-08,CA1350Z7M683,HIST_TBILL_900
2010-04-13,2.132,,,0.3,,8600.0,98,2010-07-22,CA1350Z7NS93,HIST_TBILL_903
2010-04-27,2.071,,,0.401,,7400.0,98,2010-08-05,CA1350Z7M923,HIST_TBILL_906
2010-05-11,1.943,,,0.405,,6800.0,98,2010-08-19,CA1350Z7NV23,HIST_TBILL_909
2010-05-25,1.964,,,0.427,,7100.0,98,2010-09-02,CA1350Z7NC42,HIST_TBILL_912
2010-06-08,2.069,,,0.54,,6800.0,98,2010-09-16,CA1350Z7NX88,HIST_TBILL_915
2010-06-22,1.883,,,0.579,,7100.0,99,2010-09-30,CA1350Z7NE08,HIST_TBILL_918
2010-07-06,1.926,,,0.552,,8000.0,98,2010-10-14,CA1350Z7N343,HIST_TBILL_921
2010-07-20,2.204,,,0.641,,7400.0,98,2010-10-28,CA1350Z7NJ94,HIST_TBILL_924
2010-08-03,1.911,,,0.696,,7400.0,97,2010-11-10,CA1350Z7PA67,HIST_TBILL_927
2010-08-17,2.094,,,0.695,,7400.0,98,2010-11-25,CA1350Z7NN07,HIST_TBILL_930
2010-08-31,1.884,,,0.692,,7400.0,98,2010-12-09,CA1350Z7PD07,HIST_TBILL_933
2010-09-14,2.018,,,0.919,,7700.0,98,2010-12-23,CA1350Z7NR11,HIST_TBILL_936
2010-09-28,2.059,,,0.893,,7700.0,98,2011-01-06,CA1350Z7PJ76,HIST_TBILL_939
2010-10-12,2.018,,,0.894,,8600.0,98,2011-01-20,CA1350Z7NT76,HIST_TBILL_942
2010-10-26,1.945,,,0.915,,9200.0,98,2011-02-03,CA1350Z7PM06,HIST_TBILL_945
2010-11-09,1.838,,,0.941,,8900.0,99,2011-02-17,CA1350Z7NW06,HIST_TBILL_948
2010-11-23,1.877,,,0.982,,7700.0,98,2011-03-03,CA1350Z7PQ10,HIST_TBILL_951
2010-12-07,1.985,,,1.009,,7100.0,98,2011-03-17,CA1350Z7NY61,HIST_TBILL_954
2010-12-21,1.858,,,0.998,,7400.0,98,2011-03-31,CA1350Z7PU22,HIST_TBILL_957
2011-01-05,2.08,,,0.997,,7100.0,98,2011-04-14,CA1350Z7N426,HIST_TBILL_960
2011-01-18,2.016,,,0.986,,6200.0,98,2011-04-28,CA1350Z7PY44,HIST_TBILL_963
2011-02-01,2.274,,,0.966,,5900.0,98,2011-05-12,CA1350Z7PB41,HIST_TBILL_966
2011-02-15,2.208,,,0.967,,6500.0,98,2011-05-26,CA1350Z7P322,HIST_TBILL_969
2011-03-01,2.286,,,0.969,,7100.0,98,2011-06-09,CA1350Z7PE89,HIST_TBILL_972
2011-03-15,2.147,,,0.938,,6800.0,98,2011-06-23,CA1350Z7P736,HIST_TBILL_975
2011-03-29,2.074,,,0.918,,7700.0,98,2011-07-07,CA1350Z7PK40,HIST_TBILL_978
2011-04-12,2.275,,,0.965,,7700.0,98,2011-07-21,CA1350Z7QA58,HIST_TBILL_981
2011-04-26,2.177,,,0.979,,7700.0,98,2011-08-04,CA1350Z7PN88,HIST_TBILL_984
2011-05-10,2.188,,,0.982,,7700.0,98,2011-08-18,CA1350Z7QD97,HIST_TBILL_987
2011-05-24,2.26,,,0.959,,7400.0,98,2011-09-01,CA1350Z7PR92,HIST_TBILL_990
2011-06-07,2.106,,,0.949,,8000.0,98,2011-09-15,CA1350Z7QH02,HIST_TBILL_993
2011-06-21,2.278,,,0.915,,7400.0,98,2011-09-29,CA1350Z7PV05,HIST_TBILL_996
2011-07-05,2.277,,,0.93,,6500.0,98,2011-10-13,CA1350Z7QM96,HIST_TBILL_999
2011-07-19,2.323,,,0.934,,6500.0,98,2011-10-27,CA1350Z7PZ19,HIST_TBILL_1002
2011-08-02,2.078,,,0.917,,8000.0,98,2011-11-10,CA1350Z7QS66,HIST_TBILL_1005
2011-08-16,1.827,,,0.845,,8600.0,98,2011-11-24,CA1350Z7P405,HIST_TBILL_1008
2011-08-30,1.773,,,0.932,,9200.0,98,2011-12-08,CA1350Z7QV95,HIST_TBILL_1011
2011-09-13,2.235,,,0.902,,8900.0,98,2011-12-22,CA1350Z7P819,HIST_TBILL_1014
2011-09-27,2.085,,,0.868,,8900.0,98,2012-01-05,CA1350Z7Q239,HIST_TBILL_1017
2011-10-11,1.932,,,0.864,,8900.0,98,2012-01-19,CA1350Z7QB32,HIST_TBILL_1020
2011-10-25,2.058,,,0.865,,7700.0,98,2012-02-02,CA1350Z7Q569,HIST_TBILL_1023
2011-11-08,2.212,,,0.908,,7400.0,98,2012-02-16,CA1350Z7QE70,HIST_TBILL_1026
2011-11-22,2.129,,,0.886,,7700.0,98,2012-03-01,CA1350Z7Q981,HIST_TBILL_1029
2011-12-06,2.124,,,0.844,,6500.0,98,2012-03-15,CA1350Z7QJ67,HIST_TBILL_1032
2011-12-20,1.933,,,0.826,,6800.0,98,2012-03-29,CA1350Z7RD88,HIST_TBILL_1035
2012-01-04,2.026,,,0.829,,6500.0,98,2012-04-12,CA1350Z7QN79,HIST_TBILL_1038
2012-01-17,2.069,,,0.82,,6500.0,98,2012-04-26,CA1350Z7RK22,HIST_TBILL_1041
2012-01-31,2.298,,,0.877,,6800.0,98,2012-05-10,CA1350Z7QT40,HIST_TBILL_1044
2012-02-14,1.991,,,0.933,,6800.0,98,2012-05-24,CA1350Z7RN60,HIST_TBILL_1047
2012-02-28,2.137,,,0.941,,7400.0,98,2012-06-07,CA1350Z7QW78,HIST_TBILL_1050
2012-03-13,2.199,,,0.923,,7700.0,98,2012-06-21,CA1350Z7RT31,HIST_TBILL_1053
2012-03-27,1.964,,,0.926,,7700.0,98,2012-07-05,CA1350Z7Q312,HIST_TBILL_1056
2012-04-10,1.999,,,0.944,,7700.0,98,2012-07-19,CA1350Z7RW69,HIST_TBILL_1059
2012-04-24,1.905,,,1.042,,8300.0,98,2012-08-02,CA1350Z7Q643,HIST_TBILL_1062
2012-05-08,2.115,,,1.025,,8900.0,98,2012-08-16,CA1350Z7RZ90,HIST_TBILL_1065
2012-05-22,1.927,,,1.006,,8900.0,98,2012-08-30,CA1350Z7RA40,HIST_TBILL_1068
2012-06-05,2.158,,,0.916,,8600.0,98,2012-09-13,CA1350Z7R484,HIST_TBILL_1071
2012-06-19,1.897,,,0.902,,7400.0,98,2012-09-27,CA1350Z7RE61,HIST_TBILL_1074
2012-07-03,2.207,,,0.887,,6200.0,98,2012-10-11,CA1350Z7R971,HIST_TBILL_1077
2012-07-17,2.17,,,0.892,,7100.0,98,2012-10-25,CA1350Z7RL05,HIST_TBILL_1080
2012-07-31,1.891,,,0.972,,8300.0,98,2012-11-08,CA1350Z7SE52,HIST_TBILL_1083
2012-08-14,1.775,,,1.008,,9500.0,98,2012-11-22,CA1350Z7RP19,HIST_TBILL_1086
2012-08-28,2.044,,,1.034,,10400.0,98,2012-12-06,CA1350Z7SG01,HIST_TBILL_1089
2012-09-11,2.089,,,1.034,,10100.0,98,2012-12-20,CA1350Z7RU04,HIST_TBILL_1092
2012-09-25,2.032,,,1.0,,8600.0,99,2013-01-04,CA1350Z7SM78,HIST_TBILL_1095
2012-10-09,2.164,,,0.991,,7400.0,98,2013-01-17,CA1350Z7RX43,HIST_TBILL_1098
2012-10-23,2.165,,,1.0,,7700.0,98,2013-01-31,CA1350Z7SP00,HIST_TBILL_1101
2012-11-06,2.151,,,0.994,,8900.0,98,2013-02-14,CA1350Z7R229,HIST_TBILL_1104
2012-11-20,2.236,,,0.988,,8600.0,98,2013-02-28,CA1350Z7ST22,HIST_TBILL_1107
2012-12-04,2.444,,,0.979,,8600.0,98,2013-03-14,CA1350Z7R559,HIST_TBILL_1110
2012-12-18,2.437,,,0.98,,7700.0,98,2013-03-28,CA1350Z7SW50,HIST_TBILL_1113
2013-01-03,2.434,,,0.939,,6800.0,97,2013-04-11,CA1350Z7SA31,HIST_TBILL_1116
2013-01-15,2.331,,,0.93,,6800.0,98,2013-04-25,CA1350Z7S391,HIST_TBILL_1119
2013-01-29,2.353,,,0.934,,8000.0,98,2013-05-09,CA1350Z7SF28,HIST_TBILL_1122
2013-02-12,2.378,,,0.944,,8600.0,98,2013-05-23,CA1350Z7S623,HIST_TBILL_1125
2013-02-26,2.405,,,0.96,,8600.0,98,2013-06-06,CA1350Z7SH83,HIST_TBILL_1128
2013-03-12,2.364,,,0.96,,8300.0,98,2013-06-20,CA1350Z7TA22,HIST_TBILL_1131
2013-03-26,2.374,,,0.978,,7400.0,98,2013-07-04,CA1350Z7SN51,HIST_TBILL_1134
2013-04-09,2.088,,,0.97,,8000.0,98,2013-07-18,CA1350Z7TE44,HIST_TBILL_1137
2013-04-23,2.288,,,0.993,,9500.0,98,2013-08-01,CA1350Z7SQ82,HIST_TBILL_1140
2013-05-07,2.15,,,0.995,,10100.0,98,2013-08-15,CA1350Z7TH74,HIST_TBILL_1143
2013-05-21,2.303,,,0.999,,10400.0,98,2013-08-29,CA1350Z7SU94,HIST_TBILL_1146
2013-06-04,2.123,,,1.017,,8900.0,98,2013-09-12,CA1350Z7TM69,HIST_TBILL_1149
2013-06-18,2.18,,,1.024,,8000.0,98,2013-09-26,CA1350Z7SX34,HIST_TBILL_1152
2013-07-02,2.027,,,1.024,,9200.0,98,2013-10-10,CA1350Z7TT13,HIST_TBILL_1155
2013-07-16,2.049,,,1.019,,9500.0,98,2013-10-24,CA1350Z7S474,HIST_TBILL_1158
2013-07-30,2.298,,,1.013,,8900.0,98,2013-11-07,CA1350Z7TX25,HIST_TBILL_1161
2013-08-13,2.313,,,1.002,,10100.0,98,2013-11-21,CA1350Z7S706,HIST_TBILL_1164
2013-08-27,2.379,,,0.995,,8600.0,98,2013-12-05,CA1350Z7TZ72,HIST_TBILL_1167
2013-09-10,2.431,,,0.993,,8300.0,98,2013-12-19,CA1350Z7TB05,HIST_TBILL_1170
2013-09-24,2.602,,,0.986,,7400.0,99,2014-01-03,CA1350Z7T613,HIST_TBILL_1173
2013-10-08,2.608,,,0.959,,6800.0,98,2014-01-16,CA1350Z7TF19,HIST_TBILL_1176
2013-10-22,2.494,,,0.915,,6800.0,98,2014-01-30,CA1350Z7UA03,HIST_TBILL_1179
2013-11-05,2.005,,,0.889,,6800.0,98,2014-02-13,CA1350Z7TJ31,HIST_TBILL_1182
2013-11-19,2.592,,,0.939,,6800.0,98,2014-02-27,CA1350Z7UD42,HIST_TBILL_1185
2013-12-03,2.504,,,0.933,,6500.0,98,2014-03-13,CA1350Z7TN43,HIST_TBILL_1188
2013-12-17,2.222,,,0.902,,6800.0,98,2014-03-27,CA1350Z7UH55,HIST_TBILL_1191
2013-12-30,2.191,,,0.888,,6800.0,97,2014-04-10,CA1350Z7TU85,HIST_TBILL_1194
2014-01-14,2.258,,,0.888,,6200.0,98,2014-04-24,CA1350Z7UN24,HIST_TBILL_1197
2014-01-28,2.366,,,0.891,,6800.0,98,2014-05-08,CA1350Z7TY08,HIST_TBILL_1200
2014-02-11,2.27,,,0.878,,6200.0,98,2014-05-22,CA1350Z7US11,HIST_TBILL_1203
2014-02-25,2.474,,,0.866,,5900.0,98,2014-06-05,CA1350Z7T209,HIST_TBILL_1206
2014-03-11,2.087,,,0.826,,5600.0,98,2014-06-19,CA1350Z7UW23,HIST_TBILL_1209
2014-03-25,2.545,,,0.88,,6200.0,98,2014-07-03,CA1350Z7T795,HIST_TBILL_1212
2014-04-08,2.293,,,0.912,,7100.0,98,2014-07-17,CA1350Z7UZ53,HIST_TBILL_1215
2014-04-22,2.224,,,0.939,,8900.0,98,2014-07-31,CA1350Z7UB85,HIST_TBILL_1218
2014-05-06,2.168,,,0.933,,8300.0,98,2014-08-14,CA1350Z7U512,HIST_TBILL_1221
2014-05-20,2.25,,,0.915,,8600.0,98,2014-08-28,CA1350Z7UE25,HIST_TBILL_1224
2014-06-03,2.127,,,0.927,,7400.0,98,2014-09-11,CA1350Z7U850,HIST_TBILL_1227
2014-06-17,2.207,,,0.928,,6800.0,98,2014-09-25,CA1350Z7UJ12,HIST_TBILL_1230
2014-07-02,2.355,,,0.938,,6800.0,98,2014-10-09,CA1350Z7VC59,HIST_TBILL_1233
2014-07-15,1.849,,,0.939,,7700.0,98,2014-10-23,CA1350Z7UP71,HIST_TBILL_1236
2014-07-29,1.704,,,0.946,,7400.0,98,2014-11-06,CA1350Z7VG63,HIST_TBILL_1239
2014-08-12,2.085,,,0.949,,7400.0,98,2014-11-20,CA1350Z7UT93,HIST_TBILL_1242
2014-08-26,2.073,,,0.936,,6200.0,98,2014-12-04,CA1350Z7VJ03,HIST_TBILL_1245
2014-09-09,2.196,,,0.93,,5600.0,98,2014-12-18,CA1350Z7UX06,HIST_TBILL_1248
2014-09-23,1.954,,,0.918,,5600.0,96,2014-12-30,CA1350Z7VN15,HIST_TBILL_1251
2014-10-07,2.215,,,0.901,,5600.0,98,2015-01-15,CA1350Z7U280,HIST_TBILL_1254
2014-10-21,1.777,,,0.878,,5900.0,98,2015-01-29,CA1350Z7VQ46,HIST_TBILL_1257
2014-11-04,1.74,,,0.89,,7400.0,98,2015-02-12,CA1350Z7U694,HIST_TBILL_1260
2014-11-18,1.823,,,0.895,,7100.0,98,2015-02-26,CA1350Z7VU57,HIST_TBILL_1263
2014-12-02,1.89,,,0.9,,5600.0,98,2015-03-12,CA1350Z7U934,HIST_TBILL_1266
2014-12-16,1.684,,,0.89,,5600.0,98,2015-03-26,CA1350Z7VZ45,HIST_TBILL_1269
2014-12-29,1.663,,,0.912,,6500.0,100,2015-04-09,CA1350Z7VD33,HIST_TBILL_1272
2015-01-13,1.808,,,0.914,,7100.0,98,2015-04-23,CA1350Z7V502,HIST_TBILL_1275
2015-01-27,1.624,,,0.592,,6800.0,98,2015-05-07,CA1350Z7VH47,HIST_TBILL_1278
2015-02-10,1.723,,,0.543,,6500.0,98,2015-05-21,CA1350Z7V767,HIST_TBILL_1281
2015-02-24,1.723,,,0.467,,5000.0,98,2015-06-04,CA1350Z7VK75,HIST_TBILL_1284
2015-03-10,1.826,,,0.593,,5000.0,98,2015-06-18,CA1350Z7WA84,HIST_TBILL_1287
2015-03-24,1.783,,,0.528,,4400.0,98,2015-07-02,CA1350Z7VP62,HIST_TBILL_1290
2015-04-07,1.735,,,0.575,,5900.0,98,2015-07-16,CA1350Z7WF71,HIST_TBILL_1293
2015-04-21,1.718,,,0.647,,7400.0,98,2015-07-30,CA1350Z7VR29,HIST_TBILL_1296
2015-05-05,1.7,,,0.668,,8600.0,98,2015-08-13,CA1350Z7WK66,HIST_TBILL_1299
2015-05-19,1.856,,,0.665,,8000.0,98,2015-08-27,CA1350Z7VV31,HIST_TBILL_1302
2015-06-02,1.802,,,0.616,,6500.0,98,2015-09-10,CA1350Z7WR10,HIST_TBILL_1305
2015-06-16,1.955,,,0.629,,5000.0,98,2015-09-24,CA1350Z7V270,HIST_TBILL_1308
2015-06-30,1.868,,,0.576,,5900.0,98,2015-10-08,CA1350Z7WT75,HIST_TBILL_1311
2015-07-14,1.851,,,0.553,,7400.0,98,2015-10-22,CA1350Z7V684,HIST_TBILL_1314
2015-07-28,1.889,,,0.427,,7400.0,98,2015-11-05,CA1350Z7WV22,HIST_TBILL_1317
2015-08-11,1.807,,,0.396,,7100.0,98,2015-11-19,CA1350Z7V841,HIST_TBILL_1320
2015-08-25,1.935,,,0.376,,6500.0,98,2015-12-03,CA1350Z7WY60,HIST_TBILL_1323
2015-09-08,1.853,,,0.373,,5900.0,98,2015-12-17,CA1350Z7WB67,HIST_TBILL_1326
2015-09-22,1.902,,,0.413,,5600.0,98,2015-12-31,CA1350Z7W260,HIST_TBILL_1329
2015-10-06,1.951,,,0.421,,5300.0,98,2016-01-14,CA1350Z7WG54,HIST_TBILL_1332
2015-10-20,1.776,,,0.393,,6200.0,98,2016-01-28,CA1350Z7W674,HIST_TBILL_1335
2015-11-03,1.859,,,0.414,,7700.0,98,2016-02-11,CA1350Z7WL40,HIST_TBILL_1338
2015-11-17,1.72,,,0.442,,8900.0,98,2016-02-25,CA1350Z7XA75,HIST_TBILL_1341
2015-12-01,1.769,,,0.498,,7400.0,98,2016-03-10,CA1350Z7WS92,HIST_TBILL_1344
2015-12-15,1.664,,,0.472,,5900.0,98,2016-03-24,CA1350Z7XE97,HIST_TBILL_1347
2015-12-29,1.609,,,0.497,,5300.0,98,2016-04-07,CA1350Z7WU49,HIST_TBILL_1350
2016-01-12,1.688,,,0.42,,6800.0,98,2016-04-21,CA1350Z7XJ84,HIST_TBILL_1353
2016-01-26,2.048,,,0.481,,7100.0,98,2016-05-05,CA1350Z7WW05,HIST_TBILL_1356
2016-02-09,1.91,,,0.45,,6200.0,98,2016-05-19,CA1350Z7XL31,HIST_TBILL_1359
2016-02-23,1.984,,,0.462,,5600.0,98,2016-06-02,CA1350Z7WZ36,HIST_TBILL_1362
2016-03-08,2.016,,,0.467,,5000.0,98,2016-06-16,CA1350Z7XQ28,HIST_TBILL_1365
2016-03-22,1.895,,,0.462,,5000.0,98,2016-06-30,CA1350Z7W344,HIST_TBILL_1368
2016-04-05,1.798,,,0.459,,6200.0,98,2016-07-14,CA1350Z7XU30,HIST_TBILL_1371
2016-04-19,1.588,,,0.541,,7700.0,98,2016-07-28,CA1350Z7W757,HIST_TBILL_1374
2016-05-03,1.792,,,0.549,,8900.0,98,2016-08-11,CA1350Z7XX78,HIST_TBILL_1377
2016-05-17,1.763,,,0.539,,8600.0,98,2016-08-25,CA1350Z7XB58,HIST_TBILL_1380
2016-05-31,1.946,,,0.551,,7100.0,98,2016-09-08,CA1350Z7X417,HIST_TBILL_1383
2016-06-14,2.092,,,0.516,,5600.0,98,2016-09-22,CA1350Z7XF62,HIST_TBILL_1386
2016-06-28,2.053,,,0.494,,5000.0,98,2016-10-06,CA1350Z7X748,HIST_TBILL_1389
2016-07-12,2.055,,,0.472,,6200.0,98,2016-10-20,CA1350Z7XK57,HIST_TBILL_1392
2016-07-26,1.888,,,0.504,,6500.0,98,2016-11-03,CA1350Z7YB40,HIST_TBILL_1395
2016-08-09,1.988,,,0.52,,7100.0,98,2016-11-17,CA1350Z7XM14,HIST_TBILL_1398
2016-08-23,1.811,,,0.512,,8300.0,98,2016-12-01,CA1350Z7YD06,HIST_TBILL_1401
2016-09-06,1.825,,,0.509,,6800.0,98,2016-12-15,CA1350Z7XR01,HIST_TBILL_1404
2016-09-20,1.897,,,0.533,,5600.0,98,2016-12-29,CA1350Z7YH10,HIST_TBILL_1407
2016-10-04,2.118,,,0.498,,5000.0,98,2017-01-12,CA1350Z7XV13,HIST_TBILL_1410
2016-10-18,2.012,,,0.504,,5000.0,98,2017-01-26,CA1350Z7YN87,HIST_TBILL_1413
2016-11-01,1.841,,,0.472,,5300.0,98,2017-02-09,CA1350Z7XY51,HIST_TBILL_1416
2016-11-15,1.922,,,0.502,,6200.0,98,2017-02-23,CA1350Z7YS74,HIST_TBILL_1419
2016-11-29,2.029,,,0.509,,7100.0,98,2017-03-09,CA1350Z7X581,HIST_TBILL_1422
2016-12-13,2.033,,,0.5,,5900.0,98,2017-03-23,CA1350Z7YW86,HIST_TBILL_1425
2016-12-28,2.02,,,0.473,,5000.0,98,2017-04-06,CA1350Z7X821,HIST_TBILL_1428
2017-01-10,1.947,,,0.48,,5000.0,98,2017-04-20,CA1350Z7Y241,HIST_TBILL_1431
2017-01-24,2.106,,,0.456,,5000.0,98,2017-05-04,CA1350Z7YC23,HIST_TBILL_1434
2017-02-07,2.087,,,0.466,,5900.0,98,2017-05-18,CA1350Z7Y571,HIST_TBILL_1437
2017-02-21,1.979,,,0.48,,6200.0,98,2017-06-01,CA1350Z7YE88,HIST_TBILL_1440
2017-03-07,2.061,,,0.496,,6200.0,98,2017-06-15,CA1350Z7Y993,HIST_TBILL_1443
2017-03-21,1.996,,,0.513,,6800.0,98,2017-06-29,CA1350Z7YJ75,HIST_TBILL_1446
2017-04-04,1.973,,,0.556,,8000.0,98,2017-07-13,CA1350Z7ZD96,HIST_TBILL_1449
2017-04-18,2.112,,,0.548,,6500.0,98,2017-07-27,CA1350Z7YP36,HIST_TBILL_1452
2017-05-02,2.249,,,0.528,,6800.0,98,2017-08-10,CA1350Z7ZG28,HIST_TBILL_1455
2017-05-16,2.011,,,0.522,,8600.0,98,2017-08-24,CA1350Z7YT57,HIST_TBILL_1458
2017-05-30,1.988,,,0.529,,8600.0,98,2017-09-07,CA1350Z7ZL13,HIST_TBILL_1461
2017-06-13,1.956,,,0.536,,6800.0,98,2017-09-21,CA1350Z7YX69,HIST_TBILL_1464
2017-06-27,2.262,,,0.683,,5600.0,98,2017-10-05,CA1350Z7ZP27,HIST_TBILL_1467
2017-07-11,2.121,,,0.755,,4700.0,98,2017-10-19,CA1350Z7Y324,HIST_TBILL_1470
2017-07-25,1.842,,,0.74,,6200.0,98,2017-11-02,CA1350Z7ZU12,HIST_TBILL_1473
2017-08-08,2.069,,,0.74,,5600.0,98,2017-11-16,CA1350Z7Y654,HIST_TBILL_1476
2017-08-22,2.004,,,0.742,,5000.0,98,2017-11-30,CA1350Z7ZY34,HIST_TBILL_1479
2017-09-05,2.202,,,0.903,,5300.0,98,2017-12-14,CA1350Z7ZA57,HIST_TBILL_1482
2017-09-19,2.019,,,1.009,,5000.0,98,2017-12-28,CA1350Z7Z230,HIST_TBILL_1485
2017-10-03,2.163,,,0.996,,4700.0,98,2018-01-11,CA1350Z7ZE79,HIST_TBILL_1488
2017-10-17,2.142,,,0.96,,4400.0,98,2018-01-25,CA1350Z7Z644,HIST_TBILL_1491
2017-10-31,2.03,,,0.895,,4700.0,98,2018-02-08,CA1350Z7ZH01,HIST_TBILL_1494
2017-11-14,1.967,,,0.879,,4700.0,98,2018-02-22,CA1350Z7Z800,HIST_TBILL_1497
2017-11-28,1.993,,,0.872,,4400.0,98,2018-03-08,CA1350Z7ZM95,HIST_TBILL_1500
2017-12-12,1.941,,,0.899,,4700.0,98,2018-03-22,CA1350Z72A16,HIST_TBILL_1503
2017-12-27,1.875,,,1.05,,4400.0,98,2018-04-05,CA1350Z7ZQ00,HIST_TBILL_1506
2018-01-09,1.608,,,1.17,,4400.0,98,2018-04-19,CA1350Z72D54,HIST_TBILL_1509
2018-01-23,2.169,,,1.196,,4400.0,98,2018-05-03,CA1350Z7ZV94,HIST_TBILL_1512
2018-02-06,2.096,,,1.207,,4400.0,98,2018-05-17,CA1350Z72F03,HIST_TBILL_1515
2018-02-20,2.237,,,1.171,,4400.0,98,2018-05-31,CA1350Z7ZZ09,HIST_TBILL_1518
2018-03-06,2.299,,,1.137,,4400.0,98,2018-06-14,CA1350Z72L70,HIST_TBILL_1521
2018-03-20,2.05,,,1.086,,4400.0,98,2018-06-28,CA1350Z7Z313,HIST_TBILL_1524
2018-04-03,2.186,,,1.121,,5000.0,98,2018-07-12,CA1350Z72Q67,HIST_TBILL_1527
2018-04-17,1.702,,,1.2,,5900.0,98,2018-07-26,CA1350Z7Z727,HIST_TBILL_1530
2018-05-01,1.956,,,1.213,,7100.0,98,2018-08-09,CA1350Z72S24,HIST_TBILL_1533
2018-05-15,1.78,,,1.266,,7400.0,98,2018-08-23,CA1350Z7Z982,HIST_TBILL_1536
2018-05-29,1.959,,,1.3,,6200.0,98,2018-09-06,CA1350Z72U79,HIST_TBILL_1539
2018-06-12,1.982,,,1.274,,5000.0,98,2018-09-20,CA1350Z72B98,HIST_TBILL_1542
2018-06-26,1.696,,,1.247,,5000.0,98,2018-10-04,CA1350Z72Z66,HIST_TBILL_1545
2018-07-10,2.157,,,1.464,,5000.0,98,2018-10-18,CA1350Z72E38,HIST_TBILL_1548
2018-07-24,2.015,,,1.442,,5000.0,98,2018-11-01,CA1350Z73C62,HIST_TBILL_1551
2018-08-07,2.11,,,1.461,,6800.0,98,2018-11-15,CA1350Z72G85,HIST_TBILL_1554
2018-08-21,1.818,,,1.509,,7700.0,98,2018-11-29,CA1350Z73F93,HIST_TBILL_1557
2018-09-04,2.108,,,1.546,,6200.0,98,2018-12-13,CA1350Z72M53,HIST_TBILL_1560
2018-09-18,1.986,,,1.546,,5900.0,98,2018-12-27,CA1350Z73K88,HIST_TBILL_1563
2018-10-02,2.11,,,1.63,,4700.0,98,2019-01-10,CA1350Z72R41,HIST_TBILL_1566
2018-10-16,2.184,,,1.661,,5000.0,98,2019-01-24,CA1350Z73N28,HIST_TBILL_1569
2018-10-30,2.102,,,1.734,,5600.0,98,2019-02-07,CA1350Z72T07,HIST_TBILL_1572
2018-11-13,2.306,,,1.726,,5900.0,98,2019-02-21,CA1350Z73R32,HIST_TBILL_1575
2018-11-27,2.246,,,1.713,,6500.0,98,2019-03-07,CA1350Z72V52,HIST_TBILL_1578
2018-12-11,2.078,,,1.655,,5000.0,98,2019-03-21,CA1350Z73V44,HIST_TBILL_1581
2018-12-21,2.311,,,1.665,,4400.0,98,2019-04-04,CA1350Z73A07,HIST_TBILL_1584
2019-01-08,2.116,,,1.629,,4700.0,98,2019-04-18,CA1350Z73Y82,HIST_TBILL_1587
2019-01-22,2.07,,,1.627,,5600.0,98,2019-05-02,CA1350Z73D46,HIST_TBILL_1590
2019-02-05,2.06,,,1.661,,7100.0,98,2019-05-16,CA1350Z74C53,HIST_TBILL_1593
2019-02-19,2.219,,,1.682,,6800.0,98,2019-05-30,CA1350Z73G76,HIST_TBILL_1596
2019-03-05,2.175,,,1.674,,5900.0,98,2019-06-13,CA1350Z74H41,HIST_TBILL_1599
2019-03-19,2.12,,,1.652,,7400.0,98,2019-06-27,CA1350Z73L61,HIST_TBILL_1602
2019-04-02,2.229,,,1.66,,5000.0,98,2019-07-11,CA1350Z74M36,HIST_TBILL_1605
2019-04-16,2.075,,,1.672,,5600.0,98,2019-07-25,CA1350Z73P75,HIST_TBILL_1608
2019-04-30,2.01,,,1.666,,6800.0,98,2019-08-08,CA1350Z74P66,HIST_TBILL_1611
2019-05-14,1.889,,,1.676,,7700.0,98,2019-08-22,CA1350Z73S15,HIST_TBILL_1614
2019-05-28,1.977,,,1.687,,8000.0,98,2019-09-05,CA1350Z74T88,HIST_TBILL_1617
2019-06-11,1.899,,,1.671,,6500.0,98,2019-09-19,CA1350Z73W27,HIST_TBILL_1620
2019-06-25,2.002,,,1.661,,5000.0,98,2019-10-03,CA1350Z74W18,HIST_TBILL_1623
2019-07-09,1.977,,,1.653,,4400.0,98,2019-10-17,CA1350Z73Z57,HIST_TBILL_1626
2019-07-23,1.88,,,1.645,,4700.0,98,2019-10-31,CA1350Z75A88,HIST_TBILL_1629
2019-08-06,1.782,,,1.644,,6800.0,98,2019-11-14,CA1350Z74D37,HIST_TBILL_1632
2019-08-20,1.778,,,1.638,,7700.0,98,2019-11-28,CA1350Z75C45,HIST_TBILL_1635
2019-09-03,1.874,,,1.619,,6500.0,98,2019-12-12,CA1350Z74J07,HIST_TBILL_1638
2019-09-17,1.88,,,1.624,,5000.0,99,2019-12-27,CA1350Z75G58,HIST_TBILL_1641
2019-10-01,1.911,,,1.635,,5000.0,98,2020-01-09,CA1350Z74N19,HIST_TBILL_1644
2019-10-15,1.841,,,1.636,,5000.0,98,2020-01-23,CA1350Z75J97,HIST_TBILL_1647
2019-10-29,1.751,,,1.662,,6200.0,98,2020-02-06,CA1350Z74Q40,HIST_TBILL_1650
2019-11-12,1.856,,,1.661,,5300.0,98,2020-02-20,CA1350Z75M27,HIST_TBILL_1653
2019-11-26,1.838,,,1.652,,5300.0,98,2020-03-05,CA1350Z74U51,HIST_TBILL_1656
2019-12-10,1.927,,,1.652,,5000.0,98,2020-03-19,CA1350Z75Q31,HIST_TBILL_1659
2019-12-23,1.7,,,1.671,,4400.0,97,2020-04-02,CA1350Z74X90,HIST_TBILL_1662
2020-01-07,1.858,,,1.648,,4400.0,98,2020-04-16,CA1350Z75T79,HIST_TBILL_1665
2020-01-21,1.889,,,1.642,,6200.0,98,2020-04-30,CA1350Z75B61,HIST_TBILL_1668
2020-02-04,1.728,,,1.638,,6500.0,98,2020-05-14,CA1350Z75Z30,HIST_TBILL_1671
2020-02-18,1.942,,,1.638,,7400.0,98,2020-05-28,CA1350Z75D28,HIST_TBILL_1674
2020-03-03,1.758,,,1.281,,6200.0,98,2020-06-11,CA1350Z76D19,HIST_TBILL_1677
2020-03-17,1.7,,,0.377,,8600.0,98,2020-06-25,CA1350Z75H32,HIST_TBILL_1680
2020-03-31,1.89,,,0.233,,8600.0,98,2020-07-09,CA1350Z76G40,HIST_TBILL_1683
2020-04-07,1.713,,,0.244,,11600.0,98,2020-07-16,CA1350Z76U34,HIST_TBILL_1686
2020-04-14,1.555,,,0.304,,14600.0,98,2020-07-23,CA1350Z75K60,HIST_TBILL_1689
2020-04-21,1.869,,,0.272,,20600.0,98,2020-07-30,CA1350Z76X72,HIST_TBILL_1692
2020-04-28,1.737,,,0.272,,20600.0,98,2020-08-06,CA1350Z76M18,HIST_TBILL_1695
2020-05-05,1.949,,,0.271,,20600.0,98,2020-08-13,CA1350Z77C27,HIST_TBILL_1698
2020-05-12,1.878,,,0.273,,20600.0,98,2020-08-20,CA1350Z75N00,HIST_TBILL_1701
2020-05-19,1.939,,,0.27,,18800.0,98,2020-08-27,CA1350Z77D00,HIST_TBILL_1704
2020-05-26,2.204,,,0.255,,14600.0,98,2020-09-03,CA1350Z76N90,HIST_TBILL_1707
2020-06-02,2.203,,,0.193,,11600.0,98,2020-09-10,CA1350Z77J79,HIST_TBILL_1710
2020-06-09,2.136,,,0.191,,10400.0,98,2020-09-17,CA1350Z75R14,HIST_TBILL_1713
2020-06-16,2.207,,,0.188,,8600.0,98,2020-09-24,CA1350Z76V17,HIST_TBILL_1716
2020-06-23,2.156,,,0.213,,8600.0,98,2020-10-01,CA1350Z76R05,HIST_TBILL_1719
2020-06-30,2.12,,,0.209,,8600.0,98,2020-10-08,CA1350Z77P30,HIST_TBILL_1722
2020-07-07,2.514,,,0.192,,6800.0,98,2020-10-15,CA1350Z75U43,HIST_TBILL_1725
2020-07-14,2.311,,,0.181,,5600.0,98,2020-10-22,CA1350Z76Y55,HIST_TBILL_1728
2020-07-21,2.644,,,0.168,,5600.0,98,2020-10-29,CA1350Z77A60,HIST_TBILL_1731
2020-07-28,2.322,,,0.165,,5600.0,98,2020-11-05,CA1350Z77U25,HIST_TBILL_1734
2020-08-04,2.243,,,0.165,,5600.0,98,2020-11-12,CA1350Z76A79,HIST_TBILL_1737
2020-08-11,2.33,,,0.16,,5600.0,98,2020-11-19,CA1350Z77E82,HIST_TBILL_1740
2020-08-18,2.335,,,0.157,,5600.0,98,2020-11-26,CA1350Z77G31,HIST_TBILL_1743
2020-08-25,2.251,,,0.149,,5600.0,98,2020-12-03,CA1350Z77Z12,HIST_TBILL_1746
2020-09-01,2.446,,,0.145,,5600.0,98,2020-12-10,CA1350Z76E91,HIST_TBILL_1749
2020-09-08,2.243,,,0.147,,5600.0,98,2020-12-17,CA1350Z77K43,HIST_TBILL_1752
2020-09-15,2.455,,,0.146,,5600.0,97,2020-12-23,CA1350Z77M09,HIST_TBILL_1755
2020-09-22,2.439,,,0.146,,5600.0,98,2020-12-31,CA1350Z78E73,HIST_TBILL_1758
2020-09-29,2.764,,,0.136,,5600.0,98,2021-01-07,CA1350Z76H23,HIST_TBILL_1761
2020-10-06,2.541,,,0.111,,5600.0,98,2021-01-14,CA1350Z77Q13,HIST_TBILL_1764
2020-10-13,2.424,,,0.101,,5600.0,98,2021-01-21,CA1350Z77S78,HIST_TBILL_1767
2020-10-20,2.369,,,0.088,,5600.0,98,2021-01-28,CA1350Z78K34,HIST_TBILL_1770
2020-10-27,2.429,,,0.086,,5600.0,98,2021-02-04,CA1350Z76L35,HIST_TBILL_1773
2020-11-03,2.212,,,0.087,,5600.0,98,2021-02-11,CA1350Z77V08,HIST_TBILL_1776
2020-11-10,2.164,,,0.09,,5600.0,98,2021-02-18,CA1350Z77X63,HIST_TBILL_1779
2020-11-24,1.674,,,0.109,,8600.0,98,2021-03-04,CA1350Z76P49,HIST_TBILL_1782
2020-12-08,1.519,,,0.125,,8600.0,98,2021-03-18,CA1350Z78C18,HIST_TBILL_1785
2020-12-22,1.952,,,0.115,,6800.0,99,2021-04-01,CA1350Z76S87,HIST_TBILL_1788
2021-01-05,1.778,,,0.076,,6800.0,98,2021-04-15,CA1350Z78H05,HIST_TBILL_1791
2021-01-19,1.951,,,0.056,,6800.0,98,2021-04-29,CA1350Z77B44,HIST_TBILL_1794
2021-02-02,1.79,,,0.062,,6800.0,98,2021-05-13,CA1350Z78N72,HIST_TBILL_1797
2021-02-16,1.651,,,0.073,,6800.0,98,2021-05-27,CA1350Z77H14,HIST_TBILL_1800
2021-03-02,1.623,,,0.122,,6800.0,98,2021-06-10,CA1350Z78Q04,HIST_TBILL_1803
2021-03-16,1.667,,,0.115,,6800.0,97,2021-06-23,CA1350Z77N81,HIST_TBILL_1806
2021-03-30,1.767,,,0.096,,8600.0,98,2021-07-08,CA1350Z78S69,HIST_TBILL_1809
2021-04-13,1.719,,,0.099,,10400.0,98,2021-07-22,CA1350Z77T51,HIST_TBILL_1812
2021-04-27,1.612,,,0.101,,12200.0,98,2021-08-05,CA1350Z78U16,HIST_TBILL_1815
2021-05-11,1.756,,,0.112,,12200.0,98,2021-08-19,CA1350Z77Y47,HIST_TBILL_1818
2021-05-25,1.627,,,0.109,,12200.0,98,2021-09-02,CA1350Z78W71,HIST_TBILL_1821
2021-06-08,1.763,,,0.123,,12200.0,98,2021-09-16,CA1350Z78D90,HIST_TBILL_1824
2021-06-22,1.686,,,0.142,,12200.0,99,2021-09-30,CA1350Z78Y38,HIST_TBILL_1827
2021-07-06,1.631,,,0.159,,12200.0,98,2021-10-14,CA1350Z78J60,HIST_TBILL_1830
2021-07-20,1.815,,,0.18,,12200.0,98,2021-10-28,CA1350Z7AB06,HIST_TBILL_1833
2021-08-03,1.801,,,0.181,,11000.0,97,2021-11-10,CA1350Z78P21,HIST_TBILL_1836
2021-08-17,1.967,,,0.187,,9200.0,98,2021-11-25,CA1350Z7AD61,HIST_TBILL_1839
2021-08-31,2.387,,,0.178,,8000.0,98,2021-12-09,CA1350Z78R86,HIST_TBILL_1842
2021-09-14,2.302,,,0.16,,8000.0,98,2021-12-23,CA1350Z7AF10,HIST_TBILL_1845
2021-09-28,2.272,,,0.146,,8000.0,97,2022-01-06,CA1350Z78T43,HIST_TBILL_1848
2021-10-12,2.146,,,0.149,,8600.0,98,2022-01-20,CA1350Z7AH75,HIST_TBILL_1851
2021-10-26,2.1,,,0.146,,8600.0,98,2022-02-03,CA1350Z78V98,HIST_TBILL_1854
2021-11-09,2.207,,,0.163,,8600.0,99,2022-02-17,CA1350Z7AK05,HIST_TBILL_1857
2021-11-23,2.376,,,0.129,,8000.0,98,2022-03-03,CA1350Z78X54,HIST_TBILL_1860
2021-12-07,1.863,,,0.04,,8000.0,98,2022-03-17,CA1350Z7AM60,HIST_TBILL_1863
2021-12-21,1.911,,,0.174,,8000.0,98,2022-03-31,CA1350Z7AA23,HIST_TBILL_1866
2022-01-05,1.852,,,0.243,,8000.0,98,2022-04-14,CA1350Z7AP91,HIST_TBILL_1869
2022-01-18,1.666,,,0.517,,8000.0,98,2022-04-28,CA1350Z7AC88,HIST_TBILL_1872
2022-02-01,2.175,14800.0,6200.0,0.424,2.625,8600.0,98,2022-05-12,CA1350Z7AR57,19002005469-1
2022-02-15,2.186,17400.0,8800.0,0.618,31.05691,8600.0,98,2022-05-26,CA1350Z7AE45,19002003807-1
2022-03-01,2.402,14600.0,6000.0,0.615,45.85635,8600.0,98,2022-06-09,CA1350Z7AT14,19002003819-1
2022-03-15,2.07,17400.0,8800.0,0.701,93.04348,8600.0,98,2022-06-23,CA1350Z7AG92,19002005569-1
2022-03-29,2.138,14600.0,6000.0,0.773,13.25444,8600.0,98,2022-07-07,CA1350Z7AV69,19002005616-1
2022-04-12,2.076,17000.0,8400.0,1.021,60.15385,8600.0,98,2022-07-21,CA1350Z7AJ32,19002005672-1
2022-04-26,1.824,15000.0,6400.0,1.376,95.33333,8600.0,98,2022-08-04,CA1350Z7AX26,19002005769-1
2022-05-10,2.041,15000.0,6400.0,1.491,88.29851,8600.0,98,2022-08-18,CA1350Z7AL87,19002005794-1
2022-05-24,2.062,15000.0,6400.0,1.477,23.39726,8600.0,98,2022-09-01,CA1350Z7AZ73,19002005870-1
2022-06-07,2.144,14000.0,6000.0,1.771,89.15789,8000.0,98,2022-09-15,CA1350Z7AN44,19002005933-1
2022-06-21,2.194,14400.0,6400.0,2.105,93.48214,8000.0,98,2022-09-29,CA1350Z7A381,19002006030-1
2022-07-05,1.807,14400.0,6400.0,2.196,75.33333,8000.0,98,2022-10-13,CA1350Z7AQ74,19002006110-1
2022-07-19,2.069,15600.0,6400.0,2.696,39.0,9200.0,98,2022-10-27,CA1350Z7A530,19002006173-1
2022-08-02,1.888,15400.0,6200.0,2.836,36.05263,9200.0,98,2022-11-10,CA1350Z7AS31,19002007752-1
2022-08-16,1.76,15400.0,6200.0,2.984,64.32,9200.0,98,2022-11-24,CA1350Z7A795,19002007380-1
2022-08-30,1.926,15200.0,6000.0,3.318,69.75571,9200.0,98,2022-12-08,CA1350Z7AU86,19002007784-1
2022-09-13,1.791,15200.0,6000.0,3.482,80.25806,9200.0,98,2022-12-22,CA1350Z7A951,19002008552-1
2022-09-27,1.833,15200.0,6000.0,3.652,20.93333,9200.0,98,2023-01-05,CA1350Z7AW43,19002009353-1
2022-10-11,1.849,16000.0,6800.0,3.826,84.0,9200.0,98,2023-01-19,CA1350Z7BB96,19002009358-1
2022-10-25,1.772,15600.0,6400.0,4.172,64.66667,9200.0,98,2023-02-02,CA1350Z7AY09,19002010552-1
2022-11-08,1.999,16000.0,6800.0,4.12,6.0,9200.0,98,2023-02-16,CA1350Z7BE36,19002012153-1
2022-11-22,2.09,15600.0,6400.0,4.133,87.78656,9200.0,98,2023-03-02,CA1350Z7A209,19002012215-1
2022-12-06,2.088,16000.0,6800.0,4.157,38.12903,9200.0,98,2023-03-16,CA1350Z7BF01,19002012593-1
2022-12-20,2.088,15600.0,6400.0,4.303,31.63636,9200.0,98,2023-03-30,CA1350Z7A464,19002013394-1
2023-01-04,1.888,16000.0,6800.0,4.356,1.28955,9200.0,98,2023-04-13,CA1350Z7BH66,19002013818-1
2023-01-17,2.124,15600.0,6400.0,4.446,33.55224,9200.0,98,2023-04-27,CA1350Z7A613,19002014614-1
2023-01-31,1.959,17200.0,6800.0,4.458,64.69565,10400.0,98,2023-05-11,CA1350Z7BK95,19002015016-1
2023-02-14,1.859,16600.0,6200.0,4.57,26.15385,10400.0,98,2023-05-25,CA1350Z7A878,19002015002-1
2023-02-28,2.157,17200.0,6800.0,4.564,44.0,10400.0,98,2023-06-08,CA1350Z7BM51,19002015393-1
2023-03-14,2.138,16400.0,6000.0,4.459,40.40201,10400.0,98,2023-06-22,CA1350Z7BA14,19002015815-1
2023-03-28,1.927,17200.0,6800.0,4.407,46.70588,10400.0,98,2023-07-06,CA1350Z7BP82,19002016215-1
2023-04-11,1.877,18400.0,6800.0,4.437,45.82677,11600.0,98,2023-07-20,CA1350Z7BC79,19002016612-1
2023-04-25,1.621,20400.0,7600.0,4.45,56.48833,12800.0,98,2023-08-03,CA1350Z7BR49,19002016618-1
2023-05-09,2.009,18400.0,6800.0,4.459,22.75862,11600.0,98,2023-08-17,CA1350Z7BD52,19002017413-1
2023-05-23,1.651,21000.0,7600.0,4.563,48.8,13400.0,98,2023-08-31,CA1350Z7BT05,19002017423-1
2023-06-06,1.853,18400.0,6800.0,4.758,34.24242,11600.0,98,2023-09-14,CA1350Z7BG83,19002017817-1
2023-06-20,2.005,19600.0,8000.0,4.932,59.83333,11600.0,98,2023-09-28,CA1350Z7BV50,19002018615-1
2023-07-04,1.882,18400.0,6800.0,4.954,96.77273,11600.0,98,2023-10-12,CA1350Z7BJ23,19002019813-1
2023-07-19,1.797,21000.0,8800.0,5.034,15.0,12200.0,98,2023-10-26,CA1350Z7BX17,19002022632-1
2023-08-01,1.823,20200.0,6800.0,5.073,33.93,13400.0,98,2023-11-09,CA1350Z7BL78,19002022233-1
2023-08-15,1.673,23600.0,9000.0,5.121,5.0,14600.0,98,2023-11-23,CA1350Z7BZ64,19002022658-1
2023-08-29,1.808,22000.0,6800.0,5.157,80.0,15200.0,98,2023-12-07,CA1350Z7BN35,19002022683-1
2023-09-12,1.895,23000.0,8400.0,5.124,41.1526,14600.0,98,2023-12-21,CA1350Z7B371,19002023473-1
2023-09-26,1.773,20200.0,6800.0,5.145,84.875,13400.0,98,2024-01-04,CA1350Z7BQ65,19002023480-1
2023-10-10,2.015,20800.0,9200.0,5.155,14.03077,11600.0,98,2024-01-18,CA1350Z7B520,19002023489-1
2023-10-24,2.067,19200.0,7600.0,5.161,60.39773,11600.0,98,2024-02-01,CA1350Z7BS22,19002023510-1
2023-11-07,2.019,22200.0,10600.0,5.046,50.67611,11600.0,98,2024-02-15,CA1350Z7B785,19002024279-1
2023-11-21,1.981,19200.0,7600.0,5.042,78.07692,11600.0,98,2024-02-29,CA1350Z7BU77,19002025492-1
2023-12-05,1.842,21600.0,10000.0,5.02,65.46606,11600.0,98,2024-03-14,CA1350Z7B942,19002025873-1
2023-12-19,1.833,19600.0,8000.0,5.037,45.55556,11600.0,98,2024-03-28,CA1350Z7BW34,19002025899-1
2024-01-03,1.776,20000.0,8400.0,5.041,14.66667,11600.0,98,2024-04-11,CA1350Z7CC60,19002026280-1
2024-01-16,2.12,21000.0,8800.0,5.041,44.79839,12200.0,98,2024-04-25,CA1350Z7BY99,19002026283-1
2024-01-30,2.105,20600.0,8400.0,5.031,53.20388,12200.0,98,2024-05-09,CA1350Z7CE27,19002027075-1
2024-02-13,2.016,23000.0,9000.0,5.032,1.68117,14000.0,98,2024-05-23,CA1350Z7B298,19002027877-1
2024-02-27,1.867,22400.0,8400.0,4.981,75.28571,14000.0,98,2024-06-06,CA1350Z7CG74,19002028676-1
2024-03-12,1.819,22400.0,8400.0,4.94,55.04762,14000.0,98,2024-06-20,CA1350Z7B454,19002028683-1
2024-03-26,1.603,24400.0,8600.0,4.999,22.65,15800.0,98,2024-07-04,CA1350Z7CJ14,19002029475-1
2024-04-09,2.071,23200.0,9200.0,4.98,82.44884,14000.0,98,2024-07-18,CA1350Z7B603,19002030276-1
2024-04-23,1.993,22200.0,9400.0,4.94,85.07267,12800.0,98,2024-08-01,CA1350Z7CL69,19002031472-1
2024-05-07,2.138,23400.0,10600.0,4.923,84.32133,12800.0,98,2024-08-15,CA1350Z7B868,19002031875-1
2024-05-21,2.058,22200.0,10000.0,4.872,19.56923,12200.0,98,2024-08-29,CA1350Z7CN26,19002032672-1
2024-06-04,1.886,22800.0,10000.0,4.782,60.0,12800.0,99,2024-09-12,CA1350Z7CA05,19002033075-1
2024-06-18,1.958,22800.0,10600.0,4.659,15.99119,12200.0,99,2024-09-26,CA1350Z7CQ56,19002033493-1
2024-07-02,1.935,20000.0,8400.0,4.649,70.83333,11600.0,99,2024-10-10,CA1350Z7CD44,19002033878-1
2024-07-16,2.132,20800.0,9200.0,4.537,79.63636,11600.0,99,2024-10-24,CA1350Z7CS13,19002034313-1
2024-07-30,1.918,21800.0,8400.0,4.409,46.66667,13400.0,99,2024-11-07,CA1350Z7CF91,19002034693-1
2024-08-13,1.726,24200.0,9000.0,4.263,62.64407,15200.0,99,2024-11-21,CA1350Z7CU68,19002035492-1
2024-08-27,1.812,23000.0,8400.0,4.205,50.24,14600.0,99,2024-12-05,CA1350Z7CH57,19002035913-1
2024-09-10,1.7,22600.0,8600.0,4.054,7.71429,14000.0,98,2024-12-18,CA1350Z7CX08,19002036293-1
2024-09-24,1.887,20800.0,8600.0,3.979,26.58333,12200.0,100,2025-01-03,CA1350Z7CK86,19002036696-1
2024-10-08,1.795,21800.0,9000.0,3.92,63.81818,12800.0,98,2025-01-15,CA1350Z7C288,19002037100-1
2024-10-22,1.738,22200.0,9400.0,3.643,60.9,12800.0,99,2025-01-30,CA1350Z7CM43,19002037893-1
2024-11-05,1.691,24000.0,10600.0,3.511,0.625,13400.0,98,2025-02-12,CA1350Z7C692,19002038693-1
2024-11-19,1.898,23100.0,10000.0,3.481,15.83333,13100.0,99,2025-02-27,CA1350Z7CP73,19002040693-1
2024-12-03,1.906,21600.0,9400.0,3.362,55.46512,12200.0,98,2025-03-12,CA1350Z7DA95,19002041113-1
2024-12-17,1.798,23400.0,10600.0,3.147,17.52941,12800.0,99,2025-03-27,CA1350Z7CR30,19002041104-1
2024-12-30,1.435,22000.0,9200.0,3.14,97.09091,12800.0,96,2025-04-09,CA1350Z7DD35,19002041899-1
2025-01-14,1.716,22600.0,9200.0,3.134,83.62319,13400.0,99,2025-04-24,CA1350Z7CT95,19002041904-1
2025-01-28,1.701,22900.0,9500.0,2.962,30.45455,13400.0,98,2025-05-07,CA1350Z7DG65,19002041510-1
2025-02-11,1.841,22400.0,9000.0,2.835,73.2093,13400.0,99,2025-05-22,CA1350Z7CV42,19002043112-1
2025-02-25,1.767,23600.0,9000.0,2.838,12.21154,14600.0,98,2025-06-04,CA1350Z7DJ05,19002043123-1
2025-03-11,1.869,22000.0,8600.0,2.668,92.01258,13400.0,98,2025-06-18,CA1350Z7CY80,19002045093-1
2025-03-25,1.824,22200.0,9400.0,2.645,52.25952,12800.0,98,2025-07-02,CA1350Z7DN17,19002046692-1
2025-04-08,1.743,23600.0,9000.0,2.586,97.57433,14600.0,98,2025-07-16,CA1350Z7C361,19002046698-1
2025-04-22,1.707,24200.0,9600.0,2.653,20.62069,14600.0,98,2025-07-30,CA1350Z7DQ48,19002047117-1
2025-05-06,1.725,26400.0,10600.0,2.63,59.08289,15800.0,98,2025-08-13,CA1350Z7C775,19002047515-1
2025-05-20,1.526,27600.0,10000.0,2.644,6.22222,17600.0,98,2025-08-27,CA1350Z7DU59,19002047504-1
2025-06-03,1.696,25200.0,9400.0,2.641,94.38078,15800.0,98,2025-09-10,CA1350Z7DB78,19002048296-1
2025-06-17,1.696,23800.0,9800.0,2.688,2.06452,14000.0,98,2025-09-24,CA1350Z7DX98,19002048304-1
2025-06-30,1.838,22600.0,9200.0,2.663,5.54182,13400.0,98,2025-10-08,CA1350Z7DE18,19002049493-1
2025-07-15,1.716,25400.0,10800.0,2.702,60.0,14600.0,98,2025-10-22,CA1350Z7D278,19002049501-1
2025-07-29,1.561,24700.0,9500.0,2.694,28.19048,15200.0,98,2025-11-05,CA1350Z7DH49,19002049529-1
2025-08-12,1.623,28200.0,11800.0,2.671,4.66667,16400.0,98,2025-11-19,CA1350Z7D500,19002050294-1
2025-08-26,1.598,26600.0,9000.0,2.661,17.64103,17600.0,98,2025-12-03,CA1350Z7DK77,19002050301-1
2025-09-09,1.902,25600.0,9800.0,2.538,40.64947,15800.0,98,2025-12-17,CA1350Z7D922,19002051094-1
2025-09-23,1.752,24000.0,9400.0,2.433,5.96721,14600.0,98,2025-12-31,CA1350Z7DP64,19002050705-1
2025-10-07,1.85,24000.0,10600.0,2.393,30.0,13400.0,98,2026-01-14,CA1350Z7EB69,19002051519-1
2025-10-21,1.823,24200.0,9600.0,2.328,36.66667,14600.0,98,2026-01-28,CA1350Z7DR21,19002051527-1
2025-11-04,1.967,25400.0,12000.0,2.225,72.5072,13400.0,98,2026-02-11,CA1350Z7ED26,19002052313-1
2025-11-18,2.023,22800.0,10000.0,2.218,19.58824,12800.0,98,2026-02-25,CA1350Z7DV33,19002053093-1
2025-12-02,1.924,21800.0,10800.0,2.19,67.29412,11000.0,98,2026-03-11,CA1350Z7EG56,19002053893-1
2025-12-16,1.922,20200.0,9800.0,2.19,21.06047,10400.0,98,2026-03-25,CA1350Z7DY71,19002055094-1
2025-12-30,1.555,19800.0,10000.0,2.192,51.0,9800.0,98,2026-04-08,CA1350Z7EJ95,19002055496-1
2026-01-13,1.745,21800.0,10800.0,2.2,78.08696,11000.0,98,2026-04-22,CA1350Z7D351,19002055900-1
2026-01-27,1.721,21000.0,9400.0,2.194,52.0,11600.0,98,2026-05-06,CA1350Z7EL42,19002056313-1
2026-02-10,1.649,25200.0,11800.0,2.19,96.36364,13400.0,98,2026-05-20,CA1350Z7D682,19002056712-1
2026-02-24,1.664,21200.0,7800.0,2.191,17.33333,13400.0,98,2026-06-03,CA1350Z7EN08,19002057912-1
2026-03-10,1.663,22000.0,9800.0,2.22,88.64,12200.0,98,2026-06-17,CA1350Z7EA86,19002057921-1
2026-03-24,1.424,21000.0,7600.0,2.312,91.03704,13400.0,99,2026-07-02,CA1350Z7EQ39,19002058301-1
2026-04-07,1.487,26400.0,10600.0,2.318,4.4,15800.0,98,2026-07-15,CA1350Z7EC43,19002058310-1
2026-04-21,1.501,25400.0,9000.0,2.286,60.4918,16400.0,98,2026-07-29,CA1350Z7ES94,19002059257-1
2026-05-05,1.541,29600.0,12000.0,2.32,28.38095,17600.0,98,2026-08-12,CA1350Z7EE09,19002059896-1
2026-05-19,1.551,27400.0,9200.0,2.323,90.35016,18200.0,98,2026-08-26,CA1350Z7EV24,19002060692-1
2026-06-02,1.646,26600.0,10800.0,2.316,13.38462,15800.0,98,2026-09-09,CA1350Z7EH30,19002060300-1
2026-06-16,1.874,23800.0,10400.0,2.289,69.48625,13400.0,98,2026-09-23,CA1350Z7EY62,19002061912-1
2026-06-30,1.724,22800.0,10000.0,2.284,39.80488,12800.0,97,2026-10-07,CA1350Z7EK68,19002061919-1
2026-07-14,1.747,27200.0,12000.0,2.291,46.97773,15200.0,98,2026-10-21,CA1350Z7E425,19002062298-1
2026-07-28,1.667,25800.0,9400.0,2.29,76.7458,16400.0,98,2026-11-04,CA1350Z7EM25,19002063094-1
2026-08-11,1.579,28400.0,12000.0,2.298,77.98824,16400.0,98,2026-11-18,CA1350Z7E755,19002063100-1
2026-08-25,1.712,24200.0,7800.0,2.289,23.64622,16400.0,98,2026-12-02,CA1350Z7EP55,19002064372-1
2026-09-08,1.673,24600.0,9400.0,2.314,88.0,15200.0,98,2026-12-16,CA1350Z7FA77,19002065094-1
