month,bond_etf_net_sales_millions,bond_etf_net_assets_billions,source_url,prefix_used
2023-03,2297.0,84.4,https://www.sima-amvi.ca/wp-content/uploads/2023/04/IFIC-Monthly-Investment-Fund-Statistics-March-2023.pdf?id=28352&lang=en_CA,IFIC
2023-04,860.0,85.5,https://www.sima-amvi.ca/wp-content/uploads/2023/05/IFIC-Monthly-Investment-Fund-Statistics-April-2023.pdf?id=28386&lang=en_CA,IFIC
2023-05,819.0,84.7,https://www.sima-amvi.ca/wp-content/uploads/2023/06/IFIC-Monthly-Investment-Fund-Statistics-May-2023.pdf?id=28473&lang=en_CA,IFIC
2023-06,1177.0,85.9,https://www.sima-amvi.ca/wp-content/uploads/2023/07/IFIC-Monthly-Investment-Fund-Statistics-June-2023.pdf?id=28502&lang=en_CA,IFIC
2023-07,986.0,86.2,https://www.sima-amvi.ca/wp-content/uploads/2023/08/IFIC-Monthly-Investment-Fund-Statistics-July-2023.pdf?id=28605&lang=en_CA,IFIC
2023-08,641.0,86.3,https://www.sima-amvi.ca/wp-content/uploads/2023/09/IFIC-Monthly-Investment-Fund-Statistics-August-2023.pdf?id=28672&lang=en_CA,IFIC
2023-09,1040.0,85.4,https://www.sima-amvi.ca/wp-content/uploads/2023/10/IFIC-Monthly-Investment-Fund-Statistics-September-2023.pdf?id=28732&lang=en_CA,IFIC
2023-10,1410.0,86.3,https://www.sima-amvi.ca/wp-content/uploads/2023/11/IFIC-Monthly-Investment-Fund-Statistics-October-2023.pdf?id=28818&lang=en_CA,IFIC
2023-11,582.0,90.4,https://www.sima-amvi.ca/wp-content/uploads/2023/12/IFIC-Monthly-Investment-Fund-Statistics-November-2023.pdf?id=28903&lang=en_CA,IFIC
2023-12,1816.0,94.6,https://www.sima-amvi.ca/wp-content/uploads/2024/01/IFIC-Monthly-Investment-Fund-Statistics-December-2023.pdf?id=28947&lang=en_CA,IFIC
2024-01,321.0,94.1,https://www.sima-amvi.ca/wp-content/uploads/2024/02/IFIC-Monthly-Investment-Fund-Statistics-January-2024.pdf?id=29048&lang=en_CA,IFIC
2024-02,1182.0,94.8,https://www.sima-amvi.ca/wp-content/uploads/2024/03/IFIC-Monthly-Investment-Fund-Statistics-February-2024.pdf?id=29331&lang=en_CA,IFIC
2024-04,1734.0,95.9,https://www.sima-amvi.ca/wp-content/uploads/2024/05/IFIC-Monthly-Investment-Fund-Statistics-April-2024.pdf?id=29568&lang=en_CA,IFIC
2024-05,1287.0,98.4,https://www.sima-amvi.ca/wp-content/uploads/2024/06/IFIC-Monthly-Investment-Fund-Statistics-May-2024.pdf?id=29658&lang=en_CA,IFIC
2024-06,5349.0,104.4,https://www.sima-amvi.ca/wp-content/uploads/2024/07/IFIC-Monthly-Investment-Fund-Statistics-June-2024.pdf?id=29707&lang=en_CA,IFIC
2024-07,1463.0,107.7,https://www.sima-amvi.ca/wp-content/uploads/2024/08/IFIC-Monthly-Investment-Fund-Statistics-July-2024.pdf?id=29751&lang=en_CA,IFIC
2024-08,1176.0,109.2,https://www.sima-amvi.ca/wp-content/uploads/2024/09/IFIC-Monthly-Investment-Fund-Statistics-August-2024.pdf?id=29799&lang=en_CA,IFIC
2024-09,1490.0,112.0,https://www.sima-amvi.ca/wp-content/uploads/2024/10/IFIC-Monthly-Investment-Fund-Statistics-September-2024.pdf?id=29952&lang=en_CA,IFIC
2024-10,2736.0,113.2,https://www.sima-amvi.ca/wp-content/uploads/2024/11/IFIC-Monthly-Investment-Fund-Statistics-October-2024.pdf?id=30035&lang=en_CA,IFIC
2024-11,979.0,115.7,https://www.sima-amvi.ca/wp-content/uploads/2024/12/IFIC-Monthly-Investment-Fund-Statistics-November-2024.pdf?id=30099&lang=en_CA,IFIC
2024-12,2081.0,116.7,https://www.sima-amvi.ca/wp-content/uploads/2025/01/IFIC-Monthly-Investment-Fund-Statistics-December-2024.pdf?id=30161&lang=en_CA,IFIC
2025-01,1698.0,119.4,https://www.sima-amvi.ca/wp-content/uploads/2025/02/IFIC-Monthly-Investment-Fund-Statistics-January-2025.pdf?id=30251&lang=en_CA,IFIC
2025-02,3075.0,123.3,https://www.sima-amvi.ca/wp-content/uploads/2025/03/IFIC-Monthly-Investment-Fund-Statistics-February-2025.pdf?id=30422&lang=en_CA,IFIC
2025-03,4088.0,126.6,https://www.sima-amvi.ca/wp-content/uploads/2025/04/SIMA-Monthly-Investment-Fund-Statistics-March-2025.pdf?id=31961&lang=en_CA,SIMA
2025-04,104.0,125.8,https://www.sima-amvi.ca/wp-content/uploads/2025/05/SIMA-Monthly-Investment-Fund-Statistics-April-2025.pdf?id=33025&lang=en_CA,SIMA
2025-05,3103.0,128.8,https://www.sima-amvi.ca/wp-content/uploads/2025/06/SIMA-Monthly-Investment-Fund-Statistics-May-2025.pdf?id=33588&lang=en_CA,SIMA
2025-06,1960.0,130.9,https://www.sima-amvi.ca/wp-content/uploads/2025/07/SIMA-Monthly-Investment-Fund-Statistics-June-2025.pdf?id=34295&lang=en_CA,SIMA
2025-07,1515.0,131.7,https://www.sima-amvi.ca/wp-content/uploads/2025/08/SIMA-Monthly-Investment-Fund-Statistics-July-2025.pdf?id=35049&lang=en_CA,SIMA
2025-08,1870.0,133.7,https://www.sima-amvi.ca/wp-content/uploads/2025/09/SIMA-Monthly-Investment-Fund-Statistics-August-2025.pdf?id=38784&lang=en_CA,SIMA
2025-09,3677.0,138.6,https://www.sima-amvi.ca/wp-content/uploads/2025/10/SIMA-Monthly-Investment-Fund-Statistics-September-2025.pdf?id=39595&lang=en_CA,SIMA
2025-10,2043.0,141.1,https://www.sima-amvi.ca/wp-content/uploads/2025/11/SIMA-Monthly-Investment-Fund-Statistics-October-2025.pdf?id=41275&lang=en_CA,SIMA
2025-11,3238.0,143.9,https://www.sima-amvi.ca/wp-content/uploads/2025/12/SIMA-Monthly-Investment-Fund-Statistics-November-2025.pdf?id=45313&lang=en_CA,SIMA
2025-12,3451.0,146.0,https://www.sima-amvi.ca/wp-content/uploads/2026/01/SIMA-Monthly-Investment-Fund-Statistics-December-2025.pdf?id=52351&lang=en_CA,SIMA
2026-01,4002.0,150.9,https://www.sima-amvi.ca/wp-content/uploads/2026/02/SIMA-Monthly-Investment-Fund-Statistics-January-2026.pdf?id=57246&lang=en_CA,SIMA
2026-02,4354.0,156.7,https://www.sima-amvi.ca/wp-content/uploads/2026/03/SIMA-Monthly-Investment-Fund-Statistics-February-2026.pdf?id=63497&lang=en_CA,SIMA
2026-03,3711.0,157.6,https://www.sima-amvi.ca/wp-content/uploads/2026/04/SIMA-Monthly-Investment-Fund-Statistics-March-2026.pdf?id=74181&lang=en_CA,SIMA
2026-04,1435.0,158.7,https://www.sima-amvi.ca/wp-content/uploads/2026/05/SIMA-Monthly-Investment-Fund-Statistics-April-2026.pdf?id=82648&lang=en_CA,SIMA
2026-05,2623.0,162.5,https://www.sima-amvi.ca/wp-content/uploads/2026/06/SIMA-Monthly-Investment-Fund-Statistics-May-2026.pdf?id=92296&lang=en_CA,SIMA
2026-06,2440.0,165.2,https://www.sima-amvi.ca/wp-content/uploads/2026/07/SIMA-Monthly-Investment-Fund-Statistics-June-2026.pdf?id=110795&lang=en_CA,SIMA
2026-07,2599.0,165.5,https://www.sima-amvi.ca/wp-content/uploads/2026/08/SIMA-Monthly-Investment-Fund-Statistics-July-2026.pdf?id=137644&lang=en_CA,SIMA
