"Date","Symbol","Class Symbol","Root Symbol","Underlying Symbol","Strike Price","Expiry Date","Call/Put","Ins. Type","Bid Price","Ask Price","Bid Size","Ask Size","Last Price","Volume","Last Close Price","Net Change","Open Price","High Price","Low Price","Total Value","Nb. Trades","Settlement Price","Open Interest","Implied Volatility","Accrued Financing Value","Accrued Financing Date","CORRA Rate"
"2024-12-02","COAZ24","COA","COA","COA",0,"2025-01-02",0,1,0,0,0,0,0,0,0,0,0,0,0,0,0,96.47,351,0,0,"",0
"2024-12-02","COAF25","COA","COA","COA",0,"2025-02-03",0,1,0,0,0,0,96.63,50,96.62,0.01,96.625,96.63,96.625,4830,2,96.62,120,0,0,"",0
"2024-12-02","COAG25","COA","COA","COA",0,"2025-03-03",0,1,0,0,0,0,0,0,0,0,0,0,0,0,0,96.82,0,0,0,"",0
"2024-12-02","COAH25","COA","COA","COA",0,"2025-04-01",0,1,0,0,0,0,0,0,0,0,0,0,0,0,0,96.905,0,0,0,"",0
"2024-12-03","COAZ24","COA","COA","COA",0,"2025-01-02",0,1,0,0,0,0,0,0,0,0,0,0,0,0,0,96.47,351,0,0,"",0
"2024-12-03","COAF25","COA","COA","COA",0,"2025-02-03",0,1,0,0,0,0,0,0,0,0,0,0,0,0,0,96.62,130,0,0,"",0
"2024-12-03","COAG25","COA","COA","COA",0,"2025-03-03",0,1,0,0,0,0,96.81,100,96.82,-0.01,96.81,96.81,96.81,9681,1,96.815,0,0,0,"",0
"2024-12-03","COAH25","COA","COA","COA",0,"2025-04-01",0,1,0,0,0,0,0,0,0,0,0,0,0,0,0,96.895,0,0,0,"",0
"2024-12-04","COAZ24","COA","COA","COA",0,"2025-01-02",0,1,0,0,0,0,0,0,0,0,0,0,0,0,0,96.47,351,0,0,"",0
"2024-12-04","COAF25","COA","COA","COA",0,"2025-02-03",0,1,0,0,0,0,0,0,0,0,0,0,0,0,0,96.62,130,0,0,"",0
"2024-12-04","COAG25","COA","COA","COA",0,"2025-03-03",0,1,0,0,0,0,0,0,0,0,0,0,0,0,0,96.82,100,0,0,"",0
"2024-12-04","COAH25","COA","COA","COA",0,"2025-04-01",0,1,0,0,0,0,0,0,0,0,0,0,0,0,0,96.9,0,0,0,"",0
"2024-12-05","COAZ24","COA","COA","COA",0,"2025-01-02",0,1,0,0,0,0,0,0,0,0,0,0,0,0,0,96.47,351,0,0,"",0
"2024-12-05","COAF25","COA","COA","COA",0,"2025-02-03",0,1,0,0,0,0,96.62,100,96.62,0,96.62,96.62,96.62,9662,1,96.625,130,0,0,"",0
"2024-12-05","COAG25","COA","COA","COA",0,"2025-03-03",0,1,0,0,0,0,96.825,100,96.82,0.005,96.825,96.825,96.825,9682,1,96.825,100,0,0,"",0
"2024-12-05","COAH25","COA","COA","COA",0,"2025-04-01",0,1,0,0,0,0,0,0,0,0,0,0,0,0,0,96.91,0,0,0,"",0
"2024-12-06","COAZ24","COA","COA","COA",0,"2025-01-02",0,1,0,0,0,0,0,0,0,0,0,0,0,0,0,96.5175,351,0,0,"",0
"2024-12-06","COAF25","COA","COA","COA",0,"2025-02-03",0,1,0,0,0,0,0,0,0,0,0,0,0,0,0,96.7,35,0,0,"",0
"2024-12-06","COAG25","COA","COA","COA",0,"2025-03-03",0,1,0,0,0,0,0,0,0,0,0,0,0,0,0,96.905,200,0,0,"",0
"2024-12-06","COAH25","COA","COA","COA",0,"2025-04-01",0,1,0,0,0,0,0,0,0,0,0,0,0,0,0,97.015,0,0,0,"",0
"2024-12-09","COAZ24","COA","COA","COA",0,"2025-01-02",0,1,0,0,0,0,0,0,0,0,0,0,0,0,0,96.52,351,0,0,"",0
"2024-12-09","COAF25","COA","COA","COA",0,"2025-02-03",0,1,0,0,0,0,0,0,0,0,0,0,0,0,0,96.705,35,0,0,"",0
"2024-12-09","COAG25","COA","COA","COA",0,"2025-03-03",0,1,0,0,0,0,0,0,0,0,0,0,0,0,0,96.915,200,0,0,"",0
"2024-12-09","COAH25","COA","COA","COA",0,"2025-04-01",0,1,0,0,0,0,0,0,0,0,0,0,0,0,0,97.025,0,0,0,"",0
"2024-12-10","COAZ24","COA","COA","COA",0,"2025-01-02",0,1,0,0,0,0,0,0,0,0,0,0,0,0,0,96.52,351,0,0,"",0
"2024-12-10","COAF25","COA","COA","COA",0,"2025-02-03",0,1,0,0,0,0,0,0,0,0,0,0,0,0,0,96.695,35,0,0,"",0
"2024-12-10","COAG25","COA","COA","COA",0,"2025-03-03",0,1,0,0,0,0,0,0,0,0,0,0,0,0,0,96.915,200,0,0,"",0
"2024-12-10","COAH25","COA","COA","COA",0,"2025-04-01",0,1,0,0,0,0,0,0,0,0,0,0,0,0,0,97.025,0,0,0,"",0
"2024-12-11","COAZ24","COA","COA","COA",0,"2025-01-02",0,1,96.5425,96.5525,50,50,96.52,50,96.52,0,96.52,96.52,96.52,4826,1,96.545,351,0,0,"",0
"2024-12-11","COAF25","COA","COA","COA",0,"2025-02-03",0,1,96.725,96.735,50,50,96.7,35,96.695,0.005,96.7,96.7,96.7,3384,1,96.725,35,0,0,"",0
"2024-12-11","COAG25","COA","COA","COA",0,"2025-03-03",0,1,96.89,96.9,50,50,96.885,300,96.915,-0.03,96.905,96.905,96.885,29068,3,96.9,200,0,0,"",0
"2024-12-11","COAH25","COA","COA","COA",0,"2025-04-01",0,1,96.975,96.985,50,50,0,0,0,0,0,0,0,0,0,96.985,0,0,0,"",0
"2024-12-12","COAZ24","COA","COA","COA",0,"2025-01-02",0,1,0,0,0,0,0,0,0,0,0,0,0,0,0,96.545,351,0,0,"",0
"2024-12-12","COAF25","COA","COA","COA",0,"2025-02-03",0,1,0,0,0,0,0,0,0,0,0,0,0,0,0,96.73,5,0,0,"",0
"2024-12-12","COAG25","COA","COA","COA",0,"2025-03-03",0,1,0,0,0,0,0,0,0,0,0,0,0,0,0,96.905,300,0,0,"",0
"2024-12-12","COAH25","COA","COA","COA",0,"2025-04-01",0,1,0,0,0,0,0,0,0,0,0,0,0,0,0,96.99,0,0,0,"",0
"2024-12-13","COAZ24","COA","COA","COA",0,"2025-01-02",0,1,0,0,0,0,0,0,0,0,0,0,0,0,0,96.545,351,0,0,"",0
"2024-12-13","COAF25","COA","COA","COA",0,"2025-02-03",0,1,0,0,0,0,0,0,0,0,0,0,0,0,0,96.73,5,0,0,"",0
"2024-12-13","COAG25","COA","COA","COA",0,"2025-03-03",0,1,0,0,0,0,0,0,0,0,0,0,0,0,0,96.905,300,0,0,"",0
"2024-12-13","COAH25","COA","COA","COA",0,"2025-04-01",0,1,0,0,0,0,0,0,0,0,0,0,0,0,0,96.98,0,0,0,"",0
"2024-12-16","COAZ24","COA","COA","COA",0,"2025-01-02",0,1,0,0,0,0,0,0,0,0,0,0,0,0,0,96.545,351,0,0,"",0
"2024-12-16","COAF25","COA","COA","COA",0,"2025-02-03",0,1,0,0,0,0,0,0,0,0,0,0,0,0,0,96.73,5,0,0,"",0
"2024-12-16","COAG25","COA","COA","COA",0,"2025-03-03",0,1,0,0,0,0,0,0,0,0,0,0,0,0,0,96.89,300,0,0,"",0
"2024-12-16","COAH25","COA","COA","COA",0,"2025-04-01",0,1,0,0,0,0,0,0,0,0,0,0,0,0,0,96.965,0,0,0,"",0
"2024-12-17","COAZ24","COA","COA","COA",0,"2025-01-02",0,1,0,0,0,0,0,0,0,0,0,0,0,0,0,96.545,351,0,0,"",0
"2024-12-17","COAF25","COA","COA","COA",0,"2025-02-03",0,1,0,0,0,0,0,0,0,0,0,0,0,0,0,96.73,5,0,0,"",0
"2024-12-17","COAG25","COA","COA","COA",0,"2025-03-03",0,1,0,0,0,0,0,0,0,0,0,0,0,0,0,96.865,300,0,0,"",0
"2024-12-17","COAH25","COA","COA","COA",0,"2025-04-01",0,1,0,0,0,0,0,0,0,0,0,0,0,0,0,96.94,0,0,0,"",0
"2024-12-18","COAZ24","COA","COA","COA",0,"2025-01-02",0,1,96.54,96.55,50,50,0,0,0,0,0,0,0,0,0,96.545,351,0,0,"",0
"2024-12-18","COAF25","COA","COA","COA",0,"2025-02-03",0,1,0,0,0,0,0,0,0,0,0,0,0,0,0,96.73,5,0,0,"",0
"2024-12-18","COAG25","COA","COA","COA",0,"2025-03-03",0,1,0,0,0,0,0,0,0,0,0,0,0,0,0,96.86,300,0,0,"",0
"2024-12-18","COAH25","COA","COA","COA",0,"2025-04-01",0,1,0,0,0,0,0,0,0,0,0,0,0,0,0,96.935,0,0,0,"",0
"2024-12-19","COAZ24","COA","COA","COA",0,"2025-01-02",0,1,96.5375,96.5475,50,50,0,0,0,0,0,0,0,0,0,96.545,351,0,0,"",0
"2024-12-19","COAF25","COA","COA","COA",0,"2025-02-03",0,1,96.715,96.725,50,50,0,0,0,0,0,0,0,0,0,96.725,5,0,0,"",0
"2024-12-19","COAG25","COA","COA","COA",0,"2025-03-03",0,1,0,0,0,0,0,0,0,0,0,0,0,0,0,96.855,300,0,0,"",0
"2024-12-19","COAH25","COA","COA","COA",0,"2025-04-01",0,1,0,0,0,0,0,0,0,0,0,0,0,0,0,96.92,0,0,0,"",0
"2024-12-20","COAZ24","COA","COA","COA",0,"2025-01-02",0,1,0,0,0,0,0,0,0,0,0,0,0,0,0,96.545,351,0,0,"",0
"2024-12-20","COAF25","COA","COA","COA",0,"2025-02-03",0,1,0,0,0,0,0,0,0,0,0,0,0,0,0,96.725,5,0,0,"",0
"2024-12-20","COAG25","COA","COA","COA",0,"2025-03-03",0,1,0,0,0,0,0,0,0,0,0,0,0,0,0,96.865,300,0,0,"",0
"2024-12-20","COAH25","COA","COA","COA",0,"2025-04-01",0,1,0,0,0,0,0,0,0,0,0,0,0,0,0,96.93,0,0,0,"",0
"2024-12-23","COAZ24","COA","COA","COA",0,"2025-01-02",0,1,0,0,0,0,0,0,0,0,0,0,0,0,0,96.5425,351,0,0,"",0
"2024-12-23","COAF25","COA","COA","COA",0,"2025-02-03",0,1,0,0,0,0,0,0,0,0,0,0,0,0,0,96.72,5,0,0,"",0
"2024-12-23","COAG25","COA","COA","COA",0,"2025-03-03",0,1,0,0,0,0,0,0,0,0,0,0,0,0,0,96.875,300,0,0,"",0
"2024-12-23","COAH25","COA","COA","COA",0,"2025-04-01",0,1,0,0,0,0,0,0,0,0,0,0,0,0,0,96.94,0,0,0,"",0
"2024-12-24","COAZ24","COA","COA","COA",0,"2025-01-02",0,1,96.5275,96.54,100,100,0,0,0,0,0,0,0,0,0,96.54,351,0,0,"",0
"2024-12-24","COAF25","COA","COA","COA",0,"2025-02-03",0,1,96.71,96.725,200,200,0,0,0,0,0,0,0,0,0,96.715,5,0,0,"",0
"2024-12-24","COAG25","COA","COA","COA",0,"2025-03-03",0,1,96.88,96.89,100,100,0,0,0,0,0,0,0,0,0,96.875,300,0,0,"",0
"2024-12-24","COAH25","COA","COA","COA",0,"2025-04-01",0,1,96.935,96.96,100,100,0,0,0,0,0,0,0,0,0,96.94,0,0,0,"",0
"2024-12-27","COAZ24","COA","COA","COA",0,"2025-01-02",0,1,0,0,0,0,0,0,0,0,0,0,0,0,0,96.54,351,0,0,"",0
"2024-12-27","COAF25","COA","COA","COA",0,"2025-02-03",0,1,0,0,0,0,0,0,0,0,0,0,0,0,0,96.72,5,0,0,"",0
"2024-12-27","COAG25","COA","COA","COA",0,"2025-03-03",0,1,0,0,0,0,0,0,0,0,0,0,0,0,0,96.88,300,0,0,"",0
"2024-12-27","COAH25","COA","COA","COA",0,"2025-04-01",0,1,0,0,0,0,0,0,0,0,0,0,0,0,0,96.95,0,0,0,"",0
"2024-12-30","COAZ24","COA","COA","COA",0,"2025-01-02",0,1,0,0,0,0,0,0,0,0,0,0,0,0,0,96.54,351,0,0,"",0
"2024-12-30","COAF25","COA","COA","COA",0,"2025-02-03",0,1,0,0,0,0,0,0,0,0,0,0,0,0,0,96.72,5,0,0,"",0
"2024-12-30","COAG25","COA","COA","COA",0,"2025-03-03",0,1,0,0,0,0,0,0,0,0,0,0,0,0,0,96.88,300,0,0,"",0
"2024-12-30","COAH25","COA","COA","COA",0,"2025-04-01",0,1,0,0,0,0,0,0,0,0,0,0,0,0,0,96.955,0,0,0,"",0
"2024-12-31","COAZ24","COA","COA","COA",0,"2025-01-02",0,1,0,0,0,0,0,0,0,0,0,0,0,0,0,96.54,351,0,0,"",0
"2024-12-31","COAF25","COA","COA","COA",0,"2025-02-03",0,1,0,0,0,0,0,0,0,0,0,0,0,0,0,96.72,5,0,0,"",0
"2024-12-31","COAG25","COA","COA","COA",0,"2025-03-03",0,1,0,0,0,0,0,0,0,0,0,0,0,0,0,96.885,300,0,0,"",0
"2024-12-31","COAH25","COA","COA","COA",0,"2025-04-01",0,1,0,0,0,0,0,0,0,0,0,0,0,0,0,96.96,0,0,0,"",0
"2025-01-02","COAF25","COA","COA","COA",0,"2025-02-03",0,1,0,0,0,0,0,0,0,0,0,0,0,0,0,96.72,5,0,0,"",0
"2025-01-02","COAG25","COA","COA","COA",0,"2025-03-03",0,1,0,0,0,0,0,0,0,0,0,0,0,0,0,96.885,300,0,0,"",0
"2025-01-02","COAH25","COA","COA","COA",0,"2025-04-01",0,1,0,0,0,0,0,0,0,0,0,0,0,0,0,96.975,0,0,0,"",0
"2025-01-02","COAJ25","COA","COA","COA",0,"2025-05-01",0,1,0,0,0,0,0,0,0,0,0,0,0,0,0,97.09,0,0,0,"",0
"2025-01-03","COAF25","COA","COA","COA",0,"2025-02-03",0,1,0,0,0,0,0,0,0,0,0,0,0,0,0,96.72,5,0,0,"",0
"2025-01-03","COAG25","COA","COA","COA",0,"2025-03-03",0,1,0,0,0,0,0,0,0,0,0,0,0,0,0,96.895,300,0,0,"",0
"2025-01-03","COAH25","COA","COA","COA",0,"2025-04-01",0,1,0,0,0,0,0,0,0,0,0,0,0,0,0,96.985,0,0,0,"",0
"2025-01-03","COAJ25","COA","COA","COA",0,"2025-05-01",0,1,0,0,0,0,0,0,0,0,0,0,0,0,0,97.095,0,0,0,"",0
"2025-01-06","COAF25","COA","COA","COA",0,"2025-02-03",0,1,0,0,0,0,0,0,0,0,0,0,0,0,0,96.72,5,0,0,"",0
"2025-01-06","COAG25","COA","COA","COA",0,"2025-03-03",0,1,0,0,0,0,96.895,50,96.895,0,96.895,96.895,96.895,4844,1,96.895,300,0,0,"",0
"2025-01-06","COAH25","COA","COA","COA",0,"2025-04-01",0,1,0,0,0,0,96.975,100,96.985,-0.01,96.975,96.975,96.975,9697,1,96.985,0,0,0,"",0
"2025-01-06","COAJ25","COA","COA","COA",0,"2025-05-01",0,1,0,0,0,0,0,0,0,0,0,0,0,0,0,97.095,0,0,0,"",0
"2025-01-07","COAF25","COA","COA","COA",0,"2025-02-03",0,1,0,0,0,0,0,0,0,0,0,0,0,0,0,96.725,5,0,0,"",0
"2025-01-07","COAG25","COA","COA","COA",0,"2025-03-03",0,1,0,0,0,0,0,0,0,0,0,0,0,0,0,96.9,300,0,0,"",0
"2025-01-07","COAH25","COA","COA","COA",0,"2025-04-01",0,1,0,0,0,0,0,0,0,0,0,0,0,0,0,96.99,100,0,0,"",0
"2025-01-07","COAJ25","COA","COA","COA",0,"2025-05-01",0,1,0,0,0,0,0,0,0,0,0,0,0,0,0,97.085,0,0,0,"",0
"2025-01-08","COAF25","COA","COA","COA",0,"2025-02-03",0,1,0,0,0,0,0,0,0,0,0,0,0,0,0,96.725,5,0,0,"",0
"2025-01-08","COAG25","COA","COA","COA",0,"2025-03-03",0,1,0,0,0,0,0,0,0,0,0,0,0,0,0,96.9,300,0,0,"",0
"2025-01-08","COAH25","COA","COA","COA",0,"2025-04-01",0,1,0,0,0,0,0,0,0,0,0,0,0,0,0,96.99,100,0,0,"",0
"2025-01-08","COAJ25","COA","COA","COA",0,"2025-05-01",0,1,0,0,0,0,0,0,0,0,0,0,0,0,0,97.085,0,0,0,"",0
"2025-01-09","COAF25","COA","COA","COA",0,"2025-02-03",0,1,0,0,0,0,0,200,0,0.005,96.74,96.74,96.73,0,8,96.73,5,0,0,"",0
"2025-01-09","COAG25","COA","COA","COA",0,"2025-03-03",0,1,0,0,0,0,0,100,0,0.04,96.925,96.94,96.925,0,7,96.905,300,0,0,"",0
"2025-01-09","COAH25","COA","COA","COA",0,"2025-04-01",0,1,0,0,0,0,0,0,0,0,0,0,0,0,0,96.99,100,0,0,"",0
"2025-01-09","COAJ25","COA","COA","COA",0,"2025-05-01",0,1,0,0,0,0,0,0,0,0,0,0,0,0,0,97.08,0,0,0,"",0
"2025-01-10","COAF25","COA","COA","COA",0,"2025-02-03",0,1,0,0,0,0,0,0,0,0,0,0,0,0,0,96.73,100,0,0,"",0
"2025-01-10","COAG25","COA","COA","COA",0,"2025-03-03",0,1,0,0,0,0,0,200,0,-0.055,96.905,96.905,96.85,0,2,96.88,400,0,0,"",0
"2025-01-10","COAH25","COA","COA","COA",0,"2025-04-01",0,1,0,0,0,0,0,0,0,0,0,0,0,0,0,96.94,100,0,0,"",0
"2025-01-10","COAJ25","COA","COA","COA",0,"2025-05-01",0,1,0,0,0,0,0,0,0,0,0,0,0,0,0,97.005,0,0,0,"",0
"2025-01-13","COAF25","COA","COA","COA",0,"2025-02-03",0,1,0,0,0,0,0,0,0,0,0,0,0,0,0,96.73,100,0,0,"",0
"2025-01-13","COAG25","COA","COA","COA",0,"2025-03-03",0,1,0,0,0,0,0,0,0,0,0,0,0,0,0,96.865,600,0,0,"",0
"2025-01-13","COAH25","COA","COA","COA",0,"2025-04-01",0,1,0,0,0,0,0,0,0,0,0,0,0,0,0,96.92,100,0,0,"",0
"2025-01-13","COAJ25","COA","COA","COA",0,"2025-05-01",0,1,0,0,0,0,0,0,0,0,0,0,0,0,0,96.985,0,0,0,"",0
"2025-01-14","COAF25","COA","COA","COA",0,"2025-02-03",0,1,0,0,0,0,0,0,0,0,0,0,0,0,0,96.73,100,0,0,"",0
"2025-01-14","COAG25","COA","COA","COA",0,"2025-03-03",0,1,0,0,0,0,0,0,0,0,0,0,0,0,0,96.865,600,0,0,"",0
"2025-01-14","COAH25","COA","COA","COA",0,"2025-04-01",0,1,0,0,0,0,0,0,0,0,0,0,0,0,0,96.915,100,0,0,"",0
"2025-01-14","COAJ25","COA","COA","COA",0,"2025-05-01",0,1,0,0,0,0,0,0,0,0,0,0,0,0,0,96.965,0,0,0,"",0
"2025-01-15","COAF25","COA","COA","COA",0,"2025-02-03",0,1,0,0,0,0,0,0,0,0,0,0,0,0,0,96.73,100,0,0,"",0
"2025-01-15","COAG25","COA","COA","COA",0,"2025-03-03",0,1,0,0,0,0,0,0,0,0,0,0,0,0,0,96.89,600,0,0,"",0
"2025-01-15","COAH25","COA","COA","COA",0,"2025-04-01",0,1,0,0,0,0,0,25,0,0.03,96.945,96.945,96.945,0,1,96.945,100,0,0,"",0
"2025-01-15","COAJ25","COA","COA","COA",0,"2025-05-01",0,1,0,0,0,0,0,0,0,0,0,0,0,0,0,96.995,0,0,0,"",0
"2025-01-16","COAF25","COA","COA","COA",0,"2025-02-03",0,1,0,0,0,0,0,0,0,0,0,0,0,0,0,96.73,100,0,0,"",0
"2025-01-16","COAG25","COA","COA","COA",0,"2025-03-03",0,1,0,0,0,0,0,0,0,0,0,0,0,0,0,96.9,600,0,0,"",0
"2025-01-16","COAH25","COA","COA","COA",0,"2025-04-01",0,1,0,0,0,0,0,100,0,0.01,96.955,96.955,96.955,0,1,96.97,125,0,0,"",0
"2025-01-16","COAJ25","COA","COA","COA",0,"2025-05-01",0,1,0,0,0,0,0,0,0,0,0,0,0,0,0,97.055,0,0,0,"",0
"2025-01-17","COAF25","COA","COA","COA",0,"2025-02-03",0,1,0,0,0,0,0,0,0,0,0,0,0,0,0,96.73,100,0,0,"",0
"2025-01-17","COAG25","COA","COA","COA",0,"2025-03-03",0,1,0,0,0,0,0,0,0,0,0,0,0,0,0,96.9,600,0,0,"",0
"2025-01-17","COAH25","COA","COA","COA",0,"2025-04-01",0,1,0,0,0,0,0,0,0,0,0,0,0,0,0,96.97,225,0,0,"",0
"2025-01-17","COAJ25","COA","COA","COA",0,"2025-05-01",0,1,0,0,0,0,0,0,0,0,0,0,0,0,0,97.055,0,0,0,"",0
"2025-01-20","COAF25","COA","COA","COA",0,"2025-02-03",0,1,0,0,0,0,0,0,0,0,0,0,0,0,0,96.73,100,0,0,"",0
"2025-01-20","COAG25","COA","COA","COA",0,"2025-03-03",0,1,0,0,0,0,0,50,0,-0.005,96.895,96.895,96.895,0,2,96.895,600,0,0,"",0
"2025-01-20","COAH25","COA","COA","COA",0,"2025-04-01",0,1,0,0,0,0,0,0,0,0,0,0,0,0,0,96.965,225,0,0,"",0
"2025-01-20","COAJ25","COA","COA","COA",0,"2025-05-01",0,1,0,0,0,0,0,0,0,0,0,0,0,0,0,97.05,0,0,0,"",0
"2025-01-21","COAF25","COA","COA","COA",0,"2025-02-03",0,1,0,0,0,0,0,0,0,0,0,0,0,0,0,96.73,100,0,0,"",0
"2025-01-21","COAG25","COA","COA","COA",0,"2025-03-03",0,1,0,0,0,0,0,0,0,0,0,0,0,0,0,96.905,600,0,0,"",0
"2025-01-21","COAH25","COA","COA","COA",0,"2025-04-01",0,1,0,0,0,0,0,0,0,0,0,0,0,0,0,96.975,225,0,0,"",0
"2025-01-21","COAJ25","COA","COA","COA",0,"2025-05-01",0,1,0,0,0,0,0,0,0,0,0,0,0,0,0,97.06,0,0,0,"",0
"2025-01-22","COAF25","COA","COA","COA",0,"2025-02-03",0,1,0,0,0,0,0,0,0,0,0,0,0,0,0,96.73,100,0,0,"",0
"2025-01-22","COAG25","COA","COA","COA",0,"2025-03-03",0,1,0,0,0,0,0,50,0,0.02,96.925,96.925,96.925,0,1,96.92,600,0,0,"",0
"2025-01-22","COAH25","COA","COA","COA",0,"2025-04-01",0,1,0,0,0,0,0,0,0,0,0,0,0,0,0,96.99,225,0,0,"",0
"2025-01-22","COAJ25","COA","COA","COA",0,"2025-05-01",0,1,0,0,0,0,0,0,0,0,0,0,0,0,0,97.065,0,0,0,"",0
"2025-01-23","COAF25","COA","COA","COA",0,"2025-02-03",0,1,0,0,0,0,0,0,0,0,0,0,0,0,0,96.73,100,0,0,"",0
"2025-01-23","COAG25","COA","COA","COA",0,"2025-03-03",0,1,96.925,0,25,0,0,25,0,0.005,96.925,96.925,96.925,0,1,96.925,600,0,0,"",0
"2025-01-23","COAH25","COA","COA","COA",0,"2025-04-01",0,1,0,0,0,0,0,0,0,0,0,0,0,0,0,96.995,225,0,0,"",0
"2025-01-23","COAJ25","COA","COA","COA",0,"2025-05-01",0,1,0,0,0,0,0,0,0,0,0,0,0,0,0,97.07,0,0,0,"",0
"2025-01-24","COAF25","COA","COA","COA",0,"2025-02-03",0,1,0,0,0,0,0,0,0,0,0,0,0,0,0,96.73,100,0,0,"",0
"2025-01-24","COAG25","COA","COA","COA",0,"2025-03-03",0,1,96.935,0,25,0,0,0,0,0,0,0,0,0,0,96.925,600,0,0,"",0
"2025-01-24","COAH25","COA","COA","COA",0,"2025-04-01",0,1,0,0,0,0,0,200,0,0.015,97,97.01,97,0,2,97,225,0,0,"",0
"2025-01-24","COAJ25","COA","COA","COA",0,"2025-05-01",0,1,0,0,0,0,0,0,0,0,0,0,0,0,0,97.085,0,0,0,"",0
"2025-01-27","COAF25","COA","COA","COA",0,"2025-02-03",0,1,0,0,0,0,0,0,0,0,0,0,0,0,0,96.73,100,0,0,"",0
"2025-01-27","COAG25","COA","COA","COA",0,"2025-03-03",0,1,0,96.94,0,25,0,50,0,0.01,96.95,96.95,96.935,0,4,96.93,600,0,0,"",0
"2025-01-27","COAH25","COA","COA","COA",0,"2025-04-01",0,1,0,0,0,0,0,0,0,0,0,0,0,0,0,97.02,425,0,0,"",0
"2025-01-27","COAJ25","COA","COA","COA",0,"2025-05-01",0,1,0,0,0,0,0,0,0,0,0,0,0,0,0,97.11,0,0,0,"",0
"2025-01-28","COAF25","COA","COA","COA",0,"2025-02-03",0,1,0,0,0,0,0,0,0,0,0,0,0,0,0,96.73,100,0,0,"",0
"2025-01-28","COAG25","COA","COA","COA",0,"2025-03-03",0,1,0,0,0,0,0,0,0,0,0,0,0,0,0,96.93,550,0,0,"",0
"2025-01-28","COAH25","COA","COA","COA",0,"2025-04-01",0,1,0,0,0,0,0,0,0,0,0,0,0,0,0,97.02,425,0,0,"",0
"2025-01-28","COAJ25","COA","COA","COA",0,"2025-05-01",0,1,0,0,0,0,0,0,0,0,0,0,0,0,0,97.11,0,0,0,"",0
"2025-01-29","COAF25","COA","COA","COA",0,"2025-02-03",0,1,0,0,0,0,0,0,0,0,0,0,0,0,0,96.7375,100,0,0,"",0
"2025-01-29","COAG25","COA","COA","COA",0,"2025-03-03",0,1,96.97,0,150,0,0,225,0,0.065,96.995,96.995,96.995,0,3,96.985,550,0,0,"",0
"2025-01-29","COAH25","COA","COA","COA",0,"2025-04-01",0,1,0,0,0,0,0,0,0,0,0,0,0,0,0,97.07,425,0,0,"",0
"2025-01-29","COAJ25","COA","COA","COA",0,"2025-05-01",0,1,0,0,0,0,0,0,0,0,0,0,0,0,0,97.16,0,0,0,"",0
"2025-01-30","COAF25","COA","COA","COA",0,"2025-02-03",0,1,0,0,0,0,0,0,0,0,0,0,0,0,0,96.7375,100,0,0,"",0
"2025-01-30","COAG25","COA","COA","COA",0,"2025-03-03",0,1,0,0,0,0,97,100,96.985,0.015,97,97,97,9700,1,96.985,325,0,0,"",0
"2025-01-30","COAH25","COA","COA","COA",0,"2025-04-01",0,1,0,0,0,0,0,0,0,0,0,0,0,0,0,97.07,425,0,0,"",0
"2025-01-30","COAJ25","COA","COA","COA",0,"2025-05-01",0,1,0,0,0,0,0,0,0,0,0,0,0,0,0,97.16,0,0,0,"",0
"2025-01-31","COAF25","COA","COA","COA",0,"2025-02-03",0,1,0,0,0,0,0,0,0,0,0,0,0,0,0,96.7375,100,0,0,"",0
"2025-01-31","COAG25","COA","COA","COA",0,"2025-03-03",0,1,0,0,0,0,0,0,0,0,0,0,0,0,0,97.015,225,0,0,"",0
"2025-01-31","COAH25","COA","COA","COA",0,"2025-04-01",0,1,0,0,0,0,97.13,125,97.07,0.06,97.115,97.13,97.115,12139,2,97.13,425,0,0,"",0
"2025-01-31","COAJ25","COA","COA","COA",0,"2025-05-01",0,1,0,0,0,0,0,0,0,0,0,0,0,0,0,97.25,0,0,0,"",0
"2025-02-03","COAG25","COA","COA","COA",0,"2025-03-03",0,1,0,0,0,0,0,0,0,0,0,0,0,0,0,97.015,225,0,0,"",0
"2025-02-03","COAH25","COA","COA","COA",0,"2025-04-01",0,1,0,0,0,0,0,500,0,0.065,97.22,97.22,97.18,0,5,97.18,500,0,0,"",0
"2025-02-03","COAJ25","COA","COA","COA",0,"2025-05-01",0,1,0,0,0,0,0,600,0,0.1,97.43,97.435,97.34,0,6,97.345,0,0,0,"",0
"2025-02-03","COAK25","COA","COA","COA",0,"2025-06-02",0,1,0,0,0,0,0,0,0,0,0,0,0,0,0,97.415,0,0,0,"",0
"2025-02-04","COAG25","COA","COA","COA",0,"2025-03-03",0,1,0,0,0,0,0,0,0,0,0,0,0,0,0,96.9975,225,0,0,"",0
"2025-02-04","COAH25","COA","COA","COA",0,"2025-04-01",0,1,0,0,0,0,0,0,0,0,0,0,0,0,0,97.14,600,0,0,"",0
"2025-02-04","COAJ25","COA","COA","COA",0,"2025-05-01",0,1,0,0,0,0,0,200,0,-0.085,97.235,97.26,97.235,0,2,97.28,200,0,0,"",0
"2025-02-04","COAK25","COA","COA","COA",0,"2025-06-02",0,1,0,0,0,0,0,0,0,0,0,0,0,0,0,97.35,0,0,0,"",0
"2025-02-05","COAG25","COA","COA","COA",0,"2025-03-03",0,1,0,0,0,0,0,0,0,0,0,0,0,0,0,96.99,225,0,0,"",0
"2025-02-05","COAH25","COA","COA","COA",0,"2025-04-01",0,1,0,0,0,0,97.12,100,97.14,-0.02,97.12,97.12,97.12,9712,1,97.13,600,0,0,"",0
"2025-02-05","COAJ25","COA","COA","COA",0,"2025-05-01",0,1,0,0,0,0,0,0,0,0,0,0,0,0,0,97.27,0,0,0,"",0
"2025-02-05","COAK25","COA","COA","COA",0,"2025-06-02",0,1,0,0,0,0,0,0,0,0,0,0,0,0,0,97.34,0,0,0,"",0
"2025-02-06","COAG25","COA","COA","COA",0,"2025-03-03",0,1,0,0,0,0,0,0,0,0,0,0,0,0,0,96.99,225,0,0,"",0
"2025-02-06","COAH25","COA","COA","COA",0,"2025-04-01",0,1,0,0,0,0,0,0,0,0,0,0,0,0,0,97.12,500,0,0,"",0
"2025-02-06","COAJ25","COA","COA","COA",0,"2025-05-01",0,1,0,0,0,0,0,0,0,0,0,0,0,0,0,97.255,0,0,0,"",0
"2025-02-06","COAK25","COA","COA","COA",0,"2025-06-02",0,1,0,0,0,0,0,0,0,0,0,0,0,0,0,97.325,0,0,0,"",0
"2025-02-07","COAG25","COA","COA","COA",0,"2025-03-03",0,1,0,0,0,0,0,0,0,0,0,0,0,0,0,96.99,225,0,0,"",0
"2025-02-07","COAH25","COA","COA","COA",0,"2025-04-01",0,1,0,0,0,0,0,0,0,0,0,0,0,0,0,97.095,500,0,0,"",0
"2025-02-07","COAJ25","COA","COA","COA",0,"2025-05-01",0,1,0,0,0,0,0,0,0,0,0,0,0,0,0,97.215,0,0,0,"",0
"2025-02-07","COAK25","COA","COA","COA",0,"2025-06-02",0,1,0,0,0,0,0,0,0,0,0,0,0,0,0,97.285,0,0,0,"",0
"2025-02-10","COAG25","COA","COA","COA",0,"2025-03-03",0,1,0,0,0,0,0,0,0,0,0,0,0,0,0,96.99,225,0,0,"",0
"2025-02-10","COAH25","COA","COA","COA",0,"2025-04-01",0,1,0,0,0,0,0,0,0,0,0,0,0,0,0,97.095,500,0,0,"",0
"2025-02-10","COAJ25","COA","COA","COA",0,"2025-05-01",0,1,0,0,0,0,0,0,0,0,0,0,0,0,0,97.215,0,0,0,"",0
"2025-02-10","COAK25","COA","COA","COA",0,"2025-06-02",0,1,0,0,0,0,0,0,0,0,0,0,0,0,0,97.285,0,0,0,"",0
"2025-02-11","COAG25","COA","COA","COA",0,"2025-03-03",0,1,0,0,0,0,0,0,0,0,0,0,0,0,0,96.99,225,0,0,"",0
"2025-02-11","COAH25","COA","COA","COA",0,"2025-04-01",0,1,0,0,0,0,0,0,0,0,0,0,0,0,0,97.09,500,0,0,"",0
"2025-02-11","COAJ25","COA","COA","COA",0,"2025-05-01",0,1,0,0,0,0,0,0,0,0,0,0,0,0,0,97.195,0,0,0,"",0
"2025-02-11","COAK25","COA","COA","COA",0,"2025-06-02",0,1,0,0,0,0,0,0,0,0,0,0,0,0,0,97.265,0,0,0,"",0
"2025-02-12","COAG25","COA","COA","COA",0,"2025-03-03",0,1,0,0,0,0,0,0,0,0,0,0,0,0,0,96.99,225,0,0,"",0
"2025-02-12","COAH25","COA","COA","COA",0,"2025-04-01",0,1,0,0,0,0,0,0,0,0,0,0,0,0,0,97.08,500,0,0,"",0
"2025-02-12","COAJ25","COA","COA","COA",0,"2025-05-01",0,1,0,0,0,0,0,100,0,-0.03,97.165,97.165,97.165,0,1,97.175,0,0,0,"",0
"2025-02-12","COAK25","COA","COA","COA",0,"2025-06-02",0,1,0,0,0,0,0,0,0,0,0,0,0,0,0,97.245,0,0,0,"",0
"2025-02-13","COAG25","COA","COA","COA",0,"2025-03-03",0,1,0,0,0,0,0,0,0,0,0,0,0,0,0,96.99,225,0,0,"",0
"2025-02-13","COAH25","COA","COA","COA",0,"2025-04-01",0,1,0,0,0,0,0,0,0,0,0,0,0,0,0,97.07,500,0,0,"",0
"2025-02-13","COAJ25","COA","COA","COA",0,"2025-05-01",0,1,0,0,0,0,97.165,100,97.175,-0.01,97.165,97.165,97.165,9716,1,97.165,100,0,0,"",0
"2025-02-13","COAK25","COA","COA","COA",0,"2025-06-02",0,1,0,0,0,0,0,0,0,0,0,0,0,0,0,97.235,0,0,0,"",0
"2025-02-14","COAG25","COA","COA","COA",0,"2025-03-03",0,1,96.98,96.995,100,100,0,0,0,0,0,0,0,0,0,96.99,225,0,0,"",0
"2025-02-14","COAH25","COA","COA","COA",0,"2025-04-01",0,1,97.055,97.07,100,100,0,0,0,0,0,0,0,0,0,97.07,500,0,0,"",0
"2025-02-14","COAJ25","COA","COA","COA",0,"2025-05-01",0,1,97.16,97.175,125,100,97.17,100,97.165,0.005,97.17,97.17,97.17,9717,1,97.165,200,0,0,"",0
"2025-02-14","COAK25","COA","COA","COA",0,"2025-06-02",0,1,97.225,97.255,100,100,0,0,0,0,0,0,0,0,0,97.235,0,0,0,"",0
"2025-02-18","COAG25","COA","COA","COA",0,"2025-03-03",0,1,0,0,0,0,0,0,0,0,0,0,0,0,0,96.99,225,0,0,"",0
"2025-02-18","COAH25","COA","COA","COA",0,"2025-04-01",0,1,0,0,0,0,0,0,0,0,0,0,0,0,0,97.055,500,0,0,"",0
"2025-02-18","COAJ25","COA","COA","COA",0,"2025-05-01",0,1,0,0,0,0,0,0,0,0,0,0,0,0,0,97.135,100,0,0,"",0
"2025-02-18","COAK25","COA","COA","COA",0,"2025-06-02",0,1,0,0,0,0,0,0,0,0,0,0,0,0,0,97.2,0,0,0,"",0
"2025-02-19","COAG25","COA","COA","COA",0,"2025-03-03",0,1,0,0,0,0,0,0,0,0,0,0,0,0,0,96.99,225,0,0,"",0
"2025-02-19","COAH25","COA","COA","COA",0,"2025-04-01",0,1,0,0,0,0,0,0,0,0,0,0,0,0,0,97.05,500,0,0,"",0
"2025-02-19","COAJ25","COA","COA","COA",0,"2025-05-01",0,1,0,0,0,0,0,0,0,0,0,0,0,0,0,97.125,100,0,0,"",0
"2025-02-19","COAK25","COA","COA","COA",0,"2025-06-02",0,1,0,0,0,0,0,0,0,0,0,0,0,0,0,97.19,0,0,0,"",0
"2025-02-20","COAG25","COA","COA","COA",0,"2025-03-03",0,1,96.99,0,150,0,0,0,0,0,0,0,0,0,0,96.99,225,0,0,"",0
"2025-02-20","COAH25","COA","COA","COA",0,"2025-04-01",0,1,0,0,0,0,0,0,0,0,0,0,0,0,0,97.045,500,0,0,"",0
"2025-02-20","COAJ25","COA","COA","COA",0,"2025-05-01",0,1,0,0,0,0,0,0,0,0,0,0,0,0,0,97.12,100,0,0,"",0
"2025-02-20","COAK25","COA","COA","COA",0,"2025-06-02",0,1,0,0,0,0,0,0,0,0,0,0,0,0,0,97.18,0,0,0,"",0
"2025-02-21","COAG25","COA","COA","COA",0,"2025-03-03",0,1,96.99,0,50,0,0,0,0,0,0,0,0,0,0,96.99,225,0,0,"",0
"2025-02-21","COAH25","COA","COA","COA",0,"2025-04-01",0,1,0,0,0,0,0,100,0,0.005,97.05,97.05,97.05,0,1,97.05,500,0,0,"",0
"2025-02-21","COAJ25","COA","COA","COA",0,"2025-05-01",0,1,0,0,0,0,0,200,0,0.01,97.105,97.13,97.105,0,2,97.135,100,0,0,"",0
"2025-02-21","COAK25","COA","COA","COA",0,"2025-06-02",0,1,0,0,0,0,0,0,0,0,0,0,0,0,0,97.195,0,0,0,"",0
"2025-02-24","COAG25","COA","COA","COA",0,"2025-03-03",0,1,0,96.99,0,75,0,150,0,0,96.99,96.99,96.99,0,3,96.99,225,0,0,"",0
"2025-02-24","COAH25","COA","COA","COA",0,"2025-04-01",0,1,0,0,0,0,0,100,0,-0.005,97.045,97.045,97.045,0,1,97.05,600,0,0,"",0
"2025-02-24","COAJ25","COA","COA","COA",0,"2025-05-01",0,1,0,0,0,0,0,100,0,0.035,97.17,97.17,97.17,0,1,97.135,100,0,0,"",0
"2025-02-24","COAK25","COA","COA","COA",0,"2025-06-02",0,1,0,0,0,0,0,0,0,0,0,0,0,0,0,97.195,0,0,0,"",0
"2025-02-25","COAG25","COA","COA","COA",0,"2025-03-03",0,1,0,96.99,0,75,0,0,0,0,0,0,0,0,0,96.99,175,0,0,"",0
"2025-02-25","COAH25","COA","COA","COA",0,"2025-04-01",0,1,0,97.085,0,25,0,0,0,0,0,0,0,0,0,97.075,500,0,0,"",0
"2025-02-25","COAJ25","COA","COA","COA",0,"2025-05-01",0,1,0,0,0,0,0,0,0,0,0,0,0,0,0,97.175,0,0,0,"",0
"2025-02-25","COAK25","COA","COA","COA",0,"2025-06-02",0,1,0,0,0,0,0,0,0,0,0,0,0,0,0,97.24,0,0,0,"",0
"2025-02-26","COAG25","COA","COA","COA",0,"2025-03-03",0,1,0,0,0,0,0,0,0,0,0,0,0,0,0,96.99,175,0,0,"",0
"2025-02-26","COAH25","COA","COA","COA",0,"2025-04-01",0,1,0,0,0,0,0,0,0,0,0,0,0,0,0,97.075,500,0,0,"",0
"2025-02-26","COAJ25","COA","COA","COA",0,"2025-05-01",0,1,0,0,0,0,0,0,0,0,0,0,0,0,0,97.175,0,0,0,"",0
"2025-02-26","COAK25","COA","COA","COA",0,"2025-06-02",0,1,0,0,0,0,0,0,0,0,0,0,0,0,0,97.24,0,0,0,"",0
"2025-02-27","COAG25","COA","COA","COA",0,"2025-03-03",0,1,0,96.99,0,75,0,0,0,0,0,0,0,0,0,96.99,175,0,0,"",0
"2025-02-27","COAH25","COA","COA","COA",0,"2025-04-01",0,1,0,0,0,0,97.08,100,97.075,0.005,97.08,97.08,97.08,9708,1,97.08,500,0,0,"",0
"2025-02-27","COAJ25","COA","COA","COA",0,"2025-05-01",0,1,0,0,0,0,97.19,200,97.175,0.015,97.195,97.195,97.19,19438,2,97.185,0,0,0,"",0
"2025-02-27","COAK25","COA","COA","COA",0,"2025-06-02",0,1,0,0,0,0,0,0,0,0,0,0,0,0,0,97.25,0,0,0,"",0
"2025-02-28","COAG25","COA","COA","COA",0,"2025-03-03",0,1,0,0,0,0,0,75,0,-0.0025,96.9875,96.9875,96.9875,0,1,96.99,175,0,0,"",0
"2025-02-28","COAH25","COA","COA","COA",0,"2025-04-01",0,1,0,0,0,0,0,0,0,0,0,0,0,0,0,97.08,400,0,0,"",0
"2025-02-28","COAJ25","COA","COA","COA",0,"2025-05-01",0,1,0,0,0,0,0,0,0,0,0,0,0,0,0,97.185,0,0,0,"",0
"2025-02-28","COAK25","COA","COA","COA",0,"2025-06-02",0,1,0,0,0,0,0,0,0,0,0,0,0,0,0,97.255,0,0,0,"",0
"2025-03-03","COAH25","COA","COA","COA",0,"2025-04-01",0,1,0,0,0,0,0,100,0,-0.005,97.075,97.075,97.075,0,1,97.1,400,0,0,"",0
"2025-03-03","COAJ25","COA","COA","COA",0,"2025-05-01",0,1,0,0,0,0,0,400,0,0.065,97.18,97.25,97.175,0,4,97.225,0,0,0,"",0
"2025-03-03","COAK25","COA","COA","COA",0,"2025-06-02",0,1,0,0,0,0,0,300,0,0.105,97.315,97.375,97.315,0,4,97.295,0,0,0,"",0
"2025-03-03","COAM25","COA","COA","COA",0,"2025-07-02",0,1,0,0,0,0,0,0,0,0,0,0,0,0,0,97.405,0,0,0,"",0
"2025-03-04","COAH25","COA","COA","COA",0,"2025-04-01",0,1,0,0,0,0,0,0,0,0,0,0,0,0,0,97.13,300,0,0,"",0
"2025-03-04","COAJ25","COA","COA","COA",0,"2025-05-01",0,1,0,0,0,0,0,100,0,0.07,97.295,97.295,97.295,0,1,97.285,0,0,0,"",0
"2025-03-04","COAK25","COA","COA","COA",0,"2025-06-02",0,1,0,0,0,0,0,200,0,0.095,97.4,97.4,97.39,0,2,97.37,300,0,0,"",0
"2025-03-04","COAM25","COA","COA","COA",0,"2025-07-02",0,1,0,0,0,0,0,0,0,0,0,0,0,0,0,97.48,0,0,0,"",0
"2025-03-05","COAH25","COA","COA","COA",0,"2025-04-01",0,1,0,0,0,0,0,100,0,-0.0075,97.1225,97.1225,97.1225,0,1,97.1275,300,0,0,"",0
"2025-03-05","COAJ25","COA","COA","COA",0,"2025-05-01",0,1,0,0,0,0,0,400,0,-0.025,97.24,97.26,97.24,0,4,97.275,100,0,0,"",0
"2025-03-05","COAK25","COA","COA","COA",0,"2025-06-02",0,1,0,0,0,0,0,200,0,-0.045,97.35,97.35,97.325,0,2,97.355,300,0,0,"",0
"2025-03-05","COAM25","COA","COA","COA",0,"2025-07-02",0,1,0,0,0,0,0,0,0,0,0,0,0,0,0,97.445,0,0,0,"",0
"2025-03-06","COAH25","COA","COA","COA",0,"2025-04-01",0,1,0,0,0,0,0,400,0,-0.0225,97.1075,97.11,97.105,0,4,97.105,200,0,0,"",0
"2025-03-06","COAJ25","COA","COA","COA",0,"2025-05-01",0,1,0,0,0,0,0,200,0,-0.025,97.275,97.275,97.25,0,2,97.25,100,0,0,"",0
"2025-03-06","COAK25","COA","COA","COA",0,"2025-06-02",0,1,0,0,0,0,0,0,0,0,0,0,0,0,0,97.32,300,0,0,"",0
"2025-03-06","COAM25","COA","COA","COA",0,"2025-07-02",0,1,0,0,0,0,0,0,0,0,0,0,0,0,0,97.385,0,0,0,"",0
"2025-03-07","COAH25","COA","COA","COA",0,"2025-04-01",0,1,0,0,0,0,0,0,0,0,0,0,0,0,0,97.1125,200,0,0,"",0
"2025-03-07","COAJ25","COA","COA","COA",0,"2025-05-01",0,1,0,0,0,0,0,0,0,0,0,0,0,0,0,97.26,100,0,0,"",0
"2025-03-07","COAK25","COA","COA","COA",0,"2025-06-02",0,1,0,0,0,0,0,0,0,0,0,0,0,0,0,97.33,300,0,0,"",0
"2025-03-07","COAM25","COA","COA","COA",0,"2025-07-02",0,1,0,0,0,0,0,0,0,0,0,0,0,0,0,97.395,0,0,0,"",0
"2025-03-10","COAH25","COA","COA","COA",0,"2025-04-01",0,1,0,0,0,0,0,0,0,0,0,0,0,0,0,97.1325,200,0,0,"",0
"2025-03-10","COAJ25","COA","COA","COA",0,"2025-05-01",0,1,0,0,0,0,0,100,0,0.025,97.285,97.285,97.285,0,1,97.28,100,0,0,"",0
"2025-03-10","COAK25","COA","COA","COA",0,"2025-06-02",0,1,0,0,0,0,0,0,0,0,0,0,0,0,0,97.35,300,0,0,"",0
"2025-03-10","COAM25","COA","COA","COA",0,"2025-07-02",0,1,0,0,0,0,0,0,0,0,0,0,0,0,0,97.425,0,0,0,"",0
"2025-03-11","COAH25","COA","COA","COA",0,"2025-04-01",0,1,0,0,0,0,0,0,0,0,0,0,0,0,0,97.1325,200,0,0,"",0
"2025-03-11","COAJ25","COA","COA","COA",0,"2025-05-01",0,1,0,0,0,0,0,100,0,0.005,97.285,97.285,97.285,0,1,97.28,200,0,0,"",0
"2025-03-11","COAK25","COA","COA","COA",0,"2025-06-02",0,1,0,0,0,0,0,100,0,0.035,97.385,97.385,97.385,0,1,97.365,300,0,0,"",0
"2025-03-11","COAM25","COA","COA","COA",0,"2025-07-02",0,1,0,0,0,0,0,0,0,0,0,0,0,0,0,97.445,0,0,0,"",0
"2025-03-12","COAH25","COA","COA","COA",0,"2025-04-01",0,1,0,0,0,0,0,0,0,0,0,0,0,0,0,97.1425,200,0,0,"",0
"2025-03-12","COAJ25","COA","COA","COA",0,"2025-05-01",0,1,0,0,0,0,0,100,0,0.025,97.305,97.305,97.305,0,1,97.29,300,0,0,"",0
"2025-03-12","COAK25","COA","COA","COA",0,"2025-06-02",0,1,0,0,0,0,0,200,0,-0.02,97.345,97.345,97.345,0,2,97.35,200,0,0,"",0
"2025-03-12","COAM25","COA","COA","COA",0,"2025-07-02",0,1,0,0,0,0,0,0,0,0,0,0,0,0,0,97.43,0,0,0,"",0
"2025-03-13","COAH25","COA","COA","COA",0,"2025-04-01",0,1,0,0,0,0,0,0,0,0,0,0,0,0,0,97.145,200,0,0,"",0
"2025-03-13","COAJ25","COA","COA","COA",0,"2025-05-01",0,1,0,0,0,0,0,0,0,0,0,0,0,0,0,97.295,200,0,0,"",0
"2025-03-13","COAK25","COA","COA","COA",0,"2025-06-02",0,1,0,0,0,0,0,0,0,0,0,0,0,0,0,97.36,0,0,0,"",0
"2025-03-13","COAM25","COA","COA","COA",0,"2025-07-02",0,1,0,0,0,0,0,0,0,0,0,0,0,0,0,97.44,0,0,0,"",0
"2025-03-14","COAH25","COA","COA","COA",0,"2025-04-01",0,1,0,0,0,0,0,100,0,-0.0025,97.1425,97.1425,97.1425,0,1,97.145,200,0,0,"",0
"2025-03-14","COAJ25","COA","COA","COA",0,"2025-05-01",0,1,0,0,0,0,0,0,0,0,0,0,0,0,0,97.295,200,0,0,"",0
"2025-03-14","COAK25","COA","COA","COA",0,"2025-06-02",0,1,0,0,0,0,0,100,0,-0.005,97.355,97.355,97.355,0,1,97.36,0,0,0,"",0
"2025-03-14","COAM25","COA","COA","COA",0,"2025-07-02",0,1,0,0,0,0,0,0,0,0,0,0,0,0,0,97.44,0,0,0,"",0
"2025-03-17","COAH25","COA","COA","COA",0,"2025-04-01",0,1,0,0,0,0,0,0,0,0,0,0,0,0,0,97.145,100,0,0,"",0
"2025-03-17","COAJ25","COA","COA","COA",0,"2025-05-01",0,1,0,0,0,0,0,0,0,0,0,0,0,0,0,97.29,200,0,0,"",0
"2025-03-17","COAK25","COA","COA","COA",0,"2025-06-02",0,1,0,0,0,0,0,0,0,0,0,0,0,0,0,97.35,100,0,0,"",0
"2025-03-17","COAM25","COA","COA","COA",0,"2025-07-02",0,1,0,0,0,0,0,0,0,0,0,0,0,0,0,97.43,0,0,0,"",0
"2025-03-18","COAH25","COA","COA","COA",0,"2025-04-01",0,1,0,0,0,0,0,0,0,0,0,0,0,0,0,97.145,100,0,0,"",0
"2025-03-18","COAJ25","COA","COA","COA",0,"2025-05-01",0,1,0,0,0,0,0,0,0,0,0,0,0,0,0,97.28,200,0,0,"",0
"2025-03-18","COAK25","COA","COA","COA",0,"2025-06-02",0,1,0,0,0,0,0,0,0,0,0,0,0,0,0,97.325,100,0,0,"",0
"2025-03-18","COAM25","COA","COA","COA",0,"2025-07-02",0,1,0,0,0,0,0,0,0,0,0,0,0,0,0,97.405,0,0,0,"",0
"2025-03-19","COAH25","COA","COA","COA",0,"2025-04-01",0,1,0,0,0,0,0,0,0,0,0,0,0,0,0,97.145,100,0,0,"",0
"2025-03-19","COAJ25","COA","COA","COA",0,"2025-05-01",0,1,0,0,0,0,0,0,0,0,0,0,0,0,0,97.28,200,0,0,"",0
"2025-03-19","COAK25","COA","COA","COA",0,"2025-06-02",0,1,0,0,0,0,0,0,0,0,0,0,0,0,0,97.325,100,0,0,"",0
"2025-03-19","COAM25","COA","COA","COA",0,"2025-07-02",0,1,0,0,0,0,0,0,0,0,0,0,0,0,0,97.405,0,0,0,"",0
"2025-03-20","COAH25","COA","COA","COA",0,"2025-04-01",0,1,0,0,0,0,0,0,0,0,0,0,0,0,0,97.145,100,0,0,"",0
"2025-03-20","COAJ25","COA","COA","COA",0,"2025-05-01",0,1,0,0,0,0,0,0,0,0,0,0,0,0,0,97.28,200,0,0,"",0
"2025-03-20","COAK25","COA","COA","COA",0,"2025-06-02",0,1,0,0,0,0,0,200,0,0,97.325,97.325,97.325,0,2,97.325,100,0,0,"",0
"2025-03-20","COAM25","COA","COA","COA",0,"2025-07-02",0,1,0,0,0,0,0,100,0,0.025,97.43,97.43,97.43,0,1,97.415,0,0,0,"",0
"2025-03-21","COAH25","COA","COA","COA",0,"2025-04-01",0,1,0,0,0,0,0,0,0,0,0,0,0,0,0,97.145,100,0,0,"",0
"2025-03-21","COAJ25","COA","COA","COA",0,"2025-05-01",0,1,0,0,0,0,0,0,0,0,0,0,0,0,0,97.28,200,0,0,"",0
"2025-03-21","COAK25","COA","COA","COA",0,"2025-06-02",0,1,0,0,0,0,0,0,0,0,0,0,0,0,0,97.325,100,0,0,"",0
"2025-03-21","COAM25","COA","COA","COA",0,"2025-07-02",0,1,0,0,0,0,0,0,0,0,0,0,0,0,0,97.42,100,0,0,"",0
"2025-03-24","COAH25","COA","COA","COA",0,"2025-04-01",0,1,0,0,0,0,0,0,0,0,0,0,0,0,0,97.145,100,0,0,"",0
"2025-03-24","COAJ25","COA","COA","COA",0,"2025-05-01",0,1,0,0,0,0,0,0,0,0,0,0,0,0,0,97.28,200,0,0,"",0
"2025-03-24","COAK25","COA","COA","COA",0,"2025-06-02",0,1,0,0,0,0,0,300,0,-0.005,97.31,97.32,97.31,0,3,97.32,100,0,0,"",0
"2025-03-24","COAM25","COA","COA","COA",0,"2025-07-02",0,1,0,0,0,0,0,0,0,0,0,0,0,0,0,97.415,100,0,0,"",0
"2025-03-25","COAH25","COA","COA","COA",0,"2025-04-01",0,1,0,0,0,0,0,0,0,0,0,0,0,0,0,97.145,100,0,0,"",0
"2025-03-25","COAJ25","COA","COA","COA",0,"2025-05-01",0,1,0,0,0,0,0,0,0,0,0,0,0,0,0,97.28,200,0,0,"",0
"2025-03-25","COAK25","COA","COA","COA",0,"2025-06-02",0,1,0,0,0,0,0,0,0,0,0,0,0,0,0,97.32,200,0,0,"",0
"2025-03-25","COAM25","COA","COA","COA",0,"2025-07-02",0,1,0,0,0,0,0,0,0,0,0,0,0,0,0,97.415,100,0,0,"",0
"2025-03-26","COAH25","COA","COA","COA",0,"2025-04-01",0,1,0,0,0,0,0,0,0,0,0,0,0,0,0,97.145,100,0,0,"",0
"2025-03-26","COAJ25","COA","COA","COA",0,"2025-05-01",0,1,0,0,0,0,0,0,0,0,0,0,0,0,0,97.28,200,0,0,"",0
"2025-03-26","COAK25","COA","COA","COA",0,"2025-06-02",0,1,0,0,0,0,0,100,0,0.005,97.325,97.325,97.325,0,1,97.32,200,0,0,"",0
"2025-03-26","COAM25","COA","COA","COA",0,"2025-07-02",0,1,0,0,0,0,0,0,0,0,0,0,0,0,0,97.415,100,0,0,"",0
"2025-03-27","COAH25","COA","COA","COA",0,"2025-04-01",0,1,0,0,0,0,0,0,0,0,0,0,0,0,0,97.145,100,0,0,"",0
"2025-03-27","COAJ25","COA","COA","COA",0,"2025-05-01",0,1,0,0,0,0,0,0,0,0,0,0,0,0,0,97.28,200,0,0,"",0
"2025-03-27","COAK25","COA","COA","COA",0,"2025-06-02",0,1,0,0,0,0,97.34,1,97.32,0.02,97.34,97.34,97.34,97,1,97.33,300,0,0,"",0
"2025-03-27","COAM25","COA","COA","COA",0,"2025-07-02",0,1,0,0,0,0,0,0,0,0,0,0,0,0,0,97.425,100,0,0,"",0
"2025-03-28","COAH25","COA","COA","COA",0,"2025-04-01",0,1,0,0,0,0,0,0,0,0,0,0,0,0,0,97.145,100,0,0,"",0
"2025-03-28","COAJ25","COA","COA","COA",0,"2025-05-01",0,1,0,0,0,0,0,0,0,0,0,0,0,0,0,97.28,200,0,0,"",0
"2025-03-28","COAK25","COA","COA","COA",0,"2025-06-02",0,1,0,0,0,0,0,200,0,-0.02,97.325,97.325,97.31,0,2,97.325,299,0,0,"",0
"2025-03-28","COAM25","COA","COA","COA",0,"2025-07-02",0,1,0,0,0,0,0,0,0,0,0,0,0,0,0,97.425,100,0,0,"",0
"2025-03-31","COAH25","COA","COA","COA",0,"2025-04-01",0,1,0,0,0,0,0,0,0,0,0,0,0,0,0,97.145,100,0,0,"",0
"2025-03-31","COAJ25","COA","COA","COA",0,"2025-05-01",0,1,0,0,0,0,0,0,0,0,0,0,0,0,0,97.275,200,0,0,"",0
"2025-03-31","COAK25","COA","COA","COA",0,"2025-06-02",0,1,0,0,0,0,0,0,0,0,0,0,0,0,0,97.32,99,0,0,"",0
"2025-03-31","COAM25","COA","COA","COA",0,"2025-07-02",0,1,0,0,0,0,0,0,0,0,0,0,0,0,0,97.425,100,0,0,"",0
"2025-04-01","COAH25","COA","COA","COA",0,"2025-04-01",0,1,0,0,0,0,0,0,0,0,0,0,0,0,0,97.1463,100,0,0,"",0
"2025-04-01","COAJ25","COA","COA","COA",0,"2025-05-01",0,1,0,0,0,0,0,0,0,0,0,0,0,0,0,97.28,200,0,0,"",0
"2025-04-01","COAK25","COA","COA","COA",0,"2025-06-02",0,1,0,0,0,0,0,0,0,0,0,0,0,0,0,97.33,99,0,0,"",0
"2025-04-01","COAM25","COA","COA","COA",0,"2025-07-02",0,1,0,0,0,0,0,0,0,0,0,0,0,0,0,97.455,100,0,0,"",0
"2025-04-01","COAN25","COA","COA","COA",0,"2025-08-01",0,1,0,0,0,0,0,0,0,0,0,0,0,0,0,97.49,0,0,0,"",0
"2025-04-02","COAJ25","COA","COA","COA",0,"2025-05-01",0,1,0,0,0,0,0,0,0,0,0,0,0,0,0,97.28,200,0,0,"",0
"2025-04-02","COAK25","COA","COA","COA",0,"2025-06-02",0,1,0,0,0,0,0,0,0,0,0,0,0,0,0,97.335,99,0,0,"",0
"2025-04-02","COAM25","COA","COA","COA",0,"2025-07-02",0,1,0,0,0,0,0,100,0,0.005,97.46,97.46,97.46,0,1,97.46,100,0,0,"",0
"2025-04-02","COAN25","COA","COA","COA",0,"2025-08-01",0,1,0,0,0,0,0,0,0,0,0,0,0,0,0,97.495,0,0,0,"",0
"2025-04-03","COAJ25","COA","COA","COA",0,"2025-05-01",0,1,0,0,0,0,0,0,0,0,0,0,0,0,0,97.28,200,0,0,"",0
"2025-04-03","COAK25","COA","COA","COA",0,"2025-06-02",0,1,0,0,0,0,0,100,0,-0.02,97.315,97.315,97.315,0,1,97.335,99,0,0,"",0
"2025-04-03","COAM25","COA","COA","COA",0,"2025-07-02",0,1,0,0,0,0,0,300,0,0.015,97.43,97.475,97.43,0,3,97.475,200,0,0,"",0
"2025-04-03","COAN25","COA","COA","COA",0,"2025-08-01",0,1,0,0,0,0,0,0,0,0,0,0,0,0,0,97.51,0,0,0,"",0
"2025-04-04","COAJ25","COA","COA","COA",0,"2025-05-01",0,1,0,0,0,0,0,0,0,0,0,0,0,0,0,97.2875,200,0,0,"",0
"2025-04-04","COAK25","COA","COA","COA",0,"2025-06-02",0,1,0,0,0,0,0,200,0,0.04,97.395,97.395,97.375,0,2,97.365,1,0,0,"",0
"2025-04-04","COAM25","COA","COA","COA",0,"2025-07-02",0,1,0,0,0,0,0,700,0,0.03,97.54,97.56,97.49,0,7,97.505,100,0,0,"",0
"2025-04-04","COAN25","COA","COA","COA",0,"2025-08-01",0,1,0,0,0,0,0,0,0,0,0,0,0,0,0,97.54,0,0,0,"",0
"2025-04-07","COAJ25","COA","COA","COA",0,"2025-05-01",0,1,0,0,0,0,0,0,0,0,0,0,0,0,0,97.295,200,0,0,"",0
"2025-04-07","COAK25","COA","COA","COA",0,"2025-06-02",0,1,0,0,0,0,0,700,0,0.02,97.39,97.405,97.385,0,7,97.38,201,0,0,"",0
"2025-04-07","COAM25","COA","COA","COA",0,"2025-07-02",0,1,0,0,0,0,0,300,0,0.005,97.545,97.545,97.51,0,3,97.48,0,0,0,"",0
"2025-04-07","COAN25","COA","COA","COA",0,"2025-08-01",0,1,0,0,0,0,0,0,0,0,0,0,0,0,0,97.5,0,0,0,"",0
"2025-04-08","COAJ25","COA","COA","COA",0,"2025-05-01",0,1,0,0,0,0,0,0,0,0,0,0,0,0,0,97.3025,200,0,0,"",0
"2025-04-08","COAK25","COA","COA","COA",0,"2025-06-02",0,1,0,0,0,0,0,200,0,0.005,97.385,97.385,97.385,0,2,97.39,501,0,0,"",0
"2025-04-08","COAM25","COA","COA","COA",0,"2025-07-02",0,1,0,0,0,0,0,100,0,0.015,97.495,97.495,97.495,0,1,97.49,300,0,0,"",0
"2025-04-08","COAN25","COA","COA","COA",0,"2025-08-01",0,1,0,0,0,0,0,0,0,0,0,0,0,0,0,97.51,0,0,0,"",0
"2025-04-09","COAJ25","COA","COA","COA",0,"2025-05-01",0,1,0,0,0,0,0,0,0,0,0,0,0,0,0,97.2775,200,0,0,"",0
"2025-04-09","COAK25","COA","COA","COA",0,"2025-06-02",0,1,0,0,0,0,0,200,0,-0.075,97.33,97.33,97.315,0,2,97.32,301,0,0,"",0
"2025-04-09","COAM25","COA","COA","COA",0,"2025-07-02",0,1,0,0,0,0,0,200,0,0.005,97.5,97.5,97.495,0,2,97.38,400,0,0,"",0
"2025-04-09","COAN25","COA","COA","COA",0,"2025-08-01",0,1,0,0,0,0,0,0,0,0,0,0,0,0,0,97.395,0,0,0,"",0
"2025-04-10","COAJ25","COA","COA","COA",0,"2025-05-01",0,1,0,0,0,0,0,0,0,0,0,0,0,0,0,97.2775,200,0,0,"",0
"2025-04-10","COAK25","COA","COA","COA",0,"2025-06-02",0,1,0,0,0,0,0,300,0,0.005,97.315,97.325,97.315,0,3,97.325,501,0,0,"",0
"2025-04-10","COAM25","COA","COA","COA",0,"2025-07-02",0,1,0,0,0,0,0,300,0,0.035,97.405,97.415,97.405,0,3,97.41,400,0,0,"",0
"2025-04-10","COAN25","COA","COA","COA",0,"2025-08-01",0,1,0,0,0,0,0,0,0,0,0,0,0,0,0,97.425,0,0,0,"",0
"2025-04-11","COAJ25","COA","COA","COA",0,"2025-05-01",0,1,0,0,0,0,0,0,0,0,0,0,0,0,0,97.2775,200,0,0,"",0
"2025-04-11","COAK25","COA","COA","COA",0,"2025-06-02",0,1,0,0,0,0,0,0,0,0,0,0,0,0,0,97.325,601,0,0,"",0
"2025-04-11","COAM25","COA","COA","COA",0,"2025-07-02",0,1,0,0,0,0,0,200,0,-0.015,97.425,97.425,97.395,0,2,97.395,100,0,0,"",0
"2025-04-11","COAN25","COA","COA","COA",0,"2025-08-01",0,1,0,0,0,0,0,0,0,0,0,0,0,0,0,97.41,0,0,0,"",0
"2025-04-14","COAJ25","COA","COA","COA",0,"2025-05-01",0,1,0,0,0,0,0,4,0,0.0025,97.2825,97.2825,97.2675,0,4,97.2775,200,0,0,"",0
"2025-04-14","COAK25","COA","COA","COA",0,"2025-06-02",0,1,0,0,0,0,0,2,0,-0.01,97.325,97.325,97.315,0,2,97.325,601,0,0,"",0
"2025-04-14","COAM25","COA","COA","COA",0,"2025-07-02",0,1,0,0,0,0,0,0,0,0,0,0,0,0,0,97.405,100,0,0,"",0
"2025-04-14","COAN25","COA","COA","COA",0,"2025-08-01",0,1,0,0,0,0,0,0,0,0,0,0,0,0,0,97.42,0,0,0,"",0
"2025-04-15","COAJ25","COA","COA","COA",0,"2025-05-01",0,1,0,0,0,0,0,0,0,0,0,0,0,0,0,97.2775,202,0,0,"",0
"2025-04-15","COAK25","COA","COA","COA",0,"2025-06-02",0,1,0,0,0,0,0,450,0,0.015,97.355,97.355,97.335,0,5,97.33,603,0,0,"",0
"2025-04-15","COAM25","COA","COA","COA",0,"2025-07-02",0,1,0,0,0,0,0,100,0,0.02,97.425,97.425,97.425,0,1,97.43,100,0,0,"",0
"2025-04-15","COAN25","COA","COA","COA",0,"2025-08-01",0,1,0,0,0,0,0,0,0,0,0,0,0,0,0,97.445,0,0,0,"",0
"2025-04-16","COAJ25","COA","COA","COA",0,"2025-05-01",0,1,0,0,0,0,0,100,0,-0.0025,97.275,97.275,97.275,0,1,97.24,200,0,0,"",0
"2025-04-16","COAK25","COA","COA","COA",0,"2025-06-02",0,1,97.225,0,200,0,0,250,0,0,97.34,97.34,97.325,0,3,97.255,452,0,0,"",0
"2025-04-16","COAM25","COA","COA","COA",0,"2025-07-02",0,1,0,0,0,0,0,0,0,0,0,0,0,0,0,97.385,0,0,0,"",0
"2025-04-16","COAN25","COA","COA","COA",0,"2025-08-01",0,1,0,0,0,0,0,0,0,0,0,0,0,0,0,97.4,0,0,0,"",0
"2025-04-17","COAJ25","COA","COA","COA",0,"2025-05-01",0,1,97.2325,97.2425,100,100,0,0,0,0,0,0,0,0,0,97.24,300,0,0,"",0
"2025-04-17","COAK25","COA","COA","COA",0,"2025-06-02",0,1,97.245,97.255,100,100,0,0,0,0,0,0,0,0,0,97.255,502,0,0,"",0
"2025-04-17","COAM25","COA","COA","COA",0,"2025-07-02",0,1,97.38,97.39,100,100,0,0,0,0,0,0,0,0,0,97.385,0,0,0,"",0
"2025-04-17","COAN25","COA","COA","COA",0,"2025-08-01",0,1,97.39,97.415,100,100,0,0,0,0,0,0,0,0,0,97.4,0,0,0,"",0
"2025-04-21","COAJ25","COA","COA","COA",0,"2025-05-01",0,1,0,0,0,0,0,0,0,0,0,0,0,0,0,97.24,300,0,0,"",0
"2025-04-21","COAK25","COA","COA","COA",0,"2025-06-02",0,1,97.225,0,200,0,0,0,0,0,0,0,0,0,0,97.255,502,0,0,"",0
"2025-04-21","COAM25","COA","COA","COA",0,"2025-07-02",0,1,0,0,0,0,0,0,0,0,0,0,0,0,0,97.385,0,0,0,"",0
"2025-04-21","COAN25","COA","COA","COA",0,"2025-08-01",0,1,0,0,0,0,0,0,0,0,0,0,0,0,0,97.4,0,0,0,"",0
"2025-04-22","COAJ25","COA","COA","COA",0,"2025-05-01",0,1,0,0,0,0,0,0,0,0,0,0,0,0,0,97.24,300,0,0,"",0
"2025-04-22","COAK25","COA","COA","COA",0,"2025-06-02",0,1,97.225,0,200,0,0,0,0,0,0,0,0,0,0,97.255,502,0,0,"",0
"2025-04-22","COAM25","COA","COA","COA",0,"2025-07-02",0,1,0,0,0,0,0,0,0,0,0,0,0,0,0,97.38,0,0,0,"",0
"2025-04-22","COAN25","COA","COA","COA",0,"2025-08-01",0,1,0,0,0,0,0,0,0,0,0,0,0,0,0,97.395,0,0,0,"",0
"2025-04-23","COAJ25","COA","COA","COA",0,"2025-05-01",0,1,0,0,0,0,0,0,0,0,0,0,0,0,0,97.24,300,0,0,"",0
"2025-04-23","COAK25","COA","COA","COA",0,"2025-06-02",0,1,97.21,0,200,0,0,0,0,0,0,0,0,0,0,97.255,502,0,0,"",0
"2025-04-23","COAM25","COA","COA","COA",0,"2025-07-02",0,1,0,0,0,0,0,0,0,0,0,0,0,0,0,97.365,0,0,0,"",0
"2025-04-23","COAN25","COA","COA","COA",0,"2025-08-01",0,1,0,0,0,0,0,0,0,0,0,0,0,0,0,97.38,0,0,0,"",0
"2025-04-24","COAJ25","COA","COA","COA",0,"2025-05-01",0,1,0,0,0,0,0,0,0,0,0,0,0,0,0,97.24,300,0,0,"",0
"2025-04-24","COAK25","COA","COA","COA",0,"2025-06-02",0,1,97.21,0,200,0,0,0,0,0,0,0,0,0,0,97.255,502,0,0,"",0
"2025-04-24","COAM25","COA","COA","COA",0,"2025-07-02",0,1,0,0,0,0,0,0,0,0,0,0,0,0,0,97.365,0,0,0,"",0
"2025-04-24","COAN25","COA","COA","COA",0,"2025-08-01",0,1,0,0,0,0,0,0,0,0,0,0,0,0,0,97.38,0,0,0,"",0
"2025-04-25","COAJ25","COA","COA","COA",0,"2025-05-01",0,1,0,0,0,0,0,0,0,0,0,0,0,0,0,97.24,300,0,0,"",0
"2025-04-25","COAK25","COA","COA","COA",0,"2025-06-02",0,1,97.21,0,200,0,0,0,0,0,0,0,0,0,0,97.255,502,0,0,"",0
"2025-04-25","COAM25","COA","COA","COA",0,"2025-07-02",0,1,0,0,0,0,0,0,0,0,0,0,0,0,0,97.365,0,0,0,"",0
"2025-04-25","COAN25","COA","COA","COA",0,"2025-08-01",0,1,0,0,0,0,0,0,0,0,0,0,0,0,0,97.38,0,0,0,"",0
"2025-04-28","COAJ25","COA","COA","COA",0,"2025-05-01",0,1,0,0,0,0,0,300,0,-0.0025,97.2375,97.2375,97.2375,0,3,97.24,300,0,0,"",0
"2025-04-28","COAK25","COA","COA","COA",0,"2025-06-02",0,1,97.21,0,200,0,0,0,0,0,0,0,0,0,0,97.255,502,0,0,"",0
"2025-04-28","COAM25","COA","COA","COA",0,"2025-07-02",0,1,0,0,0,0,0,0,0,0,0,0,0,0,0,97.365,0,0,0,"",0
"2025-04-28","COAN25","COA","COA","COA",0,"2025-08-01",0,1,0,0,0,0,0,0,0,0,0,0,0,0,0,97.38,0,0,0,"",0
"2025-04-29","COAJ25","COA","COA","COA",0,"2025-05-01",0,1,0,0,0,0,0,0,0,0,0,0,0,0,0,97.24,0,0,0,"",0
"2025-04-29","COAK25","COA","COA","COA",0,"2025-06-02",0,1,97.21,0,200,0,0,0,0,0,0,0,0,0,0,97.255,502,0,0,"",0
"2025-04-29","COAM25","COA","COA","COA",0,"2025-07-02",0,1,0,0,0,0,0,0,0,0,0,0,0,0,0,97.365,0,0,0,"",0
"2025-04-29","COAN25","COA","COA","COA",0,"2025-08-01",0,1,0,0,0,0,0,0,0,0,0,0,0,0,0,97.38,0,0,0,"",0
"2025-04-30","COAJ25","COA","COA","COA",0,"2025-05-01",0,1,0,0,0,0,0,0,0,0,0,0,0,0,0,97.24,0,0,0,"",0
"2025-04-30","COAK25","COA","COA","COA",0,"2025-06-02",0,1,97.21,0,200,0,0,0,0,0,0,0,0,0,0,97.255,502,0,0,"",0
"2025-04-30","COAM25","COA","COA","COA",0,"2025-07-02",0,1,0,0,0,0,0,0,0,0,0,0,0,0,0,97.375,0,0,0,"",0
"2025-04-30","COAN25","COA","COA","COA",0,"2025-08-01",0,1,0,0,0,0,0,0,0,0,0,0,0,0,0,97.39,0,0,0,"",0
"2025-05-01","COAJ25","COA","COA","COA",0,"2025-05-01",0,1,0,0,0,0,0,0,0,0,0,0,0,0,0,97.2371,0,0,0,"",0
"2025-05-01","COAK25","COA","COA","COA",0,"2025-06-02",0,1,97.21,0,200,0,0,0,0,0,0,0,0,0,0,97.255,502,0,0,"",0
"2025-05-01","COAM25","COA","COA","COA",0,"2025-07-02",0,1,0,0,0,0,0,0,0,0,0,0,0,0,0,97.38,0,0,0,"",0
"2025-05-01","COAN25","COA","COA","COA",0,"2025-08-01",0,1,0,0,0,0,0,20,0,0.02,97.41,97.41,97.41,0,1,97.4,0,0,0,"",0
"2025-05-01","COAQ25","COA","COA","COA",0,"2025-09-02",0,1,0,0,0,0,0,0,0,0,0,0,0,0,0,97.52,0,0,0,"",0
"2025-05-02","COAK25","COA","COA","COA",0,"2025-06-02",0,1,97.21,0,200,0,0,0,0,0,0,0,0,0,0,97.255,502,0,0,"",0
"2025-05-02","COAM25","COA","COA","COA",0,"2025-07-02",0,1,0,0,0,0,0,0,0,0,0,0,0,0,0,97.375,0,0,0,"",0
"2025-05-02","COAN25","COA","COA","COA",0,"2025-08-01",0,1,0,0,0,0,0,0,0,0,0,0,0,0,0,97.395,20,0,0,"",0
"2025-05-02","COAQ25","COA","COA","COA",0,"2025-09-02",0,1,0,0,0,0,0,0,0,0,0,0,0,0,0,97.515,0,0,0,"",0
"2025-05-05","COAK25","COA","COA","COA",0,"2025-06-02",0,1,97.21,0,200,0,0,0,0,0,0,0,0,0,0,97.255,502,0,0,"",0
"2025-05-05","COAM25","COA","COA","COA",0,"2025-07-02",0,1,0,0,0,0,0,0,0,0,0,0,0,0,0,97.375,0,0,0,"",0
"2025-05-05","COAN25","COA","COA","COA",0,"2025-08-01",0,1,0,0,0,0,0,0,0,0,0,0,0,0,0,97.395,20,0,0,"",0
"2025-05-05","COAQ25","COA","COA","COA",0,"2025-09-02",0,1,0,0,0,0,0,0,0,0,0,0,0,0,0,97.515,0,0,0,"",0
"2025-05-06","COAK25","COA","COA","COA",0,"2025-06-02",0,1,97.21,0,200,0,0,0,0,0,0,0,0,0,0,97.255,502,0,0,"",0
"2025-05-06","COAM25","COA","COA","COA",0,"2025-07-02",0,1,0,0,0,0,0,0,0,0,0,0,0,0,0,97.375,0,0,0,"",0
"2025-05-06","COAN25","COA","COA","COA",0,"2025-08-01",0,1,0,0,0,0,0,100,0,-0.005,97.39,97.39,97.39,0,1,97.395,20,0,0,"",0
"2025-05-06","COAQ25","COA","COA","COA",0,"2025-09-02",0,1,0,0,0,0,0,0,0,0,0,0,0,0,0,97.515,0,0,0,"",0
"2025-05-07","COAK25","COA","COA","COA",0,"2025-06-02",0,1,97.21,0,200,0,0,0,0,0,0,0,0,0,0,97.255,502,0,0,"",0
"2025-05-07","COAM25","COA","COA","COA",0,"2025-07-02",0,1,0,0,0,0,0,0,0,0,0,0,0,0,0,97.375,0,0,0,"",0
"2025-05-07","COAN25","COA","COA","COA",0,"2025-08-01",0,1,0,0,0,0,0,0,0,0,0,0,0,0,0,97.395,100,0,0,"",0
"2025-05-07","COAQ25","COA","COA","COA",0,"2025-09-02",0,1,0,0,0,0,0,0,0,0,0,0,0,0,0,97.515,0,0,0,"",0
"2025-05-08","COAK25","COA","COA","COA",0,"2025-06-02",0,1,97.21,0,200,0,0,0,0,0,0,0,0,0,0,97.255,502,0,0,"",0
"2025-05-08","COAM25","COA","COA","COA",0,"2025-07-02",0,1,0,0,0,0,0,0,0,0,0,0,0,0,0,97.36,0,0,0,"",0
"2025-05-08","COAN25","COA","COA","COA",0,"2025-08-01",0,1,0,0,0,0,0,0,0,0,0,0,0,0,0,97.375,100,0,0,"",0
"2025-05-08","COAQ25","COA","COA","COA",0,"2025-09-02",0,1,0,0,0,0,0,0,0,0,0,0,0,0,0,97.48,0,0,0,"",0
"2025-05-09","COAK25","COA","COA","COA",0,"2025-06-02",0,1,97.21,0,200,0,0,0,0,0,0,0,0,0,0,97.255,502,0,0,"",0
"2025-05-09","COAM25","COA","COA","COA",0,"2025-07-02",0,1,0,0,0,0,0,200,0,0.03,97.37,97.39,97.37,0,2,97.39,0,0,0,"",0
"2025-05-09","COAN25","COA","COA","COA",0,"2025-08-01",0,1,0,0,0,0,0,0,0,0,0,0,0,0,0,97.415,100,0,0,"",0
"2025-05-09","COAQ25","COA","COA","COA",0,"2025-09-02",0,1,0,0,0,0,0,0,0,0,0,0,0,0,0,97.525,0,0,0,"",0
"2025-05-12","COAK25","COA","COA","COA",0,"2025-06-02",0,1,97.21,0,200,0,0,0,0,0,0,0,0,0,0,97.255,502,0,0,"",0
"2025-05-12","COAM25","COA","COA","COA",0,"2025-07-02",0,1,0,0,0,0,0,0,0,0,0,0,0,0,0,97.385,200,0,0,"",0
"2025-05-12","COAN25","COA","COA","COA",0,"2025-08-01",0,1,0,0,0,0,0,0,0,0,0,0,0,0,0,97.4,100,0,0,"",0
"2025-05-12","COAQ25","COA","COA","COA",0,"2025-09-02",0,1,0,0,0,0,0,0,0,0,0,0,0,0,0,97.51,0,0,0,"",0
"2025-05-13","COAK25","COA","COA","COA",0,"2025-06-02",0,1,97.21,0,200,0,0,0,0,0,0,0,0,0,0,97.255,502,0,0,"",0
"2025-05-13","COAM25","COA","COA","COA",0,"2025-07-02",0,1,0,0,0,0,0,0,0,0,0,0,0,0,0,97.385,200,0,0,"",0
"2025-05-13","COAN25","COA","COA","COA",0,"2025-08-01",0,1,0,0,0,0,0,0,0,0,0,0,0,0,0,97.4,100,0,0,"",0
"2025-05-13","COAQ25","COA","COA","COA",0,"2025-09-02",0,1,0,0,0,0,0,0,0,0,0,0,0,0,0,97.51,0,0,0,"",0
"2025-05-14","COAK25","COA","COA","COA",0,"2025-06-02",0,1,97.21,0,200,0,0,0,0,0,0,0,0,0,0,97.255,502,0,0,"",0
"2025-05-14","COAM25","COA","COA","COA",0,"2025-07-02",0,1,0,0,0,0,0,0,0,0,0,0,0,0,0,97.385,200,0,0,"",0
"2025-05-14","COAN25","COA","COA","COA",0,"2025-08-01",0,1,0,0,0,0,0,0,0,0,0,0,0,0,0,97.4,100,0,0,"",0
"2025-05-14","COAQ25","COA","COA","COA",0,"2025-09-02",0,1,0,0,0,0,0,0,0,0,0,0,0,0,0,97.51,0,0,0,"",0
"2025-05-15","COAK25","COA","COA","COA",0,"2025-06-02",0,1,97.21,0,200,0,0,0,0,0,0,0,0,0,0,97.255,502,0,0,"",0
"2025-05-15","COAM25","COA","COA","COA",0,"2025-07-02",0,1,0,0,0,0,0,0,0,0,0,0,0,0,0,97.4,200,0,0,"",0
"2025-05-15","COAN25","COA","COA","COA",0,"2025-08-01",0,1,0,0,0,0,0,0,0,0,0,0,0,0,0,97.415,100,0,0,"",0
"2025-05-15","COAQ25","COA","COA","COA",0,"2025-09-02",0,1,0,0,0,0,0,0,0,0,0,0,0,0,0,97.53,0,0,0,"",0
"2025-05-16","COAK25","COA","COA","COA",0,"2025-06-02",0,1,97.245,97.26,100,100,0,0,0,0,0,0,0,0,0,97.255,502,0,0,"",0
"2025-05-16","COAM25","COA","COA","COA",0,"2025-07-02",0,1,97.39,97.405,100,100,0,0,0,0,0,0,0,0,0,97.4,200,0,0,"",0
"2025-05-16","COAN25","COA","COA","COA",0,"2025-08-01",0,1,97.41,97.425,100,100,0,0,0,0,0,0,0,0,0,97.415,100,0,0,"",0
"2025-05-16","COAQ25","COA","COA","COA",0,"2025-09-02",0,1,97.525,97.555,100,100,0,0,0,0,0,0,0,0,0,97.53,0,0,0,"",0
"2025-05-20","COAK25","COA","COA","COA",0,"2025-06-02",0,1,97,0,200,0,0,0,0,0,0,0,0,0,0,97.255,502,0,0,"",0
"2025-05-20","COAM25","COA","COA","COA",0,"2025-07-02",0,1,0,0,0,0,0,100,0,-0.025,97.375,97.375,97.375,0,1,97.325,200,0,0,"",0
"2025-05-20","COAN25","COA","COA","COA",0,"2025-08-01",0,1,0,0,0,0,0,0,0,0,0,0,0,0,0,97.34,100,0,0,"",0
"2025-05-20","COAQ25","COA","COA","COA",0,"2025-09-02",0,1,0,0,0,0,0,0,0,0,0,0,0,0,0,97.45,0,0,0,"",0
"2025-05-21","COAK25","COA","COA","COA",0,"2025-06-02",0,1,97,0,200,0,0,0,0,0,0,0,0,0,0,97.2525,502,0,0,"",0
"2025-05-21","COAM25","COA","COA","COA",0,"2025-07-02",0,1,0,0,0,0,0,0,0,0,0,0,0,0,0,97.32,100,0,0,"",0
"2025-05-21","COAN25","COA","COA","COA",0,"2025-08-01",0,1,0,0,0,0,0,0,0,0,0,0,0,0,0,97.33,100,0,0,"",0
"2025-05-21","COAQ25","COA","COA","COA",0,"2025-09-02",0,1,0,0,0,0,0,0,0,0,0,0,0,0,0,97.43,0,0,0,"",0
"2025-05-22","COAK25","COA","COA","COA",0,"2025-06-02",0,1,97,0,200,0,0,0,0,0,0,0,0,0,0,97.25,502,0,0,"",0
"2025-05-22","COAM25","COA","COA","COA",0,"2025-07-02",0,1,0,0,0,0,0,100,0,-0.01,97.31,97.31,97.31,0,1,97.315,100,0,0,"",0
"2025-05-22","COAN25","COA","COA","COA",0,"2025-08-01",0,1,0,0,0,0,0,0,0,0,0,0,0,0,0,97.325,100,0,0,"",0
"2025-05-22","COAQ25","COA","COA","COA",0,"2025-09-02",0,1,0,0,0,0,0,0,0,0,0,0,0,0,0,97.415,0,0,0,"",0
"2025-05-23","COAK25","COA","COA","COA",0,"2025-06-02",0,1,97,0,200,0,0,0,0,0,0,0,0,0,0,97.25,502,0,0,"",0
"2025-05-23","COAM25","COA","COA","COA",0,"2025-07-02",0,1,0,0,0,0,0,0,0,0,0,0,0,0,0,97.31,0,0,0,"",0
"2025-05-23","COAN25","COA","COA","COA",0,"2025-08-01",0,1,0,0,0,0,0,0,0,0,0,0,0,0,0,97.32,100,0,0,"",0
"2025-05-23","COAQ25","COA","COA","COA",0,"2025-09-02",0,1,0,0,0,0,0,0,0,0,0,0,0,0,0,97.41,0,0,0,"",0
"2025-05-26","COAK25","COA","COA","COA",0,"2025-06-02",0,1,97,0,200,0,0,0,0,0,0,0,0,0,0,97.25,502,0,0,"",0
"2025-05-26","COAM25","COA","COA","COA",0,"2025-07-02",0,1,0,0,0,0,0,0,0,0,0,0,0,0,0,97.31,0,0,0,"",0
"2025-05-26","COAN25","COA","COA","COA",0,"2025-08-01",0,1,0,0,0,0,0,0,0,0,0,0,0,0,0,97.32,100,0,0,"",0
"2025-05-26","COAQ25","COA","COA","COA",0,"2025-09-02",0,1,0,0,0,0,0,0,0,0,0,0,0,0,0,97.41,0,0,0,"",0
"2025-05-27","COAK25","COA","COA","COA",0,"2025-06-02",0,1,97,0,200,0,0,0,0,0,0,0,0,0,0,97.25,502,0,0,"",0
"2025-05-27","COAM25","COA","COA","COA",0,"2025-07-02",0,1,0,0,0,0,0,0,0,0,0,0,0,0,0,97.31,0,0,0,"",0
"2025-05-27","COAN25","COA","COA","COA",0,"2025-08-01",0,1,0,0,0,0,0,0,0,0,0,0,0,0,0,97.32,100,0,0,"",0
"2025-05-27","COAQ25","COA","COA","COA",0,"2025-09-02",0,1,0,0,0,0,0,0,0,0,0,0,0,0,0,97.41,0,0,0,"",0
"2025-05-28","COAK25","COA","COA","COA",0,"2025-06-02",0,1,97,0,200,0,0,0,0,0,0,0,0,0,0,97.25,502,0,0,"",0
"2025-05-28","COAM25","COA","COA","COA",0,"2025-07-02",0,1,97.305,0,100,0,0,0,0,0,0,0,0,0,0,97.31,0,0,0,"",0
"2025-05-28","COAN25","COA","COA","COA",0,"2025-08-01",0,1,97.31,0,100,0,0,0,0,0,0,0,0,0,0,97.32,100,0,0,"",0
"2025-05-28","COAQ25","COA","COA","COA",0,"2025-09-02",0,1,0,0,0,0,0,0,0,0,0,0,0,0,0,97.41,0,0,0,"",0
"2025-05-29","COAK25","COA","COA","COA",0,"2025-06-02",0,1,97,0,200,0,0,0,0,0,0,0,0,0,0,97.25,502,0,0,"",0
"2025-05-29","COAM25","COA","COA","COA",0,"2025-07-02",0,1,0,0,0,0,0,0,0,0,0,0,0,0,0,97.31,0,0,0,"",0
"2025-05-29","COAN25","COA","COA","COA",0,"2025-08-01",0,1,0,0,0,0,0,0,0,0,0,0,0,0,0,97.32,100,0,0,"",0
"2025-05-29","COAQ25","COA","COA","COA",0,"2025-09-02",0,1,0,0,0,0,0,0,0,0,0,0,0,0,0,97.41,0,0,0,"",0
"2025-05-30","COAK25","COA","COA","COA",0,"2025-06-02",0,1,0,0,0,0,0,0,0,0,0,0,0,0,0,97.25,502,0,0,"",0
"2025-05-30","COAM25","COA","COA","COA",0,"2025-07-02",0,1,0,0,0,0,0,0,0,0,0,0,0,0,0,97.3,0,0,0,"",0
"2025-05-30","COAN25","COA","COA","COA",0,"2025-08-01",0,1,0,0,0,0,0,0,0,0,0,0,0,0,0,97.31,100,0,0,"",0
"2025-05-30","COAQ25","COA","COA","COA",0,"2025-09-02",0,1,0,0,0,0,0,0,0,0,0,0,0,0,0,97.4,0,0,0,"",0